// <auto-generated/>
// SPDX-License-Identifier: MPL-2.0
// Copyright (c) 2026 Henrik O. Sørensen
// This Source Code Form is subject to the terms of the Mozilla Public License, v. 2.0. If a copy of
// the MPL was not distributed with this file, You can obtain one at https://mozilla.org/MPL/2.0/.
// Generated from Unicode data files, which are under the Unicode License v3 (LICENSE.unicode).
// Written by Squint.Generator from the files under ucd/. Do not edit; regenerate.
#nullable enable

namespace Squint;

/// <summary>
/// The confusable prototypes, from confusables.txt.
/// </summary>
internal static class ConfusableData
{
    internal static readonly int[] Keys =
    [
        0x22, 0x25, 0x30, 0x31, 0x49, 0x60, 0x6D, 0x7C, 0xA0, 0xA2, 0xA5, 0xAF,
        0xB4, 0xB5, 0xB8, 0xC6, 0xC7, 0xD0, 0xD7, 0xD8, 0xE6, 0xE7, 0xF0, 0xF6,
        0xF8, 0xFE, 0x110, 0x111, 0x11A, 0x11B, 0x126, 0x127, 0x131, 0x132, 0x133, 0x13F,
        0x140, 0x141, 0x142, 0x146, 0x149, 0x14B, 0x150, 0x152, 0x153, 0x163, 0x166, 0x167,
        0x17F, 0x180, 0x181, 0x182, 0x183, 0x184, 0x187, 0x189, 0x18A, 0x18C, 0x18D, 0x191,
        0x192, 0x193, 0x196, 0x197, 0x198, 0x199, 0x19A, 0x19B, 0x19D, 0x19E, 0x19F, 0x1A0,
        0x1A1, 0x1A4, 0x1A5, 0x1A6, 0x1A7, 0x1AC, 0x1AD, 0x1AE, 0x1B3, 0x1B4, 0x1B5, 0x1B6,
        0x1B7, 0x1BB, 0x1BC, 0x1BD, 0x1BF, 0x1C0, 0x1C1, 0x1C3, 0x1C4, 0x1C5, 0x1C6, 0x1C7,
        0x1C8, 0x1C9, 0x1CA, 0x1CB, 0x1CC, 0x1CD, 0x1CE, 0x1CF, 0x1D0, 0x1D1, 0x1D2, 0x1D3,
        0x1D4, 0x1E4, 0x1E5, 0x1E6, 0x1E7, 0x1F1, 0x1F2, 0x1F3, 0x1F5, 0x1FE, 0x21A, 0x21B,
        0x21C, 0x222, 0x223, 0x224, 0x225, 0x226, 0x227, 0x23C, 0x23E, 0x241, 0x244, 0x246,
        0x247, 0x248, 0x249, 0x24D, 0x24E, 0x24F, 0x251, 0x253, 0x256, 0x257, 0x259, 0x25A,
        0x25B, 0x260, 0x261, 0x263, 0x266, 0x268, 0x269, 0x26A, 0x26B, 0x26D, 0x26E, 0x26F,
        0x271, 0x273, 0x275, 0x276, 0x27C, 0x27D, 0x282, 0x28B, 0x28F, 0x290, 0x292, 0x294,
        0x295, 0x2A0, 0x2A3, 0x2A4, 0x2A5, 0x2A6, 0x2A7, 0x2A8, 0x2A9, 0x2AA, 0x2AB, 0x2B3,
        0x2B9, 0x2BA, 0x2BB, 0x2BC, 0x2BD, 0x2BE, 0x2BF, 0x2C2, 0x2C3, 0x2C4, 0x2C6, 0x2C8,
        0x2CA, 0x2CB, 0x2D0, 0x2D3, 0x2D7, 0x2D8, 0x2D9, 0x2DA, 0x2DB, 0x2DC, 0x2DD, 0x2E1,
        0x2E2, 0x2E4, 0x2EE, 0x2F4, 0x2F6, 0x2F8, 0x2FB, 0x305, 0x30C, 0x30D, 0x310, 0x311,
        0x315, 0x317, 0x31A, 0x320, 0x321, 0x322, 0x327, 0x336, 0x337, 0x339, 0x340, 0x341,
        0x342, 0x343, 0x345, 0x347, 0x348, 0x357, 0x358, 0x366, 0x36E, 0x370, 0x374, 0x375,
        0x376, 0x377, 0x37A, 0x37B, 0x37D, 0x37E, 0x37F, 0x384, 0x387, 0x391, 0x392, 0x395,
        0x396, 0x397, 0x398, 0x399, 0x39A, 0x39B, 0x39C, 0x39D, 0x39F, 0x3A1, 0x3A3, 0x3A4,
        0x3A5, 0x3A7, 0x3B1, 0x3B2, 0x3B3, 0x3B4, 0x3B5, 0x3B7, 0x3B8, 0x3B9, 0x3BA, 0x3BD,
        0x3BF, 0x3C1, 0x3C3, 0x3C4, 0x3C5, 0x3C6, 0x3D0, 0x3D1, 0x3D2, 0x3D5, 0x3D6, 0x3DB,
        0x3DC, 0x3E4, 0x3E5, 0x3E8, 0x3E9, 0x3EC, 0x3ED, 0x3F0, 0x3F1, 0x3F2, 0x3F3, 0x3F4,
        0x3F5, 0x3F7, 0x3F8, 0x3F9, 0x3FA, 0x3FD, 0x3FF, 0x404, 0x405, 0x406, 0x408, 0x410,
        0x411, 0x412, 0x413, 0x415, 0x417, 0x419, 0x41A, 0x41B, 0x41C, 0x41D, 0x41E, 0x41F,
        0x420, 0x421, 0x422, 0x423, 0x424, 0x425, 0x42B, 0x42C, 0x42E, 0x430, 0x431, 0x432,
        0x433, 0x435, 0x437, 0x438, 0x43A, 0x43C, 0x43D, 0x43E, 0x43F, 0x440, 0x441, 0x442,
        0x443, 0x444, 0x445, 0x448, 0x44A, 0x44B, 0x44C, 0x44F, 0x454, 0x455, 0x456, 0x458,
        0x45B, 0x45D, 0x45F, 0x461, 0x462, 0x463, 0x470, 0x471, 0x472, 0x473, 0x474, 0x475,
        0x47C, 0x47D, 0x48A, 0x48B, 0x48C, 0x48D, 0x490, 0x491, 0x492, 0x493, 0x496, 0x497,
        0x498, 0x499, 0x49A, 0x49B, 0x49E, 0x49F, 0x4A2, 0x4A3, 0x4AA, 0x4AB, 0x4AC, 0x4AD,
        0x4AE, 0x4AF, 0x4B0, 0x4B1, 0x4B2, 0x4BB, 0x4BD, 0x4BE, 0x4BF, 0x4C0, 0x4C5, 0x4C6,
        0x4C7, 0x4C8, 0x4C9, 0x4CA, 0x4CB, 0x4CC, 0x4CD, 0x4CE, 0x4CF, 0x4D4, 0x4D5, 0x4D8,
        0x4D9, 0x4E0, 0x4E1, 0x4E8, 0x4E9, 0x501, 0x50A, 0x50C, 0x50D, 0x510, 0x511, 0x51B,
        0x51C, 0x51D, 0x53B, 0x544, 0x54A, 0x54C, 0x54D, 0x54F, 0x553, 0x555, 0x55A, 0x55D,
        0x561, 0x563, 0x566, 0x56E, 0x570, 0x572, 0x575, 0x578, 0x57A, 0x57C, 0x57D, 0x581,
        0x582, 0x584, 0x585, 0x587, 0x589, 0x59C, 0x59D, 0x5A4, 0x5A8, 0x5AD, 0x5AE, 0x5AF,
        0x5B4, 0x5B9, 0x5BA, 0x5C0, 0x5C1, 0x5C2, 0x5C3, 0x5C4, 0x5C5, 0x5D5, 0x5D8, 0x5D9,
        0x5DF, 0x5E1, 0x5F0, 0x5F1, 0x5F2, 0x5F3, 0x5F4, 0x609, 0x60A, 0x60D, 0x60F, 0x618,
        0x619, 0x61A, 0x623, 0x624, 0x625, 0x626, 0x627, 0x62B, 0x634, 0x63D, 0x63F, 0x647,
        0x64A, 0x64B, 0x64E, 0x64F, 0x652, 0x653, 0x656, 0x657, 0x658, 0x659, 0x65A, 0x65B,
        0x65C, 0x65D, 0x65F, 0x660, 0x661, 0x665, 0x667, 0x668, 0x66A, 0x66B, 0x66C, 0x66D,
        0x66E, 0x66F, 0x672, 0x673, 0x675, 0x676, 0x677, 0x678, 0x679, 0x67A, 0x67E, 0x681,
        0x685, 0x688, 0x68B, 0x68E, 0x68F, 0x691, 0x692, 0x698, 0x69E, 0x69F, 0x6A4, 0x6A7,
        0x6A8, 0x6A9, 0x6AA, 0x6AD, 0x6B4, 0x6B5, 0x6B7, 0x6BA, 0x6BB, 0x6BD, 0x6BE, 0x6C1,
        0x6C2, 0x6C3, 0x6C6, 0x6C7, 0x6C8, 0x6C9, 0x6CB, 0x6CC, 0x6CE, 0x6D0, 0x6D1, 0x6D2,
        0x6D4, 0x6D5, 0x6DF, 0x6E8, 0x6EC, 0x6EE, 0x6EF, 0x6F0, 0x6F1, 0x6F2, 0x6F3, 0x6F4,
        0x6F5, 0x6F6, 0x6F7, 0x6F8, 0x6F9, 0x6FD, 0x6FE, 0x6FF, 0x701, 0x702, 0x703, 0x704,
        0x740, 0x741, 0x742, 0x747, 0x751, 0x752, 0x756, 0x762, 0x763, 0x767, 0x768, 0x769,
        0x76C, 0x771, 0x772, 0x77E, 0x7C0, 0x7CA, 0x7EB, 0x7ED, 0x7EE, 0x7F3, 0x7F4, 0x7F5,
        0x7FA, 0x88F, 0x8A1, 0x8A4, 0x8A7, 0x8A8, 0x8A9, 0x8AE, 0x8AF, 0x8B0, 0x8B1, 0x8B2,
        0x8B6, 0x8B7, 0x8B9, 0x8BA, 0x8BB, 0x8BC, 0x8BD, 0x8BE, 0x8BF, 0x8C0, 0x8C1, 0x8C2,
        0x8E5, 0x8E8, 0x8EA, 0x8EB, 0x8ED, 0x8EE, 0x8F0, 0x8F1, 0x8F2, 0x8F3, 0x8F8, 0x8F9,
        0x8FA, 0x8FF, 0x900, 0x901, 0x902, 0x903, 0x904, 0x906, 0x908, 0x90D, 0x90E, 0x910,
        0x911, 0x912, 0x913, 0x914, 0x93B, 0x93C, 0x93F, 0x945, 0x947, 0x949, 0x952, 0x953,
        0x954, 0x956, 0x957, 0x965, 0x966, 0x967, 0x969, 0x972, 0x973, 0x974, 0x975, 0x97D,
        0x981, 0x986, 0x9BC, 0x9E0, 0x9E1, 0x9E6, 0x9EA, 0x9ED, 0x9F0, 0xA02, 0xA03, 0xA06,
        0xA07, 0xA08, 0xA09, 0xA0A, 0xA0F, 0xA10, 0xA14, 0xA15, 0xA1C, 0xA1F, 0xA20, 0xA24,
        0xA27, 0xA2B, 0xA2E, 0xA35, 0xA38, 0xA3C, 0xA3F, 0xA41, 0xA42, 0xA47, 0xA48, 0xA4B,
        0xA4D, 0xA66, 0xA67, 0xA6A, 0xA72, 0xA81, 0xA82, 0xA83, 0xA86, 0xA8D, 0xA8F, 0xA90,
        0xA91, 0xA93, 0xA94, 0xAAA, 0xAB0, 0xABC, 0xABD, 0xAC1, 0xAC2, 0xACD, 0xAE6, 0xAE8,
        0xAE9, 0xAEA, 0xAEB, 0xAEE, 0xAF0, 0xB01, 0xB03, 0xB06, 0xB20, 0xB3C, 0xB66, 0xB68,
        0xB82, 0xB8A, 0xB94, 0xB9C, 0xBB0, 0xBB8, 0xBBE, 0xBC8, 0xBCA, 0xBCB, 0xBCC, 0xBCD,
        0xBD7, 0xBE6, 0xBE7, 0xBE8, 0xBEA, 0xBEB, 0xBEC, 0xBED, 0xBEE, 0xBF0, 0xBF2, 0xBF4,
        0xBF5, 0xBF7, 0xBF8, 0xBFA, 0xC00, 0xC02, 0xC03, 0xC13, 0xC14, 0xC16, 0xC20, 0xC22,
        0xC25, 0xC2D, 0xC2E, 0xC37, 0xC39, 0xC42, 0xC44, 0xC60, 0xC61, 0xC66, 0xC81, 0xC82,
        0xC83, 0xC85, 0xC86, 0xC87, 0xC90, 0xC92, 0xC93, 0xC94, 0xC97, 0xC9C, 0xC9D, 0xC9E,
        0xC9F, 0xCA3, 0xCA6, 0xCA8, 0xCAF, 0xCB0, 0xCB1, 0xCB2, 0xCB3, 0xCBF, 0xCC1, 0xCC3,
        0xCDC, 0xCE1, 0xCE6, 0xCE7, 0xCE8, 0xCEF, 0xD01, 0xD02, 0xD03, 0xD08, 0xD09, 0xD0A,
        0xD0C, 0xD10, 0xD13, 0xD14, 0xD16, 0xD19, 0xD1C, 0xD1F, 0xD20, 0xD23, 0xD25, 0xD31,
        0xD34, 0xD36, 0xD3A, 0xD3F, 0xD40, 0xD42, 0xD43, 0xD46, 0xD47, 0xD48, 0xD4E, 0xD5A,
        0xD5F, 0xD61, 0xD66, 0xD6A, 0xD6B, 0xD6C, 0xD6D, 0xD6E, 0xD6F, 0xD76, 0xD79, 0xD7A,
        0xD7B, 0xD7C, 0xD7D, 0xD7E, 0xD82, 0xD83, 0xD8D, 0xD92, 0xD93, 0xDB5, 0xDB6, 0xDB9,
        0xDC0, 0xDC4, 0xDE9, 0xDEA, 0xDEB, 0xDEF, 0xE03, 0xE0B, 0xE0F, 0xE14, 0xE15, 0xE17,
        0xE21, 0xE26, 0xE33, 0xE41, 0xE45, 0xE4D, 0xE50, 0xE88, 0xE8D, 0xE9A, 0xE9B, 0xE9D,
        0xE9E, 0xE9F, 0xEB3, 0xEB8, 0xEB9, 0xEC8, 0xEC9, 0xECA, 0xECB, 0xECD, 0xED0, 0xEDC,
        0xEDD, 0xF00, 0xF02, 0xF03, 0xF0C, 0xF0E, 0xF1B, 0xF1E, 0xF1F, 0xF37, 0xF6A, 0xF77,
        0xF79, 0xF7B, 0xF7D, 0xFCE, 0xFD5, 0xFD6, 0x1000, 0x1002, 0x1004, 0x1010, 0x101D, 0x101F,
        0x1023, 0x1029, 0x102A, 0x1031, 0x1036, 0x1038, 0x1040, 0x104B, 0x105A, 0x1061, 0x1065, 0x1066,
        0x106F, 0x1070, 0x107E, 0x1081, 0x109E, 0x10A0, 0x10D7, 0x10D8, 0x10E7, 0x10F3, 0x10FF, 0x1101,
        0x1104, 0x1108, 0x110A, 0x110D, 0x1113, 0x1114, 0x1115, 0x1116, 0x1117, 0x1118, 0x1119, 0x111A,
        0x111B, 0x111C, 0x111D, 0x111E, 0x111F, 0x1120, 0x1121, 0x1122, 0x1123, 0x1124, 0x1125, 0x1126,
        0x1127, 0x1128, 0x1129, 0x112A, 0x112B, 0x112C, 0x112D, 0x112E, 0x112F, 0x1130, 0x1131, 0x1132,
        0x1133, 0x1134, 0x1135, 0x1136, 0x1137, 0x1138, 0x1139, 0x113A, 0x113B, 0x113D, 0x113F, 0x1141,
        0x1142, 0x1143, 0x1144, 0x1145, 0x1146, 0x1147, 0x1148, 0x1149, 0x114A, 0x114B, 0x114D, 0x114F,
        0x1151, 0x1152, 0x1153, 0x1156, 0x1157, 0x1158, 0x115A, 0x115B, 0x115C, 0x115D, 0x115E, 0x1162,
        0x1164, 0x1166, 0x1168, 0x116A, 0x116B, 0x116C, 0x116F, 0x1170, 0x1171, 0x1173, 0x1174, 0x1175,
        0x1176, 0x1177, 0x1178, 0x1179, 0x117A, 0x117B, 0x117C, 0x117D, 0x117E, 0x117F, 0x1180, 0x1181,
        0x1182, 0x1183, 0x1184, 0x1185, 0x1186, 0x1187, 0x1188, 0x1189, 0x118A, 0x118B, 0x118C, 0x118D,
        0x118E, 0x118F, 0x1190, 0x1191, 0x1192, 0x1193, 0x1194, 0x1195, 0x1196, 0x1197, 0x1198, 0x1199,
        0x119A, 0x119B, 0x119C, 0x119D, 0x119F, 0x11A0, 0x11A1, 0x11A2, 0x11A3, 0x11A4, 0x11A5, 0x11A6,
        0x11A7, 0x11A8, 0x11A9, 0x11AA, 0x11AB, 0x11AC, 0x11AD, 0x11AE, 0x11AF, 0x11B0, 0x11B1, 0x11B2,
        0x11B3, 0x11B4, 0x11B5, 0x11B6, 0x11B7, 0x11B8, 0x11B9, 0x11BA, 0x11BB, 0x11BC, 0x11BD, 0x11BE,
        0x11BF, 0x11C0, 0x11C1, 0x11C2, 0x11C3, 0x11C4, 0x11C5, 0x11C6, 0x11C7, 0x11C8, 0x11C9, 0x11CA,
        0x11CB, 0x11CC, 0x11CD, 0x11CE, 0x11CF, 0x11D0, 0x11D1, 0x11D2, 0x11D3, 0x11D4, 0x11D5, 0x11D6,
        0x11D7, 0x11D8, 0x11D9, 0x11DA, 0x11DB, 0x11DC, 0x11DD, 0x11DE, 0x11DF, 0x11E0, 0x11E1, 0x11E2,
        0x11E3, 0x11E4, 0x11E5, 0x11E6, 0x11E7, 0x11E8, 0x11E9, 0x11EA, 0x11EB, 0x11EC, 0x11ED, 0x11EE,
        0x11EF, 0x11F0, 0x11F1, 0x11F2, 0x11F3, 0x11F4, 0x11F5, 0x11F6, 0x11F7, 0x11F8, 0x11F9, 0x11FA,
        0x11FB, 0x11FC, 0x11FD, 0x11FE, 0x11FF, 0x1200, 0x1223, 0x1240, 0x1260, 0x1294, 0x12D0, 0x13A0,
        0x13A1, 0x13A2, 0x13A4, 0x13A5, 0x13A8, 0x13A9, 0x13AA, 0x13AB, 0x13AC, 0x13AE, 0x13B0, 0x13B1,
        0x13B3, 0x13B7, 0x13BB, 0x13BD, 0x13BE, 0x13BF, 0x13C0, 0x13C2, 0x13C3, 0x13C7, 0x13CB, 0x13CC,
        0x13CE, 0x13CF, 0x13D2, 0x13D4, 0x13D5, 0x13D9, 0x13DA, 0x13DE, 0x13DF, 0x13E2, 0x13E6, 0x13E7,
        0x13EB, 0x13EE, 0x13F0, 0x13F2, 0x13F3, 0x13F4, 0x13FB, 0x13FC, 0x1400, 0x1403, 0x140C, 0x140D,
        0x140E, 0x140F, 0x1410, 0x1411, 0x1412, 0x1413, 0x1414, 0x1415, 0x1417, 0x1418, 0x1419, 0x141A,
        0x1427, 0x142B, 0x142C, 0x142D, 0x142E, 0x142F, 0x1431, 0x1433, 0x1437, 0x1438, 0x143A, 0x143B,
        0x143C, 0x143D, 0x143E, 0x143F, 0x1440, 0x1441, 0x1442, 0x1443, 0x1444, 0x1445, 0x1446, 0x1447,
        0x144A, 0x144C, 0x144E, 0x1454, 0x1457, 0x1458, 0x1459, 0x145A, 0x145B, 0x145C, 0x145D, 0x145E,
        0x145F, 0x1460, 0x1461, 0x1462, 0x1463, 0x1464, 0x1467, 0x1468, 0x1469, 0x146A, 0x146D, 0x146F,
        0x1472, 0x1473, 0x1474, 0x1475, 0x1476, 0x1477, 0x1478, 0x1479, 0x147A, 0x147B, 0x147C, 0x147D,
        0x147E, 0x147F, 0x1480, 0x1481, 0x1485, 0x1486, 0x1487, 0x1488, 0x148D, 0x1492, 0x1493, 0x1494,
        0x1495, 0x1496, 0x1497, 0x1498, 0x1499, 0x149A, 0x149B, 0x149C, 0x149D, 0x149E, 0x149F, 0x14A5,
        0x14AA, 0x14AC, 0x14AD, 0x14AE, 0x14AF, 0x14B0, 0x14B1, 0x14B2, 0x14B3, 0x14B4, 0x14B5, 0x14B6,
        0x14B7, 0x14B8, 0x14B9, 0x14BF, 0x14C9, 0x14CA, 0x14CB, 0x14CC, 0x14CD, 0x14CE, 0x14D1, 0x14DC,
        0x14DD, 0x14DE, 0x14DF, 0x14E0, 0x14E1, 0x14E2, 0x14E3, 0x14E4, 0x14E5, 0x14E6, 0x14E7, 0x14E8,
        0x14E9, 0x14F6, 0x14F7, 0x14F8, 0x14F9, 0x14FA, 0x14FB, 0x14FC, 0x14FD, 0x14FE, 0x14FF, 0x1500,
        0x1501, 0x1502, 0x1503, 0x150C, 0x150D, 0x150E, 0x150F, 0x1517, 0x1518, 0x1519, 0x151A, 0x151B,
        0x151C, 0x151D, 0x151E, 0x151F, 0x1520, 0x1521, 0x1522, 0x1523, 0x1524, 0x152F, 0x1530, 0x1531,
        0x1532, 0x1533, 0x1534, 0x1535, 0x1536, 0x1537, 0x1538, 0x1539, 0x153A, 0x153B, 0x153C, 0x1540,
        0x1541, 0x154E, 0x154F, 0x155B, 0x155C, 0x1568, 0x1569, 0x1577, 0x157C, 0x157D, 0x157E, 0x157F,
        0x1580, 0x1581, 0x1582, 0x1583, 0x1584, 0x1585, 0x1587, 0x158E, 0x158F, 0x1590, 0x1591, 0x1592,
        0x1593, 0x1594, 0x15AF, 0x15B4, 0x15B5, 0x15B7, 0x15C4, 0x15C5, 0x15DE, 0x15EA, 0x15EF, 0x15F0,
        0x15F7, 0x1602, 0x1603, 0x1604, 0x1607, 0x1622, 0x1623, 0x1624, 0x162E, 0x162F, 0x1634, 0x1635,
        0x166D, 0x166E, 0x166F, 0x1670, 0x1671, 0x1672, 0x1673, 0x1674, 0x1675, 0x1676, 0x1677, 0x1678,
        0x1679, 0x167A, 0x167B, 0x167C, 0x167D, 0x1680, 0x16B2, 0x16B7, 0x16C1, 0x16C2, 0x16CC, 0x16D5,
        0x16D6, 0x16D8, 0x16E1, 0x16EB, 0x16EC, 0x16ED, 0x16F0, 0x1734, 0x1735, 0x178F, 0x17A3, 0x17B7,
        0x17B8, 0x17B9, 0x17BA, 0x17C6, 0x17CB, 0x17D3, 0x17D4, 0x17D5, 0x17D9, 0x17DA, 0x17E0, 0x1803,
        0x1809, 0x1855, 0x1896, 0x18B3, 0x18B6, 0x18B9, 0x18C2, 0x18C6, 0x18C7, 0x18C8, 0x18C9, 0x18CA,
        0x18CB, 0x18CC, 0x18CD, 0x18CE, 0x18CF, 0x18D0, 0x18D1, 0x18D2, 0x18D3, 0x18DB, 0x18DC, 0x18DD,
        0x18E0, 0x18E3, 0x18E4, 0x18E5, 0x18E8, 0x18EA, 0x18ED, 0x18F0, 0x18F2, 0x19D0, 0x19D1, 0x1A80,
        0x1A90, 0x1AA9, 0x1AAB, 0x1AB4, 0x1AB7, 0x1AD9, 0x1AE2, 0x1AE7, 0x1AE8, 0x1B52, 0x1B53, 0x1B58,
        0x1B5C, 0x1B5F, 0x1C3C, 0x1C7F, 0x1CD0, 0x1CD2, 0x1CD3, 0x1CD5, 0x1CD8, 0x1CD9, 0x1CDA, 0x1CDC,
        0x1CDD, 0x1CDE, 0x1CED, 0x1D04, 0x1D08, 0x1D0B, 0x1D0D, 0x1D0F, 0x1D10, 0x1D11, 0x1D14, 0x1D1C,
        0x1D20, 0x1D21, 0x1D22, 0x1D24, 0x1D26, 0x1D27, 0x1D28, 0x1D29, 0x1D2B, 0x1D3E, 0x1D52, 0x1D6B,
        0x1D6E, 0x1D6F, 0x1D70, 0x1D72, 0x1D73, 0x1D74, 0x1D75, 0x1D76, 0x1D78, 0x1D7B, 0x1D7C, 0x1D7D,
        0x1D7E, 0x1D7F, 0x1D83, 0x1D8C, 0x1D90, 0x1D9F, 0x1DA2, 0x1DBA, 0x1DBB, 0x1DE8, 0x1DEE, 0x1E43,
        0x1E9A, 0x1E9D, 0x1E9E, 0x1EFF, 0x1F7D, 0x1FBD, 0x1FBE, 0x1FBF, 0x1FC0, 0x1FEF, 0x1FF6, 0x1FFD,
        0x1FFE, 0x2000, 0x2001, 0x2002, 0x2003, 0x2004, 0x2005, 0x2006, 0x2007, 0x2008, 0x2009, 0x200A,
        0x2010, 0x2011, 0x2012, 0x2013, 0x2014, 0x2015, 0x2016, 0x2018, 0x2019, 0x201A, 0x201B, 0x201C,
        0x201D, 0x201F, 0x2022, 0x2024, 0x2025, 0x2026, 0x2027, 0x2028, 0x2029, 0x202F, 0x2030, 0x2031,
        0x2032, 0x2033, 0x2034, 0x2035, 0x2036, 0x2037, 0x2039, 0x203A, 0x203C, 0x203E, 0x2041, 0x2043,
        0x2044, 0x2047, 0x2048, 0x2049, 0x204E, 0x2052, 0x2053, 0x2057, 0x205A, 0x205D, 0x205E, 0x205F,
        0x2070, 0x2079, 0x20A1, 0x20A4, 0x20A5, 0x20A8, 0x20A9, 0x20AB, 0x20AC, 0x20AD, 0x20AE, 0x20B6,
        0x20BD, 0x20C1, 0x20DB, 0x2100, 0x2101, 0x2102, 0x2103, 0x2105, 0x2106, 0x2107, 0x2108, 0x2109,
        0x210A, 0x210B, 0x210C, 0x210D, 0x210E, 0x210F, 0x2110, 0x2111, 0x2112, 0x2113, 0x2115, 0x2116,
        0x2119, 0x211A, 0x211B, 0x211C, 0x211D, 0x2121, 0x2124, 0x2126, 0x2127, 0x2128, 0x2129, 0x212A,
        0x212C, 0x212D, 0x212E, 0x212F, 0x2130, 0x2131, 0x2133, 0x2134, 0x2135, 0x2136, 0x2137, 0x2138,
        0x2139, 0x213B, 0x213C, 0x213D, 0x213E, 0x213F, 0x2140, 0x2141, 0x2142, 0x2143, 0x2145, 0x2146,
        0x2147, 0x2148, 0x2149, 0x2160, 0x2161, 0x2162, 0x2163, 0x2164, 0x2165, 0x2166, 0x2167, 0x2168,
        0x2169, 0x216A, 0x216B, 0x216C, 0x216D, 0x216E, 0x216F, 0x2170, 0x2171, 0x2172, 0x2173, 0x2174,
        0x2175, 0x2176, 0x2177, 0x2178, 0x2179, 0x217A, 0x217B, 0x217C, 0x217D, 0x217E, 0x217F, 0x2183,
        0x2184, 0x2191, 0x2195, 0x21B5, 0x21BA, 0x21BE, 0x21BF, 0x21C4, 0x21CC, 0x2200, 0x2203, 0x2206,
        0x220F, 0x2211, 0x2212, 0x2214, 0x2215, 0x2216, 0x2217, 0x2218, 0x2219, 0x221E, 0x2223, 0x2225,
        0x2228, 0x2229, 0x222A, 0x222B, 0x222C, 0x222D, 0x222F, 0x2230, 0x2236, 0x2238, 0x223C, 0x2250,
        0x2251, 0x2257, 0x2259, 0x225A, 0x225E, 0x2263, 0x226A, 0x226B, 0x2282, 0x2283, 0x2295, 0x2296,
        0x2299, 0x229D, 0x22A4, 0x22A5, 0x22C0, 0x22C1, 0x22C2, 0x22C3, 0x22C4, 0x22C5, 0x22C8, 0x22D6,
        0x22D7, 0x22D8, 0x22D9, 0x22EE, 0x22EF, 0x22F4, 0x22FF, 0x2300, 0x2325, 0x2329, 0x232A, 0x2341,
        0x2359, 0x235A, 0x235C, 0x235F, 0x2361, 0x2362, 0x2363, 0x2364, 0x2365, 0x2368, 0x2369, 0x236B,
        0x236C, 0x2373, 0x2374, 0x2375, 0x2376, 0x2377, 0x2378, 0x2379, 0x237A, 0x237F, 0x239C, 0x239F,
        0x23A2, 0x23A5, 0x23AA, 0x23AE, 0x23C1, 0x23C2, 0x23C3, 0x23C6, 0x23E8, 0x23FC, 0x23FD, 0x23FE,
        0x244A, 0x2460, 0x2461, 0x2462, 0x2463, 0x2464, 0x2465, 0x2466, 0x2467, 0x2468, 0x2469, 0x2474,
        0x2475, 0x2476, 0x2477, 0x2478, 0x2479, 0x247A, 0x247B, 0x247C, 0x247D, 0x247E, 0x247F, 0x2480,
        0x2481, 0x2482, 0x2483, 0x2484, 0x2485, 0x2486, 0x2487, 0x2488, 0x2489, 0x248A, 0x248B, 0x248C,
        0x248D, 0x248E, 0x248F, 0x2490, 0x2491, 0x2492, 0x2493, 0x2494, 0x2495, 0x2496, 0x2497, 0x2498,
        0x2499, 0x249A, 0x249B, 0x249C, 0x249D, 0x249E, 0x249F, 0x24A0, 0x24A1, 0x24A2, 0x24A3, 0x24A4,
        0x24A5, 0x24A6, 0x24A7, 0x24A8, 0x24A9, 0x24AA, 0x24AB, 0x24AC, 0x24AD, 0x24AE, 0x24AF, 0x24B0,
        0x24B1, 0x24B2, 0x24B3, 0x24B4, 0x24B5, 0x24B8, 0x24C5, 0x24C7, 0x24DB, 0x24EA, 0x2500, 0x2501,
        0x2503, 0x250F, 0x2523, 0x256A, 0x2571, 0x2573, 0x2588, 0x2590, 0x2594, 0x2597, 0x259D, 0x25A0,
        0x25B1, 0x25B3, 0x25B7, 0x25B8, 0x25BA, 0x25BD, 0x25C1, 0x25C7, 0x25CA, 0x25CB, 0x25CE, 0x25E0,
        0x25E6, 0x2609, 0x2610, 0x2625, 0x2630, 0x2638, 0x264E, 0x2657, 0x265D, 0x2662, 0x2669, 0x266A,
        0x26AC, 0x2768, 0x2769, 0x276E, 0x276F, 0x2772, 0x2773, 0x2774, 0x2775, 0x2795, 0x2796, 0x2797,
        0x27C2, 0x27C8, 0x27C9, 0x27CB, 0x27CD, 0x27D9, 0x27E8, 0x27E9, 0x28FF, 0x292B, 0x292C, 0x2963,
        0x2965, 0x296E, 0x296F, 0x2999, 0x29B0, 0x29B5, 0x29BE, 0x29C4, 0x29C5, 0x29C7, 0x29D6, 0x29D9,
        0x29F4, 0x29F5, 0x29F6, 0x29F8, 0x29F9, 0x2A00, 0x2A01, 0x2A02, 0x2A03, 0x2A04, 0x2A05, 0x2A06,
        0x2A0C, 0x2A1D, 0x2A20, 0x2A21, 0x2A22, 0x2A23, 0x2A24, 0x2A25, 0x2A26, 0x2A27, 0x2A29, 0x2A2A,
        0x2A2F, 0x2A30, 0x2A3D, 0x2A3E, 0x2A3F, 0x2A6A, 0x2A6E, 0x2A74, 0x2A75, 0x2A76, 0x2AA5, 0x2AAA,
        0x2AAB, 0x2AD7, 0x2AFB, 0x2AFD, 0x2B96, 0x2BEC, 0x2BED, 0x2BEE, 0x2BEF, 0x2C67, 0x2C69, 0x2C82,
        0x2C83, 0x2C84, 0x2C85, 0x2C86, 0x2C88, 0x2C89, 0x2C8B, 0x2C8C, 0x2C8D, 0x2C8E, 0x2C8F, 0x2C90,
        0x2C91, 0x2C92, 0x2C93, 0x2C94, 0x2C95, 0x2C96, 0x2C97, 0x2C98, 0x2C99, 0x2C9A, 0x2C9B, 0x2C9C,
        0x2C9D, 0x2C9E, 0x2C9F, 0x2CA0, 0x2CA1, 0x2CA2, 0x2CA3, 0x2CA4, 0x2CA5, 0x2CA6, 0x2CA7, 0x2CA8,
        0x2CA9, 0x2CAA, 0x2CAB, 0x2CAC, 0x2CAD, 0x2CAE, 0x2CAF, 0x2CB0, 0x2CB1, 0x2CB2, 0x2CB3, 0x2CB4,
        0x2CB5, 0x2CB6, 0x2CB7, 0x2CBA, 0x2CBB, 0x2CBC, 0x2CBD, 0x2CC0, 0x2CC1, 0x2CC4, 0x2CC5, 0x2CC6,
        0x2CC7, 0x2CCA, 0x2CCB, 0x2CCC, 0x2CCD, 0x2CCE, 0x2CCF, 0x2CD0, 0x2CD1, 0x2CD2, 0x2CD3, 0x2CDC,
        0x2CDD, 0x2CE0, 0x2CE1, 0x2CE4, 0x2CE8, 0x2CE9, 0x2CF9, 0x2D31, 0x2D37, 0x2D38, 0x2D39, 0x2D3A,
        0x2D41, 0x2D48, 0x2D49, 0x2D4F, 0x2D51, 0x2D54, 0x2D55, 0x2D59, 0x2D5D, 0x2D60, 0x2D63, 0x2DE8,
        0x2DEA, 0x2DED, 0x2DEE, 0x2DEF, 0x2DF6, 0x2DF7, 0x2E1A, 0x2E1E, 0x2E1F, 0x2E26, 0x2E27, 0x2E28,
        0x2E29, 0x2E2A, 0x2E2B, 0x2E2C, 0x2E2E, 0x2E30, 0x2E31, 0x2E32, 0x2E35, 0x2E39, 0x2E3D, 0x2E3F,
        0x2E40, 0x2E82, 0x2E83, 0x2E85, 0x2E89, 0x2E8B, 0x2E8E, 0x2E8F, 0x2E90, 0x2E92, 0x2E93, 0x2E94,
        0x2E96, 0x2E97, 0x2E98, 0x2E99, 0x2E9B, 0x2E9E, 0x2E9F, 0x2EA0, 0x2EA1, 0x2EA2, 0x2EA3, 0x2EA4,
        0x2EA6, 0x2EA8, 0x2EAB, 0x2EAD, 0x2EAF, 0x2EB1, 0x2EB2, 0x2EB9, 0x2EBA, 0x2EBE, 0x2EBF, 0x2EC0,
        0x2EC1, 0x2EC2, 0x2EC3, 0x2EC4, 0x2EC5, 0x2EC8, 0x2EC9, 0x2ECB, 0x2ECC, 0x2ECD, 0x2ECF, 0x2ED0,
        0x2ED1, 0x2ED2, 0x2ED3, 0x2ED4, 0x2ED6, 0x2ED8, 0x2ED9, 0x2EDA, 0x2EDB, 0x2EDC, 0x2EDD, 0x2EDF,
        0x2EE0, 0x2EE2, 0x2EE4, 0x2EE5, 0x2EE8, 0x2EE9, 0x2EEB, 0x2EEC, 0x2EED, 0x2EEE, 0x2EEF, 0x2EF0,
        0x2EF2, 0x2EF3, 0x2F00, 0x2F01, 0x2F02, 0x2F03, 0x2F04, 0x2F05, 0x2F06, 0x2F07, 0x2F08, 0x2F09,
        0x2F0A, 0x2F0B, 0x2F0C, 0x2F0D, 0x2F0E, 0x2F0F, 0x2F10, 0x2F11, 0x2F12, 0x2F13, 0x2F14, 0x2F15,
        0x2F16, 0x2F17, 0x2F18, 0x2F19, 0x2F1A, 0x2F1B, 0x2F1C, 0x2F1D, 0x2F1E, 0x2F1F, 0x2F20, 0x2F21,
        0x2F22, 0x2F23, 0x2F24, 0x2F25, 0x2F26, 0x2F27, 0x2F28, 0x2F29, 0x2F2A, 0x2F2B, 0x2F2C, 0x2F2D,
        0x2F2E, 0x2F2F, 0x2F30, 0x2F31, 0x2F32, 0x2F33, 0x2F34, 0x2F35, 0x2F36, 0x2F37, 0x2F38, 0x2F39,
        0x2F3A, 0x2F3B, 0x2F3C, 0x2F3D, 0x2F3E, 0x2F3F, 0x2F40, 0x2F41, 0x2F42, 0x2F43, 0x2F44, 0x2F45,
        0x2F46, 0x2F47, 0x2F48, 0x2F49, 0x2F4A, 0x2F4B, 0x2F4C, 0x2F4D, 0x2F4E, 0x2F4F, 0x2F50, 0x2F51,
        0x2F52, 0x2F53, 0x2F54, 0x2F55, 0x2F56, 0x2F57, 0x2F58, 0x2F59, 0x2F5A, 0x2F5B, 0x2F5C, 0x2F5D,
        0x2F5E, 0x2F5F, 0x2F60, 0x2F61, 0x2F62, 0x2F63, 0x2F64, 0x2F65, 0x2F66, 0x2F67, 0x2F68, 0x2F69,
        0x2F6A, 0x2F6B, 0x2F6C, 0x2F6D, 0x2F6E, 0x2F6F, 0x2F70, 0x2F71, 0x2F72, 0x2F73, 0x2F74, 0x2F75,
        0x2F76, 0x2F77, 0x2F78, 0x2F79, 0x2F7A, 0x2F7B, 0x2F7C, 0x2F7D, 0x2F7E, 0x2F7F, 0x2F80, 0x2F81,
        0x2F82, 0x2F83, 0x2F84, 0x2F85, 0x2F86, 0x2F87, 0x2F88, 0x2F89, 0x2F8A, 0x2F8B, 0x2F8C, 0x2F8D,
        0x2F8E, 0x2F8F, 0x2F90, 0x2F91, 0x2F92, 0x2F93, 0x2F94, 0x2F95, 0x2F96, 0x2F97, 0x2F98, 0x2F99,
        0x2F9A, 0x2F9B, 0x2F9C, 0x2F9D, 0x2F9E, 0x2F9F, 0x2FA0, 0x2FA1, 0x2FA2, 0x2FA3, 0x2FA4, 0x2FA5,
        0x2FA6, 0x2FA7, 0x2FA8, 0x2FA9, 0x2FAA, 0x2FAB, 0x2FAC, 0x2FAD, 0x2FAE, 0x2FAF, 0x2FB0, 0x2FB1,
        0x2FB2, 0x2FB3, 0x2FB4, 0x2FB5, 0x2FB6, 0x2FB7, 0x2FB8, 0x2FB9, 0x2FBA, 0x2FBB, 0x2FBC, 0x2FBD,
        0x2FBE, 0x2FBF, 0x2FC0, 0x2FC1, 0x2FC2, 0x2FC3, 0x2FC4, 0x2FC5, 0x2FC6, 0x2FC7, 0x2FC8, 0x2FC9,
        0x2FCA, 0x2FCB, 0x2FCC, 0x2FCD, 0x2FCE, 0x2FCF, 0x2FD0, 0x2FD1, 0x2FD2, 0x2FD3, 0x2FD4, 0x2FD5,
        0x3002, 0x3003, 0x3007, 0x3008, 0x3009, 0x3012, 0x3014, 0x3015, 0x301A, 0x301B, 0x302C, 0x302D,
        0x3033, 0x3036, 0x3038, 0x3039, 0x303A, 0x304F, 0x309A, 0x309B, 0x309C, 0x30A0, 0x30A4, 0x30A8,
        0x30AB, 0x30BF, 0x30C8, 0x30CB, 0x30CE, 0x30CF, 0x30D8, 0x30ED, 0x30FB, 0x3126, 0x3131, 0x3132,
        0x3133, 0x3134, 0x3135, 0x3136, 0x3137, 0x3138, 0x3139, 0x313A, 0x313B, 0x313C, 0x313D, 0x313E,
        0x313F, 0x3140, 0x3141, 0x3142, 0x3143, 0x3144, 0x3145, 0x3146, 0x3147, 0x3148, 0x3149, 0x314A,
        0x314B, 0x314C, 0x314D, 0x314E, 0x314F, 0x3150, 0x3151, 0x3152, 0x3153, 0x3154, 0x3155, 0x3156,
        0x3157, 0x3158, 0x3159, 0x315A, 0x315B, 0x315C, 0x315D, 0x315E, 0x315F, 0x3160, 0x3161, 0x3162,
        0x3163, 0x3164, 0x3165, 0x3166, 0x3167, 0x3168, 0x3169, 0x316A, 0x316B, 0x316C, 0x316D, 0x316E,
        0x316F, 0x3170, 0x3171, 0x3172, 0x3173, 0x3174, 0x3175, 0x3176, 0x3177, 0x3178, 0x3179, 0x317A,
        0x317B, 0x317C, 0x317D, 0x317E, 0x317F, 0x3180, 0x3181, 0x3182, 0x3183, 0x3184, 0x3185, 0x3186,
        0x3187, 0x3188, 0x3189, 0x318A, 0x318B, 0x318C, 0x318D, 0x318E, 0x31D0, 0x31D1, 0x31D3, 0x31D4,
        0x31D6, 0x31DA, 0x31DB, 0x31DF, 0x31E0, 0x3200, 0x3201, 0x3202, 0x3203, 0x3204, 0x3205, 0x3206,
        0x3207, 0x3208, 0x3209, 0x320A, 0x320B, 0x320C, 0x320D, 0x320E, 0x320F, 0x3210, 0x3211, 0x3212,
        0x3213, 0x3214, 0x3215, 0x3216, 0x3217, 0x3218, 0x3219, 0x321A, 0x321B, 0x321C, 0x321D, 0x321E,
        0x3220, 0x3221, 0x3222, 0x3223, 0x3224, 0x3225, 0x3226, 0x3227, 0x3228, 0x3229, 0x322A, 0x322B,
        0x322C, 0x322D, 0x322E, 0x322F, 0x3230, 0x3231, 0x3232, 0x3233, 0x3234, 0x3235, 0x3236, 0x3237,
        0x3238, 0x3239, 0x323A, 0x323B, 0x323C, 0x323D, 0x323E, 0x323F, 0x3240, 0x3241, 0x3242, 0x3243,
        0x32C0, 0x32C1, 0x32C2, 0x32C3, 0x32C4, 0x32C5, 0x32C6, 0x32C7, 0x32C8, 0x32C9, 0x32CA, 0x32CB,
        0x3358, 0x3359, 0x335A, 0x335B, 0x335C, 0x335D, 0x335E, 0x335F, 0x3360, 0x3361, 0x3362, 0x3363,
        0x3364, 0x3365, 0x3366, 0x3367, 0x3368, 0x3369, 0x336A, 0x336B, 0x336C, 0x336D, 0x336E, 0x336F,
        0x3370, 0x33E0, 0x33E1, 0x33E2, 0x33E3, 0x33E4, 0x33E5, 0x33E6, 0x33E7, 0x33E8, 0x33E9, 0x33EA,
        0x33EB, 0x33EC, 0x33ED, 0x33EE, 0x33EF, 0x33F0, 0x33F1, 0x33F2, 0x33F3, 0x33F4, 0x33F5, 0x33F6,
        0x33F7, 0x33F8, 0x33F9, 0x33FA, 0x33FB, 0x33FC, 0x33FD, 0x33FE, 0x39B3, 0x439B, 0x4420, 0x4695,
        0x4E00, 0x4E15, 0x4E1B, 0x4E36, 0x4E3F, 0x4E8E, 0x4ECA, 0x5002, 0x503C, 0x5152, 0x535F, 0x5408,
        0x555F, 0x56D7, 0x586B, 0x58EB, 0x58FF, 0x5B00, 0x5E32, 0x5E50, 0x6138, 0x6238, 0x6409, 0x6663,
        0x6669, 0x66F6, 0x6726, 0x67FF, 0x69E9, 0x6A27, 0x6F59, 0x723F, 0x784F, 0x7D76, 0x80A6, 0x80CA,
        0x80D0, 0x80F6, 0x8101, 0x8127, 0x8141, 0x81A7, 0x853F, 0x8641, 0x8A1E, 0x8A7D, 0x8B8F, 0x8C63,
        0x8D86, 0x8DFA, 0x8E9B, 0x8F27, 0x90DE, 0x93AE, 0x9577, 0x96B8, 0x9E43, 0x9ED2, 0x9FC3, 0xA494,
        0xA49C, 0xA49E, 0xA4A7, 0xA4A8, 0xA4AC, 0xA4B0, 0xA4BA, 0xA4BE, 0xA4BF, 0xA4C0, 0xA4C2, 0xA4D0,
        0xA4D1, 0xA4D2, 0xA4D3, 0xA4D4, 0xA4D6, 0xA4D7, 0xA4D9, 0xA4DA, 0xA4DB, 0xA4DC, 0xA4DD, 0xA4DE,
        0xA4DF, 0xA4E0, 0xA4E1, 0xA4E2, 0xA4E3, 0xA4E5, 0xA4E6, 0xA4E7, 0xA4EA, 0xA4EB, 0xA4EC, 0xA4ED,
        0xA4EE, 0xA4EF, 0xA4F0, 0xA4F1, 0xA4F2, 0xA4F3, 0xA4F4, 0xA4F5, 0xA4F7, 0xA4F8, 0xA4F9, 0xA4FA,
        0xA4FB, 0xA4FD, 0xA4FE, 0xA4FF, 0xA60E, 0xA644, 0xA645, 0xA647, 0xA64D, 0xA650, 0xA651, 0xA668,
        0xA66F, 0xA67C, 0xA67E, 0xA695, 0xA698, 0xA699, 0xA69A, 0xA6A1, 0xA6B0, 0xA6B1, 0xA6CD, 0xA6CE,
        0xA6DB, 0xA6DF, 0xA6EB, 0xA6EF, 0xA6F0, 0xA6F1, 0xA6F4, 0xA714, 0xA716, 0xA728, 0xA729, 0xA731,
        0xA732, 0xA733, 0xA734, 0xA735, 0xA736, 0xA737, 0xA738, 0xA739, 0xA73A, 0xA73B, 0xA73C, 0xA73D,
        0xA740, 0xA74A, 0xA74B, 0xA74E, 0xA74F, 0xA75A, 0xA761, 0xA76A, 0xA76B, 0xA76E, 0xA777, 0xA778,
        0xA77A, 0xA789, 0xA78C, 0xA78F, 0xA795, 0xA798, 0xA799, 0xA79A, 0xA79B, 0xA79D, 0xA79E, 0xA79F,
        0xA7AB, 0xA7B1, 0xA7B2, 0xA7B3, 0xA7B4, 0xA7B5, 0xA7B6, 0xA7B7, 0xA7CF, 0xA7D2, 0xA7D4, 0xA7D6,
        0xA7DA, 0xA7DB, 0xA7DC, 0xA7F1, 0xA7F7, 0xA830, 0xA960, 0xA961, 0xA962, 0xA963, 0xA964, 0xA965,
        0xA966, 0xA967, 0xA968, 0xA969, 0xA96A, 0xA96B, 0xA96C, 0xA96D, 0xA96E, 0xA96F, 0xA970, 0xA971,
        0xA972, 0xA973, 0xA974, 0xA975, 0xA976, 0xA977, 0xA978, 0xA979, 0xA97A, 0xA97B, 0xA97C, 0xA992,
        0xA9A3, 0xA9C6, 0xA9CF, 0xAA53, 0xAA56, 0xAB32, 0xAB35, 0xAB3D, 0xAB3E, 0xAB3F, 0xAB41, 0xAB42,
        0xAB47, 0xAB48, 0xAB4D, 0xAB4E, 0xAB52, 0xAB53, 0xAB55, 0xAB5A, 0xAB60, 0xAB62, 0xAB63, 0xAB70,
        0xAB71, 0xAB72, 0xAB74, 0xAB75, 0xAB7A, 0xAB7B, 0xAB7C, 0xAB7E, 0xAB80, 0xAB81, 0xAB83, 0xAB87,
        0xAB8B, 0xAB8E, 0xAB90, 0xAB93, 0xAB9B, 0xAB9C, 0xAB9F, 0xABA2, 0xABA9, 0xABAA, 0xABAE, 0xABAF,
        0xABB2, 0xABB6, 0xABBB, 0xD7B0, 0xD7B1, 0xD7B2, 0xD7B3, 0xD7B4, 0xD7B5, 0xD7B6, 0xD7B7, 0xD7B8,
        0xD7B9, 0xD7BA, 0xD7BB, 0xD7BC, 0xD7BD, 0xD7BE, 0xD7BF, 0xD7C0, 0xD7C1, 0xD7C2, 0xD7C3, 0xD7C4,
        0xD7C5, 0xD7C6, 0xD7CB, 0xD7CC, 0xD7CD, 0xD7CE, 0xD7CF, 0xD7D0, 0xD7D1, 0xD7D2, 0xD7D3, 0xD7D4,
        0xD7D5, 0xD7D6, 0xD7D7, 0xD7D8, 0xD7D9, 0xD7DA, 0xD7DB, 0xD7DC, 0xD7DD, 0xD7DE, 0xD7DF, 0xD7E0,
        0xD7E1, 0xD7E2, 0xD7E3, 0xD7E4, 0xD7E5, 0xD7E6, 0xD7E7, 0xD7E8, 0xD7E9, 0xD7EA, 0xD7EB, 0xD7EC,
        0xD7ED, 0xD7EE, 0xD7EF, 0xD7F0, 0xD7F1, 0xD7F2, 0xD7F3, 0xD7F4, 0xD7F5, 0xD7F6, 0xD7F7, 0xD7F8,
        0xD7F9, 0xD7FA, 0xD7FB, 0xF900, 0xF901, 0xF902, 0xF903, 0xF904, 0xF905, 0xF906, 0xF907, 0xF908,
        0xF909, 0xF90A, 0xF90B, 0xF90C, 0xF90D, 0xF90E, 0xF90F, 0xF910, 0xF911, 0xF912, 0xF913, 0xF914,
        0xF915, 0xF916, 0xF917, 0xF918, 0xF919, 0xF91A, 0xF91B, 0xF91C, 0xF91D, 0xF91E, 0xF91F, 0xF920,
        0xF921, 0xF922, 0xF923, 0xF924, 0xF925, 0xF926, 0xF927, 0xF928, 0xF929, 0xF92A, 0xF92B, 0xF92C,
        0xF92D, 0xF92E, 0xF92F, 0xF930, 0xF931, 0xF932, 0xF933, 0xF934, 0xF935, 0xF936, 0xF937, 0xF938,
        0xF939, 0xF93A, 0xF93B, 0xF93C, 0xF93D, 0xF93E, 0xF93F, 0xF940, 0xF941, 0xF942, 0xF943, 0xF944,
        0xF945, 0xF946, 0xF947, 0xF948, 0xF949, 0xF94A, 0xF94B, 0xF94C, 0xF94D, 0xF94E, 0xF94F, 0xF950,
        0xF951, 0xF952, 0xF953, 0xF954, 0xF955, 0xF956, 0xF957, 0xF958, 0xF959, 0xF95A, 0xF95B, 0xF95C,
        0xF95D, 0xF95E, 0xF95F, 0xF960, 0xF961, 0xF962, 0xF963, 0xF964, 0xF965, 0xF966, 0xF967, 0xF968,
        0xF969, 0xF96A, 0xF96B, 0xF96C, 0xF96D, 0xF96E, 0xF96F, 0xF970, 0xF971, 0xF972, 0xF973, 0xF974,
        0xF975, 0xF976, 0xF977, 0xF978, 0xF979, 0xF97A, 0xF97B, 0xF97C, 0xF97D, 0xF97E, 0xF97F, 0xF980,
        0xF981, 0xF982, 0xF983, 0xF984, 0xF985, 0xF986, 0xF987, 0xF988, 0xF989, 0xF98A, 0xF98B, 0xF98C,
        0xF98D, 0xF98E, 0xF98F, 0xF990, 0xF991, 0xF992, 0xF993, 0xF994, 0xF995, 0xF996, 0xF997, 0xF998,
        0xF999, 0xF99A, 0xF99B, 0xF99C, 0xF99D, 0xF99E, 0xF99F, 0xF9A0, 0xF9A1, 0xF9A2, 0xF9A3, 0xF9A4,
        0xF9A5, 0xF9A6, 0xF9A7, 0xF9A8, 0xF9A9, 0xF9AA, 0xF9AB, 0xF9AC, 0xF9AD, 0xF9AE, 0xF9AF, 0xF9B0,
        0xF9B1, 0xF9B2, 0xF9B3, 0xF9B4, 0xF9B5, 0xF9B6, 0xF9B7, 0xF9B8, 0xF9B9, 0xF9BA, 0xF9BB, 0xF9BC,
        0xF9BD, 0xF9BE, 0xF9BF, 0xF9C0, 0xF9C1, 0xF9C2, 0xF9C3, 0xF9C4, 0xF9C5, 0xF9C6, 0xF9C7, 0xF9C8,
        0xF9C9, 0xF9CA, 0xF9CB, 0xF9CC, 0xF9CD, 0xF9CE, 0xF9CF, 0xF9D0, 0xF9D1, 0xF9D2, 0xF9D3, 0xF9D4,
        0xF9D5, 0xF9D6, 0xF9D7, 0xF9D8, 0xF9D9, 0xF9DA, 0xF9DB, 0xF9DC, 0xF9DD, 0xF9DE, 0xF9DF, 0xF9E0,
        0xF9E1, 0xF9E2, 0xF9E3, 0xF9E4, 0xF9E5, 0xF9E6, 0xF9E7, 0xF9E8, 0xF9E9, 0xF9EA, 0xF9EB, 0xF9EC,
        0xF9ED, 0xF9EE, 0xF9EF, 0xF9F0, 0xF9F1, 0xF9F2, 0xF9F3, 0xF9F4, 0xF9F5, 0xF9F6, 0xF9F7, 0xF9F8,
        0xF9F9, 0xF9FA, 0xF9FB, 0xF9FC, 0xF9FD, 0xF9FE, 0xF9FF, 0xFA00, 0xFA01, 0xFA02, 0xFA03, 0xFA04,
        0xFA05, 0xFA06, 0xFA07, 0xFA08, 0xFA09, 0xFA0A, 0xFA0B, 0xFA0C, 0xFA0D, 0xFA10, 0xFA12, 0xFA15,
        0xFA16, 0xFA17, 0xFA18, 0xFA19, 0xFA1A, 0xFA1B, 0xFA1C, 0xFA1D, 0xFA1E, 0xFA20, 0xFA22, 0xFA25,
        0xFA26, 0xFA2A, 0xFA2B, 0xFA2C, 0xFA2D, 0xFA2E, 0xFA2F, 0xFA30, 0xFA31, 0xFA32, 0xFA33, 0xFA34,
        0xFA35, 0xFA36, 0xFA37, 0xFA38, 0xFA39, 0xFA3A, 0xFA3B, 0xFA3C, 0xFA3D, 0xFA3E, 0xFA3F, 0xFA40,
        0xFA41, 0xFA42, 0xFA43, 0xFA44, 0xFA45, 0xFA46, 0xFA47, 0xFA48, 0xFA49, 0xFA4A, 0xFA4B, 0xFA4C,
        0xFA4D, 0xFA4E, 0xFA4F, 0xFA50, 0xFA51, 0xFA52, 0xFA53, 0xFA54, 0xFA55, 0xFA56, 0xFA57, 0xFA58,
        0xFA59, 0xFA5A, 0xFA5B, 0xFA5C, 0xFA5D, 0xFA5E, 0xFA5F, 0xFA60, 0xFA61, 0xFA62, 0xFA63, 0xFA64,
        0xFA65, 0xFA66, 0xFA67, 0xFA68, 0xFA69, 0xFA6A, 0xFA6B, 0xFA6C, 0xFA6D, 0xFA70, 0xFA71, 0xFA72,
        0xFA73, 0xFA74, 0xFA75, 0xFA76, 0xFA77, 0xFA78, 0xFA79, 0xFA7A, 0xFA7B, 0xFA7C, 0xFA7D, 0xFA7E,
        0xFA7F, 0xFA80, 0xFA81, 0xFA82, 0xFA83, 0xFA84, 0xFA85, 0xFA86, 0xFA87, 0xFA88, 0xFA89, 0xFA8A,
        0xFA8B, 0xFA8C, 0xFA8D, 0xFA8E, 0xFA8F, 0xFA90, 0xFA91, 0xFA92, 0xFA93, 0xFA94, 0xFA95, 0xFA96,
        0xFA97, 0xFA98, 0xFA99, 0xFA9A, 0xFA9B, 0xFA9C, 0xFA9D, 0xFA9E, 0xFA9F, 0xFAA0, 0xFAA1, 0xFAA2,
        0xFAA3, 0xFAA4, 0xFAA5, 0xFAA6, 0xFAA7, 0xFAA8, 0xFAA9, 0xFAAA, 0xFAAB, 0xFAAC, 0xFAAD, 0xFAAE,
        0xFAAF, 0xFAB0, 0xFAB1, 0xFAB2, 0xFAB3, 0xFAB4, 0xFAB5, 0xFAB6, 0xFAB7, 0xFAB8, 0xFAB9, 0xFABA,
        0xFABB, 0xFABC, 0xFABD, 0xFABE, 0xFABF, 0xFAC0, 0xFAC1, 0xFAC2, 0xFAC3, 0xFAC4, 0xFAC5, 0xFAC6,
        0xFAC7, 0xFAC8, 0xFAC9, 0xFACA, 0xFACB, 0xFACC, 0xFACD, 0xFACE, 0xFACF, 0xFAD0, 0xFAD1, 0xFAD2,
        0xFAD3, 0xFAD4, 0xFAD5, 0xFAD6, 0xFAD7, 0xFAD8, 0xFAD9, 0xFB00, 0xFB01, 0xFB02, 0xFB03, 0xFB04,
        0xFB06, 0xFB13, 0xFB14, 0xFB15, 0xFB16, 0xFB17, 0xFB20, 0xFB21, 0xFB22, 0xFB23, 0xFB24, 0xFB25,
        0xFB26, 0xFB27, 0xFB28, 0xFB29, 0xFB2B, 0xFB2D, 0xFB2F, 0xFB30, 0xFB39, 0xFB49, 0xFB4F, 0xFB50,
        0xFB51, 0xFB52, 0xFB53, 0xFB54, 0xFB55, 0xFB56, 0xFB57, 0xFB58, 0xFB59, 0xFB5A, 0xFB5B, 0xFB5C,
        0xFB5D, 0xFB5E, 0xFB5F, 0xFB60, 0xFB61, 0xFB62, 0xFB63, 0xFB64, 0xFB65, 0xFB66, 0xFB67, 0xFB68,
        0xFB69, 0xFB6A, 0xFB6B, 0xFB6C, 0xFB6D, 0xFB6E, 0xFB6F, 0xFB70, 0xFB71, 0xFB72, 0xFB73, 0xFB74,
        0xFB75, 0xFB76, 0xFB77, 0xFB78, 0xFB79, 0xFB7A, 0xFB7B, 0xFB7C, 0xFB7D, 0xFB7E, 0xFB7F, 0xFB80,
        0xFB81, 0xFB82, 0xFB83, 0xFB84, 0xFB85, 0xFB86, 0xFB87, 0xFB88, 0xFB89, 0xFB8A, 0xFB8B, 0xFB8C,
        0xFB8D, 0xFB8E, 0xFB8F, 0xFB90, 0xFB91, 0xFB92, 0xFB93, 0xFB94, 0xFB95, 0xFB96, 0xFB97, 0xFB98,
        0xFB99, 0xFB9A, 0xFB9B, 0xFB9C, 0xFB9D, 0xFB9E, 0xFB9F, 0xFBA0, 0xFBA1, 0xFBA2, 0xFBA3, 0xFBA4,
        0xFBA5, 0xFBA6, 0xFBA7, 0xFBA8, 0xFBA9, 0xFBAA, 0xFBAB, 0xFBAC, 0xFBAD, 0xFBAE, 0xFBAF, 0xFBB0,
        0xFBB1, 0xFBD3, 0xFBD4, 0xFBD5, 0xFBD6, 0xFBD7, 0xFBD8, 0xFBD9, 0xFBDA, 0xFBDB, 0xFBDC, 0xFBDD,
        0xFBDE, 0xFBDF, 0xFBE0, 0xFBE1, 0xFBE2, 0xFBE3, 0xFBE4, 0xFBE5, 0xFBE6, 0xFBE7, 0xFBE8, 0xFBE9,
        0xFBEA, 0xFBEB, 0xFBEC, 0xFBED, 0xFBEE, 0xFBEF, 0xFBF0, 0xFBF1, 0xFBF2, 0xFBF3, 0xFBF4, 0xFBF5,
        0xFBF6, 0xFBF7, 0xFBF8, 0xFBF9, 0xFBFA, 0xFBFB, 0xFBFC, 0xFBFD, 0xFBFE, 0xFBFF, 0xFC00, 0xFC01,
        0xFC02, 0xFC03, 0xFC04, 0xFC05, 0xFC06, 0xFC07, 0xFC08, 0xFC09, 0xFC0A, 0xFC0B, 0xFC0C, 0xFC0D,
        0xFC0E, 0xFC0F, 0xFC10, 0xFC11, 0xFC12, 0xFC13, 0xFC14, 0xFC15, 0xFC16, 0xFC17, 0xFC18, 0xFC19,
        0xFC1A, 0xFC1B, 0xFC1C, 0xFC1D, 0xFC1E, 0xFC1F, 0xFC20, 0xFC21, 0xFC22, 0xFC23, 0xFC24, 0xFC25,
        0xFC26, 0xFC27, 0xFC28, 0xFC29, 0xFC2A, 0xFC2B, 0xFC2C, 0xFC2D, 0xFC2E, 0xFC2F, 0xFC30, 0xFC31,
        0xFC32, 0xFC33, 0xFC34, 0xFC35, 0xFC36, 0xFC37, 0xFC38, 0xFC39, 0xFC3A, 0xFC3B, 0xFC3C, 0xFC3D,
        0xFC3E, 0xFC3F, 0xFC40, 0xFC41, 0xFC42, 0xFC43, 0xFC44, 0xFC45, 0xFC46, 0xFC47, 0xFC48, 0xFC49,
        0xFC4A, 0xFC4B, 0xFC4C, 0xFC4D, 0xFC4E, 0xFC4F, 0xFC50, 0xFC51, 0xFC52, 0xFC53, 0xFC54, 0xFC55,
        0xFC56, 0xFC57, 0xFC58, 0xFC59, 0xFC5A, 0xFC5B, 0xFC5C, 0xFC5D, 0xFC5E, 0xFC5F, 0xFC60, 0xFC61,
        0xFC62, 0xFC63, 0xFC64, 0xFC65, 0xFC66, 0xFC67, 0xFC68, 0xFC69, 0xFC6A, 0xFC6B, 0xFC6C, 0xFC6D,
        0xFC6E, 0xFC6F, 0xFC70, 0xFC71, 0xFC72, 0xFC73, 0xFC74, 0xFC75, 0xFC76, 0xFC77, 0xFC78, 0xFC79,
        0xFC7A, 0xFC7B, 0xFC7C, 0xFC7D, 0xFC7E, 0xFC7F, 0xFC80, 0xFC81, 0xFC82, 0xFC83, 0xFC84, 0xFC85,
        0xFC86, 0xFC87, 0xFC88, 0xFC89, 0xFC8A, 0xFC8B, 0xFC8C, 0xFC8D, 0xFC8E, 0xFC8F, 0xFC90, 0xFC91,
        0xFC92, 0xFC93, 0xFC94, 0xFC95, 0xFC96, 0xFC97, 0xFC98, 0xFC99, 0xFC9A, 0xFC9B, 0xFC9C, 0xFC9D,
        0xFC9E, 0xFC9F, 0xFCA0, 0xFCA1, 0xFCA2, 0xFCA3, 0xFCA4, 0xFCA5, 0xFCA6, 0xFCA7, 0xFCA8, 0xFCA9,
        0xFCAA, 0xFCAB, 0xFCAC, 0xFCAD, 0xFCAE, 0xFCAF, 0xFCB0, 0xFCB1, 0xFCB2, 0xFCB3, 0xFCB4, 0xFCB5,
        0xFCB6, 0xFCB7, 0xFCB8, 0xFCB9, 0xFCBA, 0xFCBB, 0xFCBC, 0xFCBD, 0xFCBE, 0xFCBF, 0xFCC0, 0xFCC1,
        0xFCC2, 0xFCC3, 0xFCC4, 0xFCC5, 0xFCC6, 0xFCC7, 0xFCC8, 0xFCC9, 0xFCCA, 0xFCCB, 0xFCCC, 0xFCCD,
        0xFCCE, 0xFCCF, 0xFCD0, 0xFCD1, 0xFCD2, 0xFCD3, 0xFCD4, 0xFCD5, 0xFCD6, 0xFCD7, 0xFCD8, 0xFCD9,
        0xFCDA, 0xFCDB, 0xFCDC, 0xFCDD, 0xFCDE, 0xFCDF, 0xFCE0, 0xFCE1, 0xFCE2, 0xFCE3, 0xFCE4, 0xFCE5,
        0xFCE6, 0xFCE7, 0xFCE8, 0xFCE9, 0xFCEA, 0xFCEB, 0xFCEC, 0xFCED, 0xFCEE, 0xFCEF, 0xFCF0, 0xFCF1,
        0xFCF2, 0xFCF3, 0xFCF4, 0xFCF5, 0xFCF6, 0xFCF7, 0xFCF8, 0xFCF9, 0xFCFA, 0xFCFB, 0xFCFC, 0xFCFD,
        0xFCFE, 0xFCFF, 0xFD00, 0xFD01, 0xFD02, 0xFD03, 0xFD04, 0xFD05, 0xFD06, 0xFD07, 0xFD08, 0xFD09,
        0xFD0A, 0xFD0B, 0xFD0C, 0xFD0D, 0xFD0E, 0xFD0F, 0xFD10, 0xFD11, 0xFD12, 0xFD13, 0xFD14, 0xFD15,
        0xFD16, 0xFD17, 0xFD18, 0xFD19, 0xFD1A, 0xFD1B, 0xFD1C, 0xFD1D, 0xFD1E, 0xFD1F, 0xFD20, 0xFD21,
        0xFD22, 0xFD23, 0xFD24, 0xFD25, 0xFD26, 0xFD27, 0xFD28, 0xFD29, 0xFD2A, 0xFD2B, 0xFD2C, 0xFD2D,
        0xFD2E, 0xFD2F, 0xFD30, 0xFD31, 0xFD32, 0xFD33, 0xFD34, 0xFD35, 0xFD36, 0xFD37, 0xFD38, 0xFD39,
        0xFD3A, 0xFD3B, 0xFD3C, 0xFD3D, 0xFD3E, 0xFD3F, 0xFD50, 0xFD51, 0xFD52, 0xFD53, 0xFD54, 0xFD55,
        0xFD56, 0xFD57, 0xFD58, 0xFD59, 0xFD5A, 0xFD5B, 0xFD5C, 0xFD5D, 0xFD5E, 0xFD5F, 0xFD60, 0xFD61,
        0xFD62, 0xFD63, 0xFD64, 0xFD65, 0xFD66, 0xFD67, 0xFD68, 0xFD69, 0xFD6A, 0xFD6B, 0xFD6C, 0xFD6D,
        0xFD6E, 0xFD6F, 0xFD70, 0xFD71, 0xFD72, 0xFD73, 0xFD74, 0xFD75, 0xFD76, 0xFD77, 0xFD78, 0xFD79,
        0xFD7A, 0xFD7B, 0xFD7C, 0xFD7D, 0xFD7E, 0xFD7F, 0xFD80, 0xFD81, 0xFD82, 0xFD83, 0xFD84, 0xFD85,
        0xFD86, 0xFD87, 0xFD88, 0xFD89, 0xFD8A, 0xFD8B, 0xFD8C, 0xFD8D, 0xFD8E, 0xFD8F, 0xFD92, 0xFD93,
        0xFD94, 0xFD95, 0xFD96, 0xFD97, 0xFD98, 0xFD99, 0xFD9A, 0xFD9B, 0xFD9C, 0xFD9D, 0xFD9E, 0xFD9F,
        0xFDA0, 0xFDA1, 0xFDA2, 0xFDA3, 0xFDA4, 0xFDA5, 0xFDA6, 0xFDA7, 0xFDA8, 0xFDA9, 0xFDAA, 0xFDAB,
        0xFDAC, 0xFDAD, 0xFDAE, 0xFDAF, 0xFDB0, 0xFDB1, 0xFDB2, 0xFDB3, 0xFDB4, 0xFDB5, 0xFDB6, 0xFDB7,
        0xFDB8, 0xFDB9, 0xFDBA, 0xFDBB, 0xFDBC, 0xFDBD, 0xFDBE, 0xFDBF, 0xFDC0, 0xFDC1, 0xFDC2, 0xFDC3,
        0xFDC4, 0xFDC5, 0xFDC6, 0xFDC7, 0xFDF0, 0xFDF1, 0xFDF2, 0xFDF3, 0xFDF4, 0xFDF5, 0xFDF6, 0xFDF7,
        0xFDF8, 0xFDF9, 0xFDFA, 0xFDFB, 0xFDFC, 0xFE19, 0xFE30, 0xFE31, 0xFE34, 0xFE35, 0xFE36, 0xFE37,
        0xFE38, 0xFE39, 0xFE3A, 0xFE49, 0xFE4A, 0xFE4B, 0xFE4C, 0xFE4D, 0xFE4E, 0xFE4F, 0xFE58, 0xFE68,
        0xFE80, 0xFE81, 0xFE82, 0xFE83, 0xFE84, 0xFE85, 0xFE86, 0xFE87, 0xFE88, 0xFE89, 0xFE8A, 0xFE8B,
        0xFE8C, 0xFE8D, 0xFE8E, 0xFE8F, 0xFE90, 0xFE91, 0xFE92, 0xFE93, 0xFE94, 0xFE95, 0xFE96, 0xFE97,
        0xFE98, 0xFE99, 0xFE9A, 0xFE9B, 0xFE9C, 0xFE9D, 0xFE9E, 0xFE9F, 0xFEA0, 0xFEA1, 0xFEA2, 0xFEA3,
        0xFEA4, 0xFEA5, 0xFEA6, 0xFEA7, 0xFEA8, 0xFEA9, 0xFEAA, 0xFEAB, 0xFEAC, 0xFEAD, 0xFEAE, 0xFEAF,
        0xFEB0, 0xFEB1, 0xFEB2, 0xFEB3, 0xFEB4, 0xFEB5, 0xFEB6, 0xFEB7, 0xFEB8, 0xFEB9, 0xFEBA, 0xFEBB,
        0xFEBC, 0xFEBD, 0xFEBE, 0xFEBF, 0xFEC0, 0xFEC1, 0xFEC2, 0xFEC3, 0xFEC4, 0xFEC5, 0xFEC6, 0xFEC7,
        0xFEC8, 0xFEC9, 0xFECA, 0xFECB, 0xFECC, 0xFECD, 0xFECE, 0xFECF, 0xFED0, 0xFED1, 0xFED2, 0xFED3,
        0xFED4, 0xFED5, 0xFED6, 0xFED7, 0xFED8, 0xFED9, 0xFEDA, 0xFEDB, 0xFEDC, 0xFEDD, 0xFEDE, 0xFEDF,
        0xFEE0, 0xFEE1, 0xFEE2, 0xFEE3, 0xFEE4, 0xFEE5, 0xFEE6, 0xFEE7, 0xFEE8, 0xFEE9, 0xFEEA, 0xFEEB,
        0xFEEC, 0xFEED, 0xFEEE, 0xFEEF, 0xFEF0, 0xFEF1, 0xFEF2, 0xFEF3, 0xFEF4, 0xFEF5, 0xFEF6, 0xFEF7,
        0xFEF8, 0xFEF9, 0xFEFA, 0xFEFB, 0xFEFC, 0xFF01, 0xFF02, 0xFF07, 0xFF0D, 0xFF1A, 0xFF21, 0xFF22,
        0xFF23, 0xFF25, 0xFF28, 0xFF29, 0xFF2A, 0xFF2B, 0xFF2D, 0xFF2E, 0xFF2F, 0xFF30, 0xFF33, 0xFF34,
        0xFF38, 0xFF39, 0xFF3A, 0xFF3B, 0xFF3C, 0xFF3D, 0xFF3E, 0xFF40, 0xFF41, 0xFF43, 0xFF45, 0xFF47,
        0xFF48, 0xFF49, 0xFF4A, 0xFF4C, 0xFF4F, 0xFF50, 0xFF53, 0xFF56, 0xFF58, 0xFF59, 0xFF5C, 0xFF5E,
        0xFF65, 0xFFE3, 0xFFE8, 0xFFED, 0x10101, 0x1018E, 0x10196, 0x10197, 0x10198, 0x10199, 0x101A0, 0x10282,
        0x10285, 0x10286, 0x10287, 0x1028A, 0x1028D, 0x10290, 0x10292, 0x10294, 0x10295, 0x10296, 0x10297, 0x1029B,
        0x102A0, 0x102A1, 0x102A2, 0x102A3, 0x102A5, 0x102AB, 0x102AD, 0x102B0, 0x102B1, 0x102B2, 0x102B3, 0x102B4,
        0x102B5, 0x102B6, 0x102B8, 0x102CF, 0x102E1, 0x102E4, 0x102E8, 0x102F2, 0x102F5, 0x10301, 0x10302, 0x10309,
        0x10311, 0x10312, 0x10315, 0x10317, 0x1031A, 0x1031F, 0x10320, 0x10322, 0x103D1, 0x103D3, 0x10401, 0x10404,
        0x10411, 0x10415, 0x1041B, 0x1041F, 0x10420, 0x10423, 0x10425, 0x10429, 0x1042A, 0x1042C, 0x1043D, 0x1043F,
        0x10442, 0x10443, 0x10448, 0x1044B, 0x1044D, 0x104A0, 0x104B0, 0x104B4, 0x104BC, 0x104C2, 0x104C3, 0x104C4,
        0x104CD, 0x104CE, 0x104D0, 0x104D1, 0x104D2, 0x104D8, 0x104DB, 0x104EA, 0x104EB, 0x104F6, 0x104F9, 0x10513,
        0x10516, 0x10518, 0x1051C, 0x1051D, 0x10525, 0x10526, 0x10527, 0x10A3A, 0x10A50, 0x10A57, 0x10CFA, 0x10CFC,
        0x10EC6, 0x10EC7, 0x10ED0, 0x110BB, 0x111C7, 0x111CA, 0x111CB, 0x111DB, 0x111DC, 0x111DE, 0x11300, 0x11413,
        0x11419, 0x11424, 0x1142A, 0x1142D, 0x1142F, 0x1144C, 0x11492, 0x11494, 0x11496, 0x11498, 0x11499, 0x1149B,
        0x1149D, 0x1149E, 0x1149F, 0x114A0, 0x114A1, 0x114A2, 0x114A3, 0x114A7, 0x114A8, 0x114A9, 0x114AA, 0x114AB,
        0x114AD, 0x114AE, 0x114B0, 0x114B1, 0x114B9, 0x114BC, 0x114BD, 0x114BE, 0x114BF, 0x114C1, 0x114C2, 0x114C3,
        0x114C4, 0x114C5, 0x114D0, 0x114D1, 0x114D2, 0x114D6, 0x115D8, 0x115D9, 0x115DA, 0x115DB, 0x115DC, 0x115DD,
        0x11642, 0x11700, 0x11706, 0x1170A, 0x1170E, 0x1170F, 0x118A0, 0x118A2, 0x118A3, 0x118A4, 0x118A6, 0x118A8,
        0x118A9, 0x118AC, 0x118AE, 0x118AF, 0x118B2, 0x118B5, 0x118B7, 0x118B8, 0x118BB, 0x118BC, 0x118C0, 0x118C1,
        0x118C2, 0x118C3, 0x118C4, 0x118C6, 0x118C8, 0x118CA, 0x118CC, 0x118CE, 0x118D5, 0x118D6, 0x118D7, 0x118D8,
        0x118DC, 0x118E0, 0x118E3, 0x118E4, 0x118E5, 0x118E6, 0x118E9, 0x118EC, 0x118EF, 0x118F2, 0x11AE6, 0x11AE7,
        0x11AE8, 0x11AE9, 0x11AEA, 0x11AEC, 0x11AED, 0x11AEE, 0x11AF4, 0x11AF5, 0x11AF6, 0x11AF7, 0x11AF8, 0x11B60,
        0x11B66, 0x11C42, 0x11CB2, 0x11DD9, 0x11DDA, 0x11DE0, 0x11DE1, 0x12038, 0x132F9, 0x16EA6, 0x16EAA, 0x16EB6,
        0x16EC1, 0x16ED1, 0x16F07, 0x16F08, 0x16F0A, 0x16F16, 0x16F1A, 0x16F1C, 0x16F26, 0x16F28, 0x16F2D, 0x16F35,
        0x16F3A, 0x16F3B, 0x16F3D, 0x16F3F, 0x16F40, 0x16F42, 0x16F43, 0x16F51, 0x16F52, 0x16FF2, 0x1CCD6, 0x1CCD7,
        0x1CCD8, 0x1CCD9, 0x1CCDA, 0x1CCDB, 0x1CCDC, 0x1CCDD, 0x1CCDE, 0x1CCDF, 0x1CCE0, 0x1CCE1, 0x1CCE2, 0x1CCE3,
        0x1CCE4, 0x1CCE5, 0x1CCE6, 0x1CCE7, 0x1CCE8, 0x1CCE9, 0x1CCEA, 0x1CCEB, 0x1CCEC, 0x1CCED, 0x1CCEE, 0x1CCEF,
        0x1CCF0, 0x1CCF1, 0x1CCF2, 0x1CCF3, 0x1CCF4, 0x1CCF5, 0x1CCF6, 0x1CCF7, 0x1CCF8, 0x1CCF9, 0x1CCFB, 0x1CEEF,
        0x1D114, 0x1D16D, 0x1D202, 0x1D206, 0x1D20B, 0x1D20D, 0x1D20F, 0x1D212, 0x1D213, 0x1D214, 0x1D215, 0x1D216,
        0x1D217, 0x1D21A, 0x1D21B, 0x1D21C, 0x1D221, 0x1D222, 0x1D22A, 0x1D22B, 0x1D230, 0x1D236, 0x1D237, 0x1D238,
        0x1D239, 0x1D23A, 0x1D23B, 0x1D23F, 0x1D245, 0x1D400, 0x1D401, 0x1D402, 0x1D403, 0x1D404, 0x1D405, 0x1D406,
        0x1D407, 0x1D408, 0x1D409, 0x1D40A, 0x1D40B, 0x1D40C, 0x1D40D, 0x1D40E, 0x1D40F, 0x1D410, 0x1D411, 0x1D412,
        0x1D413, 0x1D414, 0x1D415, 0x1D416, 0x1D417, 0x1D418, 0x1D419, 0x1D41A, 0x1D41B, 0x1D41C, 0x1D41D, 0x1D41E,
        0x1D41F, 0x1D420, 0x1D421, 0x1D422, 0x1D423, 0x1D424, 0x1D425, 0x1D426, 0x1D427, 0x1D428, 0x1D429, 0x1D42A,
        0x1D42B, 0x1D42C, 0x1D42D, 0x1D42E, 0x1D42F, 0x1D430, 0x1D431, 0x1D432, 0x1D433, 0x1D434, 0x1D435, 0x1D436,
        0x1D437, 0x1D438, 0x1D439, 0x1D43A, 0x1D43B, 0x1D43C, 0x1D43D, 0x1D43E, 0x1D43F, 0x1D440, 0x1D441, 0x1D442,
        0x1D443, 0x1D444, 0x1D445, 0x1D446, 0x1D447, 0x1D448, 0x1D449, 0x1D44A, 0x1D44B, 0x1D44C, 0x1D44D, 0x1D44E,
        0x1D44F, 0x1D450, 0x1D451, 0x1D452, 0x1D453, 0x1D454, 0x1D456, 0x1D457, 0x1D458, 0x1D459, 0x1D45A, 0x1D45B,
        0x1D45C, 0x1D45D, 0x1D45E, 0x1D45F, 0x1D460, 0x1D461, 0x1D462, 0x1D463, 0x1D464, 0x1D465, 0x1D466, 0x1D467,
        0x1D468, 0x1D469, 0x1D46A, 0x1D46B, 0x1D46C, 0x1D46D, 0x1D46E, 0x1D46F, 0x1D470, 0x1D471, 0x1D472, 0x1D473,
        0x1D474, 0x1D475, 0x1D476, 0x1D477, 0x1D478, 0x1D479, 0x1D47A, 0x1D47B, 0x1D47C, 0x1D47D, 0x1D47E, 0x1D47F,
        0x1D480, 0x1D481, 0x1D482, 0x1D483, 0x1D484, 0x1D485, 0x1D486, 0x1D487, 0x1D488, 0x1D489, 0x1D48A, 0x1D48B,
        0x1D48C, 0x1D48D, 0x1D48E, 0x1D48F, 0x1D490, 0x1D491, 0x1D492, 0x1D493, 0x1D494, 0x1D495, 0x1D496, 0x1D497,
        0x1D498, 0x1D499, 0x1D49A, 0x1D49B, 0x1D49C, 0x1D49E, 0x1D49F, 0x1D4A2, 0x1D4A5, 0x1D4A6, 0x1D4A9, 0x1D4AA,
        0x1D4AB, 0x1D4AC, 0x1D4AE, 0x1D4AF, 0x1D4B0, 0x1D4B1, 0x1D4B2, 0x1D4B3, 0x1D4B4, 0x1D4B5, 0x1D4B6, 0x1D4B7,
        0x1D4B8, 0x1D4B9, 0x1D4BB, 0x1D4BD, 0x1D4BE, 0x1D4BF, 0x1D4C0, 0x1D4C1, 0x1D4C2, 0x1D4C3, 0x1D4C5, 0x1D4C6,
        0x1D4C7, 0x1D4C8, 0x1D4C9, 0x1D4CA, 0x1D4CB, 0x1D4CC, 0x1D4CD, 0x1D4CE, 0x1D4CF, 0x1D4D0, 0x1D4D1, 0x1D4D2,
        0x1D4D3, 0x1D4D4, 0x1D4D5, 0x1D4D6, 0x1D4D7, 0x1D4D8, 0x1D4D9, 0x1D4DA, 0x1D4DB, 0x1D4DC, 0x1D4DD, 0x1D4DE,
        0x1D4DF, 0x1D4E0, 0x1D4E1, 0x1D4E2, 0x1D4E3, 0x1D4E4, 0x1D4E5, 0x1D4E6, 0x1D4E7, 0x1D4E8, 0x1D4E9, 0x1D4EA,
        0x1D4EB, 0x1D4EC, 0x1D4ED, 0x1D4EE, 0x1D4EF, 0x1D4F0, 0x1D4F1, 0x1D4F2, 0x1D4F3, 0x1D4F4, 0x1D4F5, 0x1D4F6,
        0x1D4F7, 0x1D4F8, 0x1D4F9, 0x1D4FA, 0x1D4FB, 0x1D4FC, 0x1D4FD, 0x1D4FE, 0x1D4FF, 0x1D500, 0x1D501, 0x1D502,
        0x1D503, 0x1D504, 0x1D505, 0x1D507, 0x1D508, 0x1D509, 0x1D50A, 0x1D50D, 0x1D50E, 0x1D50F, 0x1D510, 0x1D511,
        0x1D512, 0x1D513, 0x1D514, 0x1D516, 0x1D517, 0x1D518, 0x1D519, 0x1D51A, 0x1D51B, 0x1D51C, 0x1D51E, 0x1D51F,
        0x1D520, 0x1D521, 0x1D522, 0x1D523, 0x1D524, 0x1D525, 0x1D526, 0x1D527, 0x1D528, 0x1D529, 0x1D52A, 0x1D52B,
        0x1D52C, 0x1D52D, 0x1D52E, 0x1D52F, 0x1D530, 0x1D531, 0x1D532, 0x1D533, 0x1D534, 0x1D535, 0x1D536, 0x1D537,
        0x1D538, 0x1D539, 0x1D53B, 0x1D53C, 0x1D53D, 0x1D53E, 0x1D540, 0x1D541, 0x1D542, 0x1D543, 0x1D544, 0x1D546,
        0x1D54A, 0x1D54B, 0x1D54C, 0x1D54D, 0x1D54E, 0x1D54F, 0x1D550, 0x1D552, 0x1D553, 0x1D554, 0x1D555, 0x1D556,
        0x1D557, 0x1D558, 0x1D559, 0x1D55A, 0x1D55B, 0x1D55C, 0x1D55D, 0x1D55E, 0x1D55F, 0x1D560, 0x1D561, 0x1D562,
        0x1D563, 0x1D564, 0x1D565, 0x1D566, 0x1D567, 0x1D568, 0x1D569, 0x1D56A, 0x1D56B, 0x1D56C, 0x1D56D, 0x1D56E,
        0x1D56F, 0x1D570, 0x1D571, 0x1D572, 0x1D573, 0x1D574, 0x1D575, 0x1D576, 0x1D577, 0x1D578, 0x1D579, 0x1D57A,
        0x1D57B, 0x1D57C, 0x1D57D, 0x1D57E, 0x1D57F, 0x1D580, 0x1D581, 0x1D582, 0x1D583, 0x1D584, 0x1D585, 0x1D586,
        0x1D587, 0x1D588, 0x1D589, 0x1D58A, 0x1D58B, 0x1D58C, 0x1D58D, 0x1D58E, 0x1D58F, 0x1D590, 0x1D591, 0x1D592,
        0x1D593, 0x1D594, 0x1D595, 0x1D596, 0x1D597, 0x1D598, 0x1D599, 0x1D59A, 0x1D59B, 0x1D59C, 0x1D59D, 0x1D59E,
        0x1D59F, 0x1D5A0, 0x1D5A1, 0x1D5A2, 0x1D5A3, 0x1D5A4, 0x1D5A5, 0x1D5A6, 0x1D5A7, 0x1D5A8, 0x1D5A9, 0x1D5AA,
        0x1D5AB, 0x1D5AC, 0x1D5AD, 0x1D5AE, 0x1D5AF, 0x1D5B0, 0x1D5B1, 0x1D5B2, 0x1D5B3, 0x1D5B4, 0x1D5B5, 0x1D5B6,
        0x1D5B7, 0x1D5B8, 0x1D5B9, 0x1D5BA, 0x1D5BB, 0x1D5BC, 0x1D5BD, 0x1D5BE, 0x1D5BF, 0x1D5C0, 0x1D5C1, 0x1D5C2,
        0x1D5C3, 0x1D5C4, 0x1D5C5, 0x1D5C6, 0x1D5C7, 0x1D5C8, 0x1D5C9, 0x1D5CA, 0x1D5CB, 0x1D5CC, 0x1D5CD, 0x1D5CE,
        0x1D5CF, 0x1D5D0, 0x1D5D1, 0x1D5D2, 0x1D5D3, 0x1D5D4, 0x1D5D5, 0x1D5D6, 0x1D5D7, 0x1D5D8, 0x1D5D9, 0x1D5DA,
        0x1D5DB, 0x1D5DC, 0x1D5DD, 0x1D5DE, 0x1D5DF, 0x1D5E0, 0x1D5E1, 0x1D5E2, 0x1D5E3, 0x1D5E4, 0x1D5E5, 0x1D5E6,
        0x1D5E7, 0x1D5E8, 0x1D5E9, 0x1D5EA, 0x1D5EB, 0x1D5EC, 0x1D5ED, 0x1D5EE, 0x1D5EF, 0x1D5F0, 0x1D5F1, 0x1D5F2,
        0x1D5F3, 0x1D5F4, 0x1D5F5, 0x1D5F6, 0x1D5F7, 0x1D5F8, 0x1D5F9, 0x1D5FA, 0x1D5FB, 0x1D5FC, 0x1D5FD, 0x1D5FE,
        0x1D5FF, 0x1D600, 0x1D601, 0x1D602, 0x1D603, 0x1D604, 0x1D605, 0x1D606, 0x1D607, 0x1D608, 0x1D609, 0x1D60A,
        0x1D60B, 0x1D60C, 0x1D60D, 0x1D60E, 0x1D60F, 0x1D610, 0x1D611, 0x1D612, 0x1D613, 0x1D614, 0x1D615, 0x1D616,
        0x1D617, 0x1D618, 0x1D619, 0x1D61A, 0x1D61B, 0x1D61C, 0x1D61D, 0x1D61E, 0x1D61F, 0x1D620, 0x1D621, 0x1D622,
        0x1D623, 0x1D624, 0x1D625, 0x1D626, 0x1D627, 0x1D628, 0x1D629, 0x1D62A, 0x1D62B, 0x1D62C, 0x1D62D, 0x1D62E,
        0x1D62F, 0x1D630, 0x1D631, 0x1D632, 0x1D633, 0x1D634, 0x1D635, 0x1D636, 0x1D637, 0x1D638, 0x1D639, 0x1D63A,
        0x1D63B, 0x1D63C, 0x1D63D, 0x1D63E, 0x1D63F, 0x1D640, 0x1D641, 0x1D642, 0x1D643, 0x1D644, 0x1D645, 0x1D646,
        0x1D647, 0x1D648, 0x1D649, 0x1D64A, 0x1D64B, 0x1D64C, 0x1D64D, 0x1D64E, 0x1D64F, 0x1D650, 0x1D651, 0x1D652,
        0x1D653, 0x1D654, 0x1D655, 0x1D656, 0x1D657, 0x1D658, 0x1D659, 0x1D65A, 0x1D65B, 0x1D65C, 0x1D65D, 0x1D65E,
        0x1D65F, 0x1D660, 0x1D661, 0x1D662, 0x1D663, 0x1D664, 0x1D665, 0x1D666, 0x1D667, 0x1D668, 0x1D669, 0x1D66A,
        0x1D66B, 0x1D66C, 0x1D66D, 0x1D66E, 0x1D66F, 0x1D670, 0x1D671, 0x1D672, 0x1D673, 0x1D674, 0x1D675, 0x1D676,
        0x1D677, 0x1D678, 0x1D679, 0x1D67A, 0x1D67B, 0x1D67C, 0x1D67D, 0x1D67E, 0x1D67F, 0x1D680, 0x1D681, 0x1D682,
        0x1D683, 0x1D684, 0x1D685, 0x1D686, 0x1D687, 0x1D688, 0x1D689, 0x1D68A, 0x1D68B, 0x1D68C, 0x1D68D, 0x1D68E,
        0x1D68F, 0x1D690, 0x1D691, 0x1D692, 0x1D693, 0x1D694, 0x1D695, 0x1D696, 0x1D697, 0x1D698, 0x1D699, 0x1D69A,
        0x1D69B, 0x1D69C, 0x1D69D, 0x1D69E, 0x1D69F, 0x1D6A0, 0x1D6A1, 0x1D6A2, 0x1D6A3, 0x1D6A4, 0x1D6A5, 0x1D6A8,
        0x1D6A9, 0x1D6AA, 0x1D6AB, 0x1D6AC, 0x1D6AD, 0x1D6AE, 0x1D6AF, 0x1D6B0, 0x1D6B1, 0x1D6B2, 0x1D6B3, 0x1D6B4,
        0x1D6B5, 0x1D6B6, 0x1D6B7, 0x1D6B8, 0x1D6B9, 0x1D6BA, 0x1D6BB, 0x1D6BC, 0x1D6BD, 0x1D6BE, 0x1D6BF, 0x1D6C0,
        0x1D6C1, 0x1D6C2, 0x1D6C3, 0x1D6C4, 0x1D6C5, 0x1D6C6, 0x1D6C7, 0x1D6C8, 0x1D6C9, 0x1D6CA, 0x1D6CB, 0x1D6CC,
        0x1D6CD, 0x1D6CE, 0x1D6CF, 0x1D6D0, 0x1D6D1, 0x1D6D2, 0x1D6D3, 0x1D6D4, 0x1D6D5, 0x1D6D6, 0x1D6D7, 0x1D6D8,
        0x1D6D9, 0x1D6DA, 0x1D6DB, 0x1D6DC, 0x1D6DD, 0x1D6DE, 0x1D6DF, 0x1D6E0, 0x1D6E1, 0x1D6E2, 0x1D6E3, 0x1D6E4,
        0x1D6E5, 0x1D6E6, 0x1D6E7, 0x1D6E8, 0x1D6E9, 0x1D6EA, 0x1D6EB, 0x1D6EC, 0x1D6ED, 0x1D6EE, 0x1D6EF, 0x1D6F0,
        0x1D6F1, 0x1D6F2, 0x1D6F3, 0x1D6F4, 0x1D6F5, 0x1D6F6, 0x1D6F7, 0x1D6F8, 0x1D6F9, 0x1D6FA, 0x1D6FB, 0x1D6FC,
        0x1D6FD, 0x1D6FE, 0x1D6FF, 0x1D700, 0x1D701, 0x1D702, 0x1D703, 0x1D704, 0x1D705, 0x1D706, 0x1D707, 0x1D708,
        0x1D709, 0x1D70A, 0x1D70B, 0x1D70C, 0x1D70D, 0x1D70E, 0x1D70F, 0x1D710, 0x1D711, 0x1D712, 0x1D713, 0x1D714,
        0x1D715, 0x1D716, 0x1D717, 0x1D718, 0x1D719, 0x1D71A, 0x1D71B, 0x1D71C, 0x1D71D, 0x1D71E, 0x1D71F, 0x1D720,
        0x1D721, 0x1D722, 0x1D723, 0x1D724, 0x1D725, 0x1D726, 0x1D727, 0x1D728, 0x1D729, 0x1D72A, 0x1D72B, 0x1D72C,
        0x1D72D, 0x1D72E, 0x1D72F, 0x1D730, 0x1D731, 0x1D732, 0x1D733, 0x1D734, 0x1D735, 0x1D736, 0x1D737, 0x1D738,
        0x1D739, 0x1D73A, 0x1D73B, 0x1D73C, 0x1D73D, 0x1D73E, 0x1D73F, 0x1D740, 0x1D741, 0x1D742, 0x1D743, 0x1D744,
        0x1D745, 0x1D746, 0x1D747, 0x1D748, 0x1D749, 0x1D74A, 0x1D74B, 0x1D74C, 0x1D74D, 0x1D74E, 0x1D74F, 0x1D750,
        0x1D751, 0x1D752, 0x1D753, 0x1D754, 0x1D755, 0x1D756, 0x1D757, 0x1D758, 0x1D759, 0x1D75A, 0x1D75B, 0x1D75C,
        0x1D75D, 0x1D75E, 0x1D75F, 0x1D760, 0x1D761, 0x1D762, 0x1D763, 0x1D764, 0x1D765, 0x1D766, 0x1D767, 0x1D768,
        0x1D769, 0x1D76A, 0x1D76B, 0x1D76C, 0x1D76D, 0x1D76E, 0x1D76F, 0x1D770, 0x1D771, 0x1D772, 0x1D773, 0x1D774,
        0x1D775, 0x1D776, 0x1D777, 0x1D778, 0x1D779, 0x1D77A, 0x1D77B, 0x1D77C, 0x1D77D, 0x1D77E, 0x1D77F, 0x1D780,
        0x1D781, 0x1D782, 0x1D783, 0x1D784, 0x1D785, 0x1D786, 0x1D787, 0x1D788, 0x1D789, 0x1D78A, 0x1D78B, 0x1D78C,
        0x1D78D, 0x1D78E, 0x1D78F, 0x1D790, 0x1D791, 0x1D792, 0x1D793, 0x1D794, 0x1D795, 0x1D796, 0x1D797, 0x1D798,
        0x1D799, 0x1D79A, 0x1D79B, 0x1D79C, 0x1D79D, 0x1D79E, 0x1D79F, 0x1D7A0, 0x1D7A1, 0x1D7A2, 0x1D7A3, 0x1D7A4,
        0x1D7A5, 0x1D7A6, 0x1D7A7, 0x1D7A8, 0x1D7A9, 0x1D7AA, 0x1D7AB, 0x1D7AC, 0x1D7AD, 0x1D7AE, 0x1D7AF, 0x1D7B0,
        0x1D7B1, 0x1D7B2, 0x1D7B3, 0x1D7B4, 0x1D7B5, 0x1D7B6, 0x1D7B7, 0x1D7B8, 0x1D7B9, 0x1D7BA, 0x1D7BB, 0x1D7BC,
        0x1D7BD, 0x1D7BE, 0x1D7BF, 0x1D7C0, 0x1D7C1, 0x1D7C2, 0x1D7C3, 0x1D7C4, 0x1D7C5, 0x1D7C6, 0x1D7C7, 0x1D7C8,
        0x1D7C9, 0x1D7CA, 0x1D7CB, 0x1D7CE, 0x1D7CF, 0x1D7D0, 0x1D7D1, 0x1D7D2, 0x1D7D3, 0x1D7D4, 0x1D7D5, 0x1D7D6,
        0x1D7D7, 0x1D7D8, 0x1D7D9, 0x1D7DA, 0x1D7DB, 0x1D7DC, 0x1D7DD, 0x1D7DE, 0x1D7DF, 0x1D7E0, 0x1D7E1, 0x1D7E2,
        0x1D7E3, 0x1D7E4, 0x1D7E5, 0x1D7E6, 0x1D7E7, 0x1D7E8, 0x1D7E9, 0x1D7EA, 0x1D7EB, 0x1D7EC, 0x1D7ED, 0x1D7EE,
        0x1D7EF, 0x1D7F0, 0x1D7F1, 0x1D7F2, 0x1D7F3, 0x1D7F4, 0x1D7F5, 0x1D7F6, 0x1D7F7, 0x1D7F8, 0x1D7F9, 0x1D7FA,
        0x1D7FB, 0x1D7FC, 0x1D7FD, 0x1D7FE, 0x1D7FF, 0x1E6E9, 0x1E6EE, 0x1E8C7, 0x1E8C8, 0x1E8C9, 0x1E8CB, 0x1E8CC,
        0x1E8CD, 0x1EE00, 0x1EE01, 0x1EE02, 0x1EE03, 0x1EE05, 0x1EE06, 0x1EE07, 0x1EE08, 0x1EE09, 0x1EE0A, 0x1EE0B,
        0x1EE0C, 0x1EE0D, 0x1EE0E, 0x1EE0F, 0x1EE10, 0x1EE11, 0x1EE12, 0x1EE13, 0x1EE14, 0x1EE15, 0x1EE16, 0x1EE17,
        0x1EE18, 0x1EE19, 0x1EE1A, 0x1EE1B, 0x1EE1C, 0x1EE1D, 0x1EE1E, 0x1EE1F, 0x1EE21, 0x1EE22, 0x1EE24, 0x1EE27,
        0x1EE29, 0x1EE2A, 0x1EE2B, 0x1EE2C, 0x1EE2D, 0x1EE2E, 0x1EE2F, 0x1EE30, 0x1EE31, 0x1EE32, 0x1EE34, 0x1EE35,
        0x1EE36, 0x1EE37, 0x1EE39, 0x1EE3B, 0x1EE42, 0x1EE47, 0x1EE49, 0x1EE4B, 0x1EE4D, 0x1EE4E, 0x1EE4F, 0x1EE51,
        0x1EE52, 0x1EE54, 0x1EE57, 0x1EE59, 0x1EE5B, 0x1EE5D, 0x1EE5F, 0x1EE61, 0x1EE62, 0x1EE64, 0x1EE67, 0x1EE68,
        0x1EE69, 0x1EE6A, 0x1EE6C, 0x1EE6D, 0x1EE6E, 0x1EE6F, 0x1EE70, 0x1EE71, 0x1EE72, 0x1EE74, 0x1EE75, 0x1EE76,
        0x1EE77, 0x1EE79, 0x1EE7A, 0x1EE7B, 0x1EE7C, 0x1EE7E, 0x1EE80, 0x1EE81, 0x1EE82, 0x1EE83, 0x1EE84, 0x1EE85,
        0x1EE86, 0x1EE87, 0x1EE88, 0x1EE89, 0x1EE8B, 0x1EE8C, 0x1EE8D, 0x1EE8E, 0x1EE8F, 0x1EE90, 0x1EE91, 0x1EE92,
        0x1EE93, 0x1EE94, 0x1EE95, 0x1EE96, 0x1EE97, 0x1EE98, 0x1EE99, 0x1EE9A, 0x1EE9B, 0x1EEA1, 0x1EEA2, 0x1EEA3,
        0x1EEA5, 0x1EEA6, 0x1EEA7, 0x1EEA8, 0x1EEA9, 0x1EEAB, 0x1EEAC, 0x1EEAD, 0x1EEAE, 0x1EEAF, 0x1EEB0, 0x1EEB1,
        0x1EEB2, 0x1EEB3, 0x1EEB4, 0x1EEB5, 0x1EEB6, 0x1EEB7, 0x1EEB8, 0x1EEB9, 0x1EEBA, 0x1EEBB, 0x1F100, 0x1F101,
        0x1F102, 0x1F103, 0x1F104, 0x1F105, 0x1F106, 0x1F107, 0x1F108, 0x1F109, 0x1F10A, 0x1F10F, 0x1F110, 0x1F111,
        0x1F112, 0x1F113, 0x1F114, 0x1F115, 0x1F116, 0x1F117, 0x1F118, 0x1F119, 0x1F11A, 0x1F11B, 0x1F11C, 0x1F11D,
        0x1F11E, 0x1F11F, 0x1F120, 0x1F121, 0x1F122, 0x1F123, 0x1F124, 0x1F125, 0x1F126, 0x1F127, 0x1F128, 0x1F129,
        0x1F12A, 0x1F16D, 0x1F16E, 0x1F240, 0x1F241, 0x1F242, 0x1F243, 0x1F244, 0x1F245, 0x1F246, 0x1F247, 0x1F248,
        0x1F312, 0x1F318, 0x1F319, 0x1F333, 0x1F34E, 0x1F34F, 0x1F352, 0x1F353, 0x1F377, 0x1F3E2, 0x1F40D, 0x1F443,
        0x1F514, 0x1F700, 0x1F701, 0x1F702, 0x1F704, 0x1F707, 0x1F708, 0x1F70A, 0x1F714, 0x1F728, 0x1F73A, 0x1F74C,
        0x1F754, 0x1F755, 0x1F75C, 0x1F75E, 0x1F768, 0x1F76B, 0x1F76C, 0x1F771, 0x1FBF0, 0x1FBF1, 0x1FBF2, 0x1FBF3,
        0x1FBF4, 0x1FBF5, 0x1FBF6, 0x1FBF7, 0x1FBF8, 0x1FBF9, 0x20674, 0x21533, 0x21587, 0x216A7, 0x21FE8, 0x22505,
        0x23D40, 0x248FD, 0x2511A, 0x25AD4, 0x2659D, 0x26D06, 0x2AEC5, 0x2B73A, 0x2B73E, 0x2D161, 0x2F800, 0x2F801,
        0x2F802, 0x2F803, 0x2F804, 0x2F805, 0x2F806, 0x2F807, 0x2F808, 0x2F809, 0x2F80A, 0x2F80B, 0x2F80C, 0x2F80D,
        0x2F80E, 0x2F80F, 0x2F810, 0x2F811, 0x2F812, 0x2F813, 0x2F814, 0x2F815, 0x2F816, 0x2F817, 0x2F818, 0x2F819,
        0x2F81A, 0x2F81B, 0x2F81C, 0x2F81D, 0x2F81E, 0x2F81F, 0x2F820, 0x2F821, 0x2F822, 0x2F823, 0x2F824, 0x2F825,
        0x2F826, 0x2F827, 0x2F828, 0x2F829, 0x2F82A, 0x2F82B, 0x2F82C, 0x2F82D, 0x2F82E, 0x2F82F, 0x2F830, 0x2F831,
        0x2F832, 0x2F833, 0x2F834, 0x2F835, 0x2F836, 0x2F837, 0x2F838, 0x2F839, 0x2F83A, 0x2F83B, 0x2F83C, 0x2F83D,
        0x2F83E, 0x2F83F, 0x2F840, 0x2F841, 0x2F842, 0x2F843, 0x2F844, 0x2F845, 0x2F846, 0x2F847, 0x2F848, 0x2F849,
        0x2F84A, 0x2F84B, 0x2F84C, 0x2F84D, 0x2F84E, 0x2F84F, 0x2F850, 0x2F851, 0x2F852, 0x2F853, 0x2F854, 0x2F855,
        0x2F856, 0x2F857, 0x2F858, 0x2F859, 0x2F85A, 0x2F85B, 0x2F85C, 0x2F85D, 0x2F85E, 0x2F85F, 0x2F860, 0x2F861,
        0x2F862, 0x2F863, 0x2F864, 0x2F865, 0x2F866, 0x2F867, 0x2F868, 0x2F869, 0x2F86A, 0x2F86B, 0x2F86C, 0x2F86D,
        0x2F86E, 0x2F86F, 0x2F870, 0x2F871, 0x2F872, 0x2F873, 0x2F874, 0x2F875, 0x2F876, 0x2F877, 0x2F878, 0x2F879,
        0x2F87A, 0x2F87B, 0x2F87C, 0x2F87D, 0x2F87E, 0x2F87F, 0x2F880, 0x2F881, 0x2F882, 0x2F883, 0x2F884, 0x2F885,
        0x2F886, 0x2F887, 0x2F888, 0x2F889, 0x2F88A, 0x2F88B, 0x2F88C, 0x2F88D, 0x2F88E, 0x2F88F, 0x2F890, 0x2F891,
        0x2F892, 0x2F893, 0x2F894, 0x2F895, 0x2F896, 0x2F897, 0x2F898, 0x2F899, 0x2F89A, 0x2F89B, 0x2F89C, 0x2F89D,
        0x2F89E, 0x2F89F, 0x2F8A0, 0x2F8A1, 0x2F8A2, 0x2F8A3, 0x2F8A4, 0x2F8A5, 0x2F8A6, 0x2F8A7, 0x2F8A8, 0x2F8A9,
        0x2F8AA, 0x2F8AB, 0x2F8AC, 0x2F8AD, 0x2F8AE, 0x2F8AF, 0x2F8B0, 0x2F8B1, 0x2F8B2, 0x2F8B3, 0x2F8B4, 0x2F8B5,
        0x2F8B6, 0x2F8B7, 0x2F8B8, 0x2F8B9, 0x2F8BA, 0x2F8BB, 0x2F8BC, 0x2F8BD, 0x2F8BE, 0x2F8BF, 0x2F8C0, 0x2F8C1,
        0x2F8C2, 0x2F8C3, 0x2F8C4, 0x2F8C5, 0x2F8C6, 0x2F8C7, 0x2F8C8, 0x2F8C9, 0x2F8CA, 0x2F8CB, 0x2F8CC, 0x2F8CD,
        0x2F8CE, 0x2F8CF, 0x2F8D0, 0x2F8D1, 0x2F8D2, 0x2F8D3, 0x2F8D4, 0x2F8D5, 0x2F8D6, 0x2F8D7, 0x2F8D8, 0x2F8D9,
        0x2F8DA, 0x2F8DB, 0x2F8DC, 0x2F8DD, 0x2F8DE, 0x2F8DF, 0x2F8E0, 0x2F8E1, 0x2F8E2, 0x2F8E3, 0x2F8E4, 0x2F8E5,
        0x2F8E6, 0x2F8E7, 0x2F8E8, 0x2F8E9, 0x2F8EA, 0x2F8EB, 0x2F8EC, 0x2F8ED, 0x2F8EE, 0x2F8EF, 0x2F8F0, 0x2F8F1,
        0x2F8F2, 0x2F8F3, 0x2F8F4, 0x2F8F5, 0x2F8F6, 0x2F8F7, 0x2F8F8, 0x2F8F9, 0x2F8FA, 0x2F8FB, 0x2F8FC, 0x2F8FD,
        0x2F8FE, 0x2F8FF, 0x2F900, 0x2F901, 0x2F902, 0x2F903, 0x2F904, 0x2F905, 0x2F906, 0x2F907, 0x2F908, 0x2F909,
        0x2F90A, 0x2F90B, 0x2F90C, 0x2F90D, 0x2F90E, 0x2F90F, 0x2F910, 0x2F911, 0x2F912, 0x2F913, 0x2F914, 0x2F915,
        0x2F916, 0x2F917, 0x2F918, 0x2F919, 0x2F91A, 0x2F91B, 0x2F91C, 0x2F91D, 0x2F91E, 0x2F91F, 0x2F920, 0x2F921,
        0x2F922, 0x2F923, 0x2F924, 0x2F925, 0x2F926, 0x2F927, 0x2F928, 0x2F929, 0x2F92A, 0x2F92B, 0x2F92C, 0x2F92D,
        0x2F92E, 0x2F92F, 0x2F930, 0x2F931, 0x2F932, 0x2F933, 0x2F934, 0x2F935, 0x2F936, 0x2F937, 0x2F938, 0x2F939,
        0x2F93A, 0x2F93B, 0x2F93C, 0x2F93D, 0x2F93E, 0x2F93F, 0x2F940, 0x2F941, 0x2F942, 0x2F943, 0x2F944, 0x2F945,
        0x2F946, 0x2F947, 0x2F948, 0x2F949, 0x2F94A, 0x2F94B, 0x2F94C, 0x2F94D, 0x2F94E, 0x2F94F, 0x2F950, 0x2F951,
        0x2F952, 0x2F953, 0x2F954, 0x2F955, 0x2F956, 0x2F957, 0x2F958, 0x2F959, 0x2F95A, 0x2F95B, 0x2F95C, 0x2F95D,
        0x2F95E, 0x2F95F, 0x2F960, 0x2F961, 0x2F962, 0x2F963, 0x2F964, 0x2F965, 0x2F966, 0x2F967, 0x2F968, 0x2F969,
        0x2F96A, 0x2F96B, 0x2F96C, 0x2F96D, 0x2F96E, 0x2F96F, 0x2F970, 0x2F971, 0x2F972, 0x2F973, 0x2F974, 0x2F975,
        0x2F976, 0x2F977, 0x2F978, 0x2F979, 0x2F97A, 0x2F97B, 0x2F97C, 0x2F97D, 0x2F97E, 0x2F97F, 0x2F980, 0x2F981,
        0x2F982, 0x2F983, 0x2F984, 0x2F985, 0x2F986, 0x2F987, 0x2F988, 0x2F989, 0x2F98A, 0x2F98B, 0x2F98C, 0x2F98D,
        0x2F98E, 0x2F98F, 0x2F990, 0x2F991, 0x2F992, 0x2F993, 0x2F994, 0x2F995, 0x2F996, 0x2F997, 0x2F998, 0x2F999,
        0x2F99A, 0x2F99B, 0x2F99C, 0x2F99D, 0x2F99E, 0x2F99F, 0x2F9A0, 0x2F9A1, 0x2F9A2, 0x2F9A3, 0x2F9A4, 0x2F9A5,
        0x2F9A6, 0x2F9A7, 0x2F9A8, 0x2F9A9, 0x2F9AA, 0x2F9AB, 0x2F9AC, 0x2F9AD, 0x2F9AE, 0x2F9AF, 0x2F9B0, 0x2F9B1,
        0x2F9B2, 0x2F9B3, 0x2F9B4, 0x2F9B5, 0x2F9B6, 0x2F9B7, 0x2F9B8, 0x2F9B9, 0x2F9BA, 0x2F9BB, 0x2F9BC, 0x2F9BD,
        0x2F9BE, 0x2F9BF, 0x2F9C0, 0x2F9C1, 0x2F9C2, 0x2F9C3, 0x2F9C4, 0x2F9C5, 0x2F9C6, 0x2F9C7, 0x2F9C8, 0x2F9C9,
        0x2F9CA, 0x2F9CB, 0x2F9CC, 0x2F9CD, 0x2F9CE, 0x2F9CF, 0x2F9D0, 0x2F9D1, 0x2F9D2, 0x2F9D3, 0x2F9D4, 0x2F9D5,
        0x2F9D6, 0x2F9D7, 0x2F9D8, 0x2F9D9, 0x2F9DA, 0x2F9DB, 0x2F9DC, 0x2F9DD, 0x2F9DE, 0x2F9DF, 0x2F9E0, 0x2F9E1,
        0x2F9E2, 0x2F9E3, 0x2F9E4, 0x2F9E5, 0x2F9E6, 0x2F9E7, 0x2F9E8, 0x2F9E9, 0x2F9EA, 0x2F9EB, 0x2F9EC, 0x2F9ED,
        0x2F9EE, 0x2F9EF, 0x2F9F0, 0x2F9F1, 0x2F9F2, 0x2F9F3, 0x2F9F4, 0x2F9F5, 0x2F9F6, 0x2F9F7, 0x2F9F8, 0x2F9F9,
        0x2F9FA, 0x2F9FB, 0x2F9FC, 0x2F9FD, 0x2F9FE, 0x2F9FF, 0x2FA00, 0x2FA01, 0x2FA02, 0x2FA03, 0x2FA04, 0x2FA05,
        0x2FA06, 0x2FA07, 0x2FA08, 0x2FA09, 0x2FA0A, 0x2FA0B, 0x2FA0C, 0x2FA0D, 0x2FA0E, 0x2FA0F, 0x2FA10, 0x2FA11,
        0x2FA12, 0x2FA13, 0x2FA14, 0x2FA15, 0x2FA16, 0x2FA17, 0x2FA18, 0x2FA19, 0x2FA1A, 0x2FA1B, 0x2FA1C, 0x2FA1D,
        0x31E7C,
    ];

    internal static readonly int[] Values =
    [
        0x2, 0x203, 0x501, 0x601, 0x701, 0x801, 0x902, 0xB01, 0xC01, 0xD02, 0xF02, 0x1101,
        0x1201, 0x1301, 0x1401, 0x1502, 0x1702, 0x1902, 0x1B01, 0x1C02, 0x1E02, 0x2002, 0x2202, 0x2401,
        0x2502, 0x2701, 0x2802, 0x2A02, 0x2C01, 0x2D01, 0x2E02, 0x3002, 0x3201, 0x3302, 0x3502, 0x3702,
        0x3902, 0x3B02, 0x3D02, 0x3F01, 0x4002, 0x4202, 0x4401, 0x4502, 0x4702, 0x4901, 0x4A02, 0x4C02,
        0x4E01, 0x4F02, 0x5102, 0x5302, 0x5502, 0x5701, 0x5802, 0x5A02, 0x5C02, 0x5E02, 0x6001, 0x6102,
        0x6301, 0x6402, 0x6601, 0x6702, 0x6902, 0x6B02, 0x6D02, 0x6F02, 0x7102, 0x7302, 0x7502, 0x7702,
        0x7902, 0x7B02, 0x7D02, 0x7F01, 0x8001, 0x8102, 0x8302, 0x8502, 0x8702, 0x8902, 0x8B02, 0x8D02,
        0x8F01, 0x9002, 0x9201, 0x9301, 0x9401, 0x9501, 0x9602, 0x9801, 0x9902, 0x9B02, 0x9D02, 0x9F02,
        0xA102, 0xA302, 0xA502, 0xA702, 0xA902, 0xAB01, 0xAC01, 0xAD01, 0xAE01, 0xAF01, 0xB001, 0xB101,
        0xB201, 0xB302, 0xB502, 0xB701, 0xB801, 0xB902, 0xBB02, 0xBD02, 0xBF01, 0xC003, 0xC301, 0xC401,
        0xC501, 0xC601, 0xC701, 0xC802, 0xCA02, 0xCC01, 0xCD01, 0xCE02, 0xD002, 0xD201, 0xD302, 0xD502,
        0xD702, 0xD902, 0xDB02, 0xDD02, 0xDF02, 0xE102, 0xE301, 0xE402, 0xE602, 0xE802, 0xEA01, 0xEB02,
        0xED01, 0xEE02, 0xF001, 0xF101, 0xF202, 0xF402, 0xF601, 0xF701, 0xF802, 0xFA02, 0xFC02, 0xFE01,
        0xFF03, 0x10202, 0x10402, 0x10602, 0x10802, 0x10A02, 0x10C02, 0x10E01, 0x10F01, 0x11002, 0x11201, 0x11301,
        0x11401, 0x11502, 0x11702, 0x11902, 0x11B02, 0x11D02, 0x11F02, 0x12102, 0x12303, 0x12602, 0x12802, 0x12A01,
        0x12B01, 0x12C02, 0x12E01, 0x12F01, 0x13001, 0x13101, 0x13201, 0x13301, 0x13401, 0x13501, 0x13601, 0x13701,
        0x13801, 0x13901, 0x13A01, 0x13B01, 0x13C01, 0x13D01, 0x13E01, 0x13F01, 0x14001, 0x14101, 0x14202, 0x14401,
        0x14501, 0x14601, 0x14702, 0x14901, 0x14A02, 0x14C01, 0x14D01, 0x14E01, 0x14F01, 0x15001, 0x15102, 0x15301,
        0x15401, 0x15501, 0x15601, 0x15701, 0x15801, 0x15901, 0x15A01, 0x15B01, 0x15C01, 0x15D01, 0x15E01, 0x15F01,
        0x16001, 0x16101, 0x16201, 0x16301, 0x16402, 0x16601, 0x16701, 0x16801, 0x16901, 0x16A01, 0x16B01, 0x16C01,
        0x16D01, 0x16E01, 0x16F01, 0x17001, 0x17101, 0x17201, 0x17301, 0x17401, 0x17501, 0x17601, 0x17701, 0x17801,
        0x17901, 0x17A01, 0x17B02, 0x17D01, 0x17E01, 0x17F01, 0x18001, 0x18101, 0x18201, 0x18301, 0x18401, 0x18501,
        0x18601, 0x18701, 0x18801, 0x18901, 0x18A01, 0x18B01, 0x18C01, 0x18D02, 0x18F02, 0x19101, 0x19201, 0x19301,
        0x19401, 0x19501, 0x19601, 0x19701, 0x19801, 0x19901, 0x19A01, 0x19B02, 0x19D01, 0x19E01, 0x19F01, 0x1A001,
        0x1A101, 0x1A201, 0x1A301, 0x1A401, 0x1A501, 0x1A601, 0x1A701, 0x1A801, 0x1A901, 0x1AA01, 0x1AB01, 0x1AC02,
        0x1AE01, 0x1AF01, 0x1B001, 0x1B101, 0x1B201, 0x1B301, 0x1B401, 0x1B501, 0x1B601, 0x1B701, 0x1B801, 0x1B901,
        0x1BA02, 0x1BC01, 0x1BD01, 0x1BE01, 0x1BF01, 0x1C001, 0x1C101, 0x1C201, 0x1C301, 0x1C401, 0x1C501, 0x1C601,
        0x1C701, 0x1C801, 0x1C901, 0x1CA01, 0x1CB01, 0x1CC01, 0x1CD02, 0x1CF01, 0x1D002, 0x1D201, 0x1D301, 0x1D401,
        0x1D501, 0x1D601, 0x1D701, 0x1D801, 0x1D901, 0x1DA01, 0x1DB01, 0x1DC01, 0x1DD01, 0x1DE01, 0x1DF01, 0x1E001,
        0x1E101, 0x1E201, 0x1E301, 0x1E401, 0x1E502, 0x1E702, 0x1E901, 0x1EA01, 0x1EB01, 0x1EC01, 0x1ED01, 0x1EE01,
        0x1EF02, 0x1F101, 0x1F202, 0x1F401, 0x1F502, 0x1F702, 0x1F901, 0x1FA01, 0x1FB02, 0x1FD02, 0x1FF01, 0x20001,
        0x20103, 0x20403, 0x20702, 0x20902, 0x20B02, 0x20D02, 0x20F02, 0x21102, 0x21302, 0x21502, 0x21702, 0x21902,
        0x21B02, 0x21D02, 0x21F02, 0x22102, 0x22302, 0x22502, 0x22702, 0x22902, 0x22B02, 0x22D02, 0x22F02, 0x23102,
        0x23301, 0x23401, 0x23502, 0x23702, 0x23902, 0x23B01, 0x23C01, 0x23D02, 0x23F02, 0x24101, 0x24202, 0x24402,
        0x24602, 0x24802, 0x24A02, 0x24C02, 0x24E01, 0x24F01, 0x25002, 0x25202, 0x25401, 0x25502, 0x25702, 0x25901,
        0x25A01, 0x25B01, 0x25C01, 0x25D02, 0x25F02, 0x26101, 0x26201, 0x26301, 0x26401, 0x26501, 0x26601, 0x26701,
        0x26801, 0x26901, 0x26A01, 0x26B01, 0x26C01, 0x26D01, 0x26E01, 0x26F01, 0x27001, 0x27101, 0x27201, 0x27301,
        0x27401, 0x27501, 0x27601, 0x27701, 0x27801, 0x27902, 0x27B01, 0x27C01, 0x27D01, 0x27E01, 0x27F01, 0x28001,
        0x28101, 0x28201, 0x28301, 0x28402, 0x28601, 0x28701, 0x28801, 0x28901, 0x28A01, 0x28B01, 0x28C01, 0x28D01,
        0x28E01, 0x28F01, 0x29001, 0x29101, 0x29201, 0x29301, 0x29401, 0x29501, 0x29601, 0x29701, 0x29801, 0x29901,
        0x29A01, 0x29B01, 0x29C02, 0x29E02, 0x2A002, 0x2A201, 0x2A302, 0x2A504, 0x2A905, 0x2AE01, 0x2AF01, 0x2B001,
        0x2B101, 0x2B201, 0x2B302, 0x2B502, 0x2B702, 0x2B902, 0x2BB01, 0x2BC02, 0x2BE02, 0x2C002, 0x2C202, 0x2C401,
        0x2C501, 0x2C601, 0x2C701, 0x2C801, 0x2C901, 0x2CA01, 0x2CB01, 0x2CC01, 0x2CD01, 0x2CE01, 0x2CF01, 0x2D001,
        0x2D101, 0x2D201, 0x2D301, 0x2D401, 0x2D501, 0x2D601, 0x2D701, 0x2D801, 0x2D903, 0x2DC01, 0x2DD01, 0x2DE01,
        0x2DF01, 0x2E001, 0x2E102, 0x2E302, 0x2E502, 0x2E702, 0x2E903, 0x2EC02, 0x2EE02, 0x2F001, 0x2F102, 0x2F302,
        0x2F502, 0x2F702, 0x2F902, 0x2FB02, 0x2FD02, 0x2FF02, 0x30102, 0x30302, 0x30502, 0x30702, 0x30902, 0x30B01,
        0x30C02, 0x30E01, 0x30F01, 0x31002, 0x31202, 0x31402, 0x31602, 0x31801, 0x31902, 0x31B02, 0x31D01, 0x31E01,
        0x31F01, 0x32001, 0x32102, 0x32302, 0x32502, 0x32702, 0x32902, 0x32B01, 0x32C02, 0x32E01, 0x32F02, 0x33101,
        0x33201, 0x33301, 0x33401, 0x33502, 0x33701, 0x33802, 0x33A02, 0x33C01, 0x33D01, 0x33E01, 0x33F01, 0x34001,
        0x34101, 0x34201, 0x34301, 0x34401, 0x34501, 0x34603, 0x34903, 0x34C02, 0x34E01, 0x34F01, 0x35001, 0x35101,
        0x35201, 0x35301, 0x35401, 0x35501, 0x35602, 0x35802, 0x35A02, 0x35C01, 0x35D02, 0x35F01, 0x36002, 0x36202,
        0x36402, 0x36602, 0x36802, 0x36A02, 0x36C01, 0x36D01, 0x36E01, 0x36F01, 0x37001, 0x37101, 0x37201, 0x37301,
        0x37401, 0x37502, 0x37702, 0x37902, 0x37B02, 0x37D02, 0x37F01, 0x38003, 0x38303, 0x38601, 0x38701, 0x38802,
        0x38A02, 0x38C03, 0x38F03, 0x39203, 0x39501, 0x39601, 0x39701, 0x39803, 0x39B02, 0x39D03, 0x3A002, 0x3A202,
        0x3A401, 0x3A501, 0x3A601, 0x3A701, 0x3A801, 0x3A901, 0x3AA01, 0x3AB01, 0x3AC01, 0x3AD01, 0x3AE01, 0x3AF01,
        0x3B001, 0x3B101, 0x3B201, 0x3B302, 0x3B501, 0x3B601, 0x3B702, 0x3B902, 0x3BB03, 0x3BE02, 0x3C002, 0x3C203,
        0x3C503, 0x3C803, 0x3CB04, 0x3CF03, 0x3D202, 0x3D401, 0x3D501, 0x3D601, 0x3D702, 0x3D902, 0x3DB01, 0x3DC01,
        0x3DD01, 0x3DE02, 0x3E002, 0x3E202, 0x3E401, 0x3E501, 0x3E601, 0x3E702, 0x3E902, 0x3EB03, 0x3EE02, 0x3F001,
        0x3F102, 0x3F302, 0x3F501, 0x3F602, 0x3F802, 0x3FA01, 0x3FB01, 0x3FC01, 0x3FD01, 0x3FE01, 0x3FF01, 0x40002,
        0x40204, 0x40604, 0x40A03, 0x40D03, 0x41005, 0x41502, 0x41702, 0x41901, 0x41A03, 0x41D01, 0x41E01, 0x41F01,
        0x42001, 0x42101, 0x42201, 0x42301, 0x42401, 0x42501, 0x42601, 0x42702, 0x42902, 0x42B02, 0x42D01, 0x42E01,
        0x42F01, 0x43001, 0x43101, 0x43201, 0x43303, 0x43602, 0x43801, 0x43901, 0x43A02, 0x43C02, 0x43E02, 0x44002,
        0x44203, 0x44503, 0x44803, 0x44B01, 0x44C01, 0x44D01, 0x44E01, 0x44F01, 0x45001, 0x45101, 0x45201, 0x45301,
        0x45401, 0x45501, 0x45601, 0x45701, 0x45801, 0x45902, 0x45B01, 0x45C02, 0x45E01, 0x45F01, 0x46001, 0x46101,
        0x46201, 0x46302, 0x46502, 0x46701, 0x46801, 0x46901, 0x46A01, 0x46B01, 0x46C02, 0x46E02, 0x47002, 0x47201,
        0x47301, 0x47401, 0x47501, 0x47601, 0x47701, 0x47802, 0x47A02, 0x47C01, 0x47D01, 0x47E01, 0x47F02, 0x48102,
        0x48301, 0x48402, 0x48601, 0x48702, 0x48902, 0x48B01, 0x48C01, 0x48D02, 0x48F02, 0x49102, 0x49302, 0x49502,
        0x49702, 0x49902, 0x49B02, 0x49D02, 0x49F02, 0x4A102, 0x4A302, 0x4A502, 0x4A702, 0x4A901, 0x4AA02, 0x4AC01,
        0x4AD01, 0x4AE01, 0x4AF01, 0x4B001, 0x4B101, 0x4B201, 0x4B302, 0x4B502, 0x4B701, 0x4B801, 0x4B901, 0x4BA01,
        0x4BB01, 0x4BC01, 0x4BD01, 0x4BE01, 0x4BF01, 0x4C001, 0x4C101, 0x4C201, 0x4C301, 0x4C401, 0x4C501, 0x4C601,
        0x4C701, 0x4C802, 0x4CA01, 0x4CB01, 0x4CC01, 0x4CD01, 0x4CE02, 0x4D001, 0x4D101, 0x4D202, 0x4D401, 0x4D502,
        0x4D702, 0x4D902, 0x4DB02, 0x4DD02, 0x4DF01, 0x4E002, 0x4E201, 0x4E301, 0x4E401, 0x4E501, 0x4E601, 0x4E701,
        0x4E801, 0x4E901, 0x4EA02, 0x4EC01, 0x4ED01, 0x4EE01, 0x4EF01, 0x4F001, 0x4F101, 0x4F202, 0x4F401, 0x4F503,
        0x4F803, 0x4FB01, 0x4FC01, 0x4FD02, 0x4FF03, 0x50203, 0x50501, 0x50603, 0x50902, 0x50B03, 0x50E02, 0x51002,
        0x51202, 0x51402, 0x51602, 0x51802, 0x51A01, 0x51B01, 0x51C02, 0x51E02, 0x52002, 0x52201, 0x52301, 0x52401,
        0x52501, 0x52601, 0x52702, 0x52901, 0x52A01, 0x52B02, 0x52D01, 0x52E01, 0x52F01, 0x53001, 0x53101, 0x53201,
        0x53301, 0x53401, 0x53502, 0x53702, 0x53901, 0x53A01, 0x53B01, 0x53C01, 0x53D01, 0x53E01, 0x53F01, 0x54001,
        0x54101, 0x54201, 0x54302, 0x54501, 0x54601, 0x54701, 0x54801, 0x54901, 0x54A01, 0x54B01, 0x54C01, 0x54D02,
        0x54F02, 0x55103, 0x55404, 0x55804, 0x55C01, 0x55D02, 0x55F02, 0x56102, 0x56302, 0x56501, 0x56601, 0x56703,
        0x56A03, 0x56D02, 0x56F02, 0x57102, 0x57301, 0x57401, 0x57502, 0x57701, 0x57801, 0x57902, 0x57B01, 0x57C02,
        0x57E05, 0x58302, 0x58505, 0x58A01, 0x58B01, 0x58C01, 0x58D01, 0x58E02, 0x59001, 0x59102, 0x59301, 0x59402,
        0x59603, 0x59902, 0x59B02, 0x59D02, 0x59F02, 0x5A101, 0x5A202, 0x5A401, 0x5A501, 0x5A601, 0x5A701, 0x5A802,
        0x5AA02, 0x5AC02, 0x5AE02, 0x5B002, 0x5B202, 0x5B402, 0x5B602, 0x5B802, 0x5BA02, 0x5BC02, 0x5BE02, 0x5C002,
        0x5C202, 0x5C402, 0x5C602, 0x5C802, 0x5CA02, 0x5CC02, 0x5CE02, 0x5D003, 0x5D303, 0x5D603, 0x5D903, 0x5DC03,
        0x5DF02, 0x5E102, 0x5E302, 0x5E502, 0x5E702, 0x5E903, 0x5EC02, 0x5EE02, 0x5F002, 0x5F202, 0x5F402, 0x5F602,
        0x5F803, 0x5FB03, 0x5FE02, 0x60002, 0x60202, 0x60402, 0x60602, 0x60802, 0x60A02, 0x60C02, 0x60E02, 0x61002,
        0x61202, 0x61402, 0x61602, 0x61802, 0x61A02, 0x61C02, 0x61E02, 0x62002, 0x62202, 0x62402, 0x62602, 0x62802,
        0x62A02, 0x62C02, 0x62E02, 0x63002, 0x63202, 0x63402, 0x63602, 0x63802, 0x63A02, 0x63C02, 0x63E02, 0x64002,
        0x64202, 0x64402, 0x64602, 0x64802, 0x64A03, 0x64D02, 0x64F02, 0x65103, 0x65402, 0x65601, 0x65702, 0x65901,
        0x65A02, 0x65C02, 0x65E02, 0x66002, 0x66202, 0x66402, 0x66602, 0x66802, 0x66A02, 0x66C02, 0x66E03, 0x67103,
        0x67402, 0x67602, 0x67802, 0x67A03, 0x67D02, 0x67F02, 0x68102, 0x68302, 0x68503, 0x68803, 0x68B03, 0x68E02,
        0x69002, 0x69202, 0x69403, 0x69702, 0x69903, 0x69C02, 0x69E02, 0x6A002, 0x6A202, 0x6A403, 0x6A702, 0x6A902,
        0x6AB02, 0x6AD02, 0x6AF02, 0x6B102, 0x6B302, 0x6B502, 0x6B702, 0x6B902, 0x6BB02, 0x6BD02, 0x6BF02, 0x6C102,
        0x6C303, 0x6C601, 0x6C702, 0x6C902, 0x6CB01, 0x6CC02, 0x6CE02, 0x6D001, 0x6D101, 0x6D202, 0x6D402, 0x6D602,
        0x6D802, 0x6DA02, 0x6DC02, 0x6DE02, 0x6E001, 0x6E101, 0x6E202, 0x6E401, 0x6E502, 0x6E701, 0x6E801, 0x6E901,
        0x6EA01, 0x6EB01, 0x6EC01, 0x6ED01, 0x6EE02, 0x6F003, 0x6F302, 0x6F502, 0x6F702, 0x6F902, 0x6FB02, 0x6FD02,
        0x6FF02, 0x70103, 0x70402, 0x70602, 0x70803, 0x70B02, 0x70D03, 0x71003, 0x71303, 0x71603, 0x71903, 0x71C03,
        0x71F02, 0x72102, 0x72302, 0x72502, 0x72702, 0x72902, 0x72B02, 0x72D03, 0x73002, 0x73202, 0x73402, 0x73602,
        0x73802, 0x73A02, 0x73C02, 0x73E02, 0x74002, 0x74202, 0x74402, 0x74602, 0x74801, 0x74902, 0x74B03, 0x74E02,
        0x75002, 0x75201, 0x75302, 0x75502, 0x75702, 0x75902, 0x75B02, 0x75D02, 0x75F02, 0x76102, 0x76301, 0x76402,
        0x76602, 0x76802, 0x76A02, 0x76C02, 0x76E02, 0x77001, 0x77101, 0x77201, 0x77301, 0x77401, 0x77501, 0x77601,
        0x77701, 0x77801, 0x77902, 0x77B01, 0x77C01, 0x77D01, 0x77E01, 0x77F01, 0x78001, 0x78101, 0x78201, 0x78301,
        0x78401, 0x78501, 0x78601, 0x78701, 0x78802, 0x78A01, 0x78B01, 0x78C01, 0x78D01, 0x78E01, 0x78F01, 0x79002,
        0x79201, 0x79301, 0x79401, 0x79501, 0x79601, 0x79701, 0x79801, 0x79901, 0x79A01, 0x79B01, 0x79C01, 0x79D01,
        0x79E02, 0x7A001, 0x7A101, 0x7A202, 0x7A401, 0x7A501, 0x7A601, 0x7A701, 0x7A801, 0x7A901, 0x7AA02, 0x7AC02,
        0x7AE02, 0x7B002, 0x7B202, 0x7B402, 0x7B602, 0x7B802, 0x7BA02, 0x7BC02, 0x7BE02, 0x7C002, 0x7C202, 0x7C402,
        0x7C601, 0x7C702, 0x7C902, 0x7CB02, 0x7CD02, 0x7CF01, 0x7D001, 0x7D101, 0x7D202, 0x7D401, 0x7D502, 0x7D702,
        0x7D902, 0x7DB02, 0x7DD02, 0x7DF02, 0x7E102, 0x7E302, 0x7E502, 0x7E702, 0x7E902, 0x7EB02, 0x7ED02, 0x7EF02,
        0x7F101, 0x7F201, 0x7F301, 0x7F402, 0x7F602, 0x7F802, 0x7FA02, 0x7FC02, 0x7FE02, 0x80002, 0x80202, 0x80402,
        0x80602, 0x80802, 0x80A02, 0x80C02, 0x80E02, 0x81002, 0x81202, 0x81402, 0x81602, 0x81802, 0x81A01, 0x81B01,
        0x81C01, 0x81D02, 0x81F02, 0x82102, 0x82302, 0x82502, 0x82702, 0x82902, 0x82B02, 0x82D02, 0x82F02, 0x83102,
        0x83302, 0x83502, 0x83703, 0x83A03, 0x83D02, 0x83F02, 0x84102, 0x84302, 0x84501, 0x84602, 0x84802, 0x84A02,
        0x84C02, 0x84E02, 0x85002, 0x85202, 0x85402, 0x85602, 0x85802, 0x85A02, 0x85C02, 0x85E02, 0x86002, 0x86201,
        0x86301, 0x86402, 0x86602, 0x86802, 0x86A02, 0x86C02, 0x86E02, 0x87002, 0x87202, 0x87402, 0x87602, 0x87802,
        0x87A02, 0x87C02, 0x87E02, 0x88001, 0x88102, 0x88302, 0x88502, 0x88702, 0x88902, 0x88B02, 0x88D01, 0x88E02,
        0x89002, 0x89202, 0x89402, 0x89602, 0x89802, 0x89A02, 0x89C02, 0x89E02, 0x8A002, 0x8A202, 0x8A402, 0x8A602,
        0x8A802, 0x8AA02, 0x8AC02, 0x8AE02, 0x8B002, 0x8B202, 0x8B402, 0x8B602, 0x8B802, 0x8BA02, 0x8BC02, 0x8BE02,
        0x8C002, 0x8C202, 0x8C402, 0x8C602, 0x8C802, 0x8CA02, 0x8CC02, 0x8CE02, 0x8D002, 0x8D202, 0x8D402, 0x8D602,
        0x8D802, 0x8DA02, 0x8DC02, 0x8DE02, 0x8E002, 0x8E202, 0x8E402, 0x8E602, 0x8E802, 0x8EA02, 0x8EC02, 0x8EE02,
        0x8F002, 0x8F202, 0x8F402, 0x8F602, 0x8F802, 0x8FA02, 0x8FC02, 0x8FE02, 0x90002, 0x90202, 0x90402, 0x90601,
        0x90701, 0x90802, 0x90A02, 0x90C02, 0x90E02, 0x91002, 0x91202, 0x91401, 0x91501, 0x91601, 0x91702, 0x91902,
        0x91B02, 0x91D02, 0x91F02, 0x92102, 0x92303, 0x92602, 0x92801, 0x92902, 0x92B02, 0x92D02, 0x92F02, 0x93102,
        0x93302, 0x93502, 0x93701, 0x93801, 0x93901, 0x93A01, 0x93B01, 0x93C01, 0x93D01, 0x93E01, 0x93F01, 0x94001,
        0x94101, 0x94201, 0x94301, 0x94401, 0x94501, 0x94601, 0x94701, 0x94801, 0x94901, 0x94A01, 0x94B01, 0x94C01,
        0x94D01, 0x94E01, 0x94F02, 0x95102, 0x95302, 0x95502, 0x95702, 0x95902, 0x95B02, 0x95D02, 0x95F02, 0x96102,
        0x96302, 0x96502, 0x96702, 0x96902, 0x96B02, 0x96D01, 0x96E01, 0x96F01, 0x97001, 0x97101, 0x97201, 0x97301,
        0x97401, 0x97501, 0x97601, 0x97701, 0x97801, 0x97901, 0x97A01, 0x97B01, 0x97C01, 0x97D01, 0x97E01, 0x97F01,
        0x98001, 0x98101, 0x98201, 0x98301, 0x98401, 0x98501, 0x98601, 0x98701, 0x98801, 0x98901, 0x98A01, 0x98B01,
        0x98C01, 0x98D01, 0x98E01, 0x98F02, 0x99102, 0x99302, 0x99502, 0x99702, 0x99902, 0x99B02, 0x99D02, 0x99F02,
        0x9A102, 0x9A302, 0x9A502, 0x9A702, 0x9A902, 0x9AB02, 0x9AD02, 0x9AF02, 0x9B102, 0x9B301, 0x9B402, 0x9B602,
        0x9B802, 0x9BA02, 0x9BC02, 0x9BE02, 0x9C002, 0x9C202, 0x9C402, 0x9C602, 0x9C802, 0x9CA01, 0x9CB01, 0x9CC01,
        0x9CD01, 0x9CE02, 0x9D002, 0x9D201, 0x9D301, 0x9D401, 0x9D501, 0x9D601, 0x9D702, 0x9D901, 0x9DA01, 0x9DB01,
        0x9DC01, 0x9DD02, 0x9DF02, 0x9E102, 0x9E301, 0x9E401, 0x9E502, 0x9E701, 0x9E801, 0x9E901, 0x9EA01, 0x9EB01,
        0x9EC01, 0x9ED01, 0x9EE01, 0x9EF01, 0x9F001, 0x9F101, 0x9F201, 0x9F301, 0x9F401, 0x9F501, 0x9F602, 0x9F801,
        0x9F901, 0x9FA01, 0x9FB01, 0x9FC01, 0x9FD01, 0x9FE01, 0x9FF01, 0xA0001, 0xA0101, 0xA0201, 0xA0301, 0xA0402,
        0xA0602, 0xA0803, 0xA0B02, 0xA0D02, 0xA0F02, 0xA1102, 0xA1302, 0xA1502, 0xA1701, 0xA1802, 0xA1A02, 0xA1C02,
        0xA1E02, 0xA2002, 0xA2201, 0xA2301, 0xA2401, 0xA2501, 0xA2601, 0xA2701, 0xA2801, 0xA2901, 0xA2A01, 0xA2B01,
        0xA2C01, 0xA2D01, 0xA2E01, 0xA2F01, 0xA3001, 0xA3101, 0xA3201, 0xA3301, 0xA3401, 0xA3501, 0xA3601, 0xA3701,
        0xA3801, 0xA3901, 0xA3A01, 0xA3B01, 0xA3C01, 0xA3D01, 0xA3E01, 0xA3F01, 0xA4001, 0xA4101, 0xA4201, 0xA4301,
        0xA4401, 0xA4501, 0xA4601, 0xA4701, 0xA4801, 0xA4901, 0xA4A02, 0xA4C01, 0xA4D01, 0xA4E01, 0xA4F01, 0xA5002,
        0xA5202, 0xA5402, 0xA5601, 0xA5701, 0xA5802, 0xA5A03, 0xA5D01, 0xA5E01, 0xA5F01, 0xA6001, 0xA6104, 0xA6505,
        0xA6A01, 0xA6B02, 0xA6D03, 0xA7001, 0xA7102, 0xA7303, 0xA7601, 0xA7701, 0xA7802, 0xA7A01, 0xA7B01, 0xA7C01,
        0xA7D01, 0xA7E02, 0xA8002, 0xA8202, 0xA8401, 0xA8503, 0xA8801, 0xA8904, 0xA8D01, 0xA8E01, 0xA8F01, 0xA9001,
        0xA9101, 0xA9201, 0xA9302, 0xA9501, 0xA9603, 0xA9902, 0xA9B02, 0xA9D03, 0xAA001, 0xAA102, 0xAA302, 0xAA502,
        0xAA701, 0xAA804, 0xAAC01, 0xAAD03, 0xAB003, 0xAB301, 0xAB402, 0xAB603, 0xAB903, 0xABC01, 0xABD01, 0xABE02,
        0xAC001, 0xAC101, 0xAC201, 0xAC301, 0xAC401, 0xAC502, 0xAC701, 0xAC801, 0xAC901, 0xACA01, 0xACB01, 0xACC02,
        0xACE01, 0xACF01, 0xAD001, 0xAD101, 0xAD201, 0xAD303, 0xAD601, 0xAD701, 0xAD801, 0xAD901, 0xADA01, 0xADB01,
        0xADC01, 0xADD01, 0xADE01, 0xADF01, 0xAE001, 0xAE101, 0xAE201, 0xAE301, 0xAE401, 0xAE501, 0xAE601, 0xAE701,
        0xAE801, 0xAE903, 0xAEC01, 0xAED01, 0xAEE01, 0xAEF01, 0xAF001, 0xAF101, 0xAF201, 0xAF302, 0xAF501, 0xAF601,
        0xAF701, 0xAF801, 0xAF901, 0xAFA01, 0xAFB02, 0xAFD03, 0xB0002, 0xB0201, 0xB0302, 0xB0503, 0xB0804, 0xB0C02,
        0xB0E01, 0xB0F02, 0xB1103, 0xB1401, 0xB1501, 0xB1601, 0xB1701, 0xB1801, 0xB1902, 0xB1B03, 0xB1E02, 0xB2001,
        0xB2102, 0xB2303, 0xB2604, 0xB2A02, 0xB2C01, 0xB2D02, 0xB2F03, 0xB3201, 0xB3301, 0xB3401, 0xB3502, 0xB3701,
        0xB3801, 0xB3901, 0xB3A01, 0xB3B01, 0xB3C02, 0xB3E01, 0xB3F01, 0xB4002, 0xB4202, 0xB4401, 0xB4501, 0xB4601,
        0xB4701, 0xB4801, 0xB4901, 0xB4A02, 0xB4C01, 0xB4D01, 0xB4E01, 0xB4F01, 0xB5001, 0xB5102, 0xB5301, 0xB5402,
        0xB5601, 0xB5701, 0xB5801, 0xB5901, 0xB5A02, 0xB5C03, 0xB5F02, 0xB6103, 0xB6401, 0xB6502, 0xB6701, 0xB6802,
        0xB6A03, 0xB6D02, 0xB6F02, 0xB7102, 0xB7302, 0xB7501, 0xB7602, 0xB7802, 0xB7A01, 0xB7B01, 0xB7C02, 0xB7E02,
        0xB8001, 0xB8102, 0xB8301, 0xB8401, 0xB8501, 0xB8601, 0xB8701, 0xB8801, 0xB8901, 0xB8A01, 0xB8B01, 0xB8C02,
        0xB8E02, 0xB9003, 0xB9303, 0xB9601, 0xB9703, 0xB9A01, 0xB9B01, 0xB9C01, 0xB9D01, 0xB9E01, 0xB9F01, 0xBA001,
        0xBA102, 0xBA302, 0xBA502, 0xBA701, 0xBA802, 0xBAA02, 0xBAC02, 0xBAE02, 0xBB001, 0xBB102, 0xBB301, 0xBB402,
        0xBB602, 0xBB801, 0xBB901, 0xBBA01, 0xBBB02, 0xBBD02, 0xBBF02, 0xBC102, 0xBC301, 0xBC401, 0xBC501, 0xBC601,
        0xBC701, 0xBC801, 0xBC901, 0xBCA01, 0xBCB01, 0xBCC01, 0xBCD01, 0xBCE01, 0xBCF02, 0xBD101, 0xBD201, 0xBD301,
        0xBD402, 0xBD601, 0xBD701, 0xBD801, 0xBD901, 0xBDA01, 0xBDB01, 0xBDC01, 0xBDD01, 0xBDE01, 0xBDF01, 0xBE003,
        0xBE303, 0xBE603, 0xBE903, 0xBEC03, 0xBEF03, 0xBF203, 0xBF503, 0xBF803, 0xBFB04, 0xBFF04, 0xC0304, 0xC0704,
        0xC0B04, 0xC0F04, 0xC1304, 0xC1704, 0xC1B04, 0xC1F04, 0xC2304, 0xC2702, 0xC2902, 0xC2B02, 0xC2D02, 0xC2F02,
        0xC3102, 0xC3302, 0xC3502, 0xC3702, 0xC3903, 0xC3C03, 0xC3F03, 0xC4203, 0xC4503, 0xC4803, 0xC4B03, 0xC4E03,
        0xC5103, 0xC5403, 0xC5703, 0xC5A03, 0xC5D03, 0xC6003, 0xC6303, 0xC6603, 0xC6903, 0xC6C03, 0xC6F03, 0xC7203,
        0xC7503, 0xC7803, 0xC7B03, 0xC7E04, 0xC8203, 0xC8503, 0xC8803, 0xC8B03, 0xC8E03, 0xC9103, 0xC9403, 0xC9703,
        0xC9A03, 0xC9D03, 0xCA003, 0xCA303, 0xCA603, 0xCA901, 0xCAA01, 0xCAB01, 0xCAC01, 0xCAD02, 0xCAF01, 0xCB001,
        0xCB101, 0xCB201, 0xCB301, 0xCB401, 0xCB501, 0xCB601, 0xCB701, 0xCB801, 0xCB901, 0xCBA01, 0xCBB01, 0xCBC01,
        0xCBD01, 0xCBE01, 0xCBF01, 0xCC001, 0xCC101, 0xCC202, 0xCC401, 0xCC501, 0xCC601, 0xCC701, 0xCC801, 0xCC901,
        0xCCA01, 0xCCB01, 0xCCC01, 0xCCD02, 0xCCF01, 0xCD001, 0xCD101, 0xCD202, 0xCD402, 0xCD601, 0xCD704, 0xCDB06,
        0xCE101, 0xCE201, 0xCE301, 0xCE401, 0xCE501, 0xCE601, 0xCE701, 0xCE801, 0xCE901, 0xCEA01, 0xCEB01, 0xCEC01,
        0xCED01, 0xCEE02, 0xCF002, 0xCF201, 0xCF301, 0xCF401, 0xCF501, 0xCF601, 0xCF702, 0xCF901, 0xCFA01, 0xCFB02,
        0xCFD02, 0xCFF02, 0xD0102, 0xD0301, 0xD0401, 0xD0502, 0xD0701, 0xD0801, 0xD0901, 0xD0A01, 0xD0B02, 0xD0D01,
        0xD0E02, 0xD1001, 0xD1102, 0xD1301, 0xD1401, 0xD1501, 0xD1602, 0xD1801, 0xD1901, 0xD1A01, 0xD1B01, 0xD1C01,
        0xD1D04, 0xD2101, 0xD2202, 0xD2401, 0xD2502, 0xD2702, 0xD2902, 0xD2B02, 0xD2D02, 0xD2F02, 0xD3102, 0xD3302,
        0xD3501, 0xD3602, 0xD3801, 0xD3901, 0xD3A01, 0xD3B02, 0xD3D02, 0xD3F03, 0xD4202, 0xD4403, 0xD4702, 0xD4901,
        0xD4A01, 0xD4B02, 0xD4D03, 0xD5002, 0xD5202, 0xD5401, 0xD5501, 0xD5601, 0xD5701, 0xD5802, 0xD5A02, 0xD5C01,
        0xD5D01, 0xD5E01, 0xD5F01, 0xD6001, 0xD6101, 0xD6201, 0xD6301, 0xD6401, 0xD6501, 0xD6601, 0xD6701, 0xD6802,
        0xD6A02, 0xD6C01, 0xD6D01, 0xD6E01, 0xD6F01, 0xD7001, 0xD7101, 0xD7201, 0xD7301, 0xD7401, 0xD7501, 0xD7601,
        0xD7701, 0xD7801, 0xD7901, 0xD7A01, 0xD7B01, 0xD7C01, 0xD7D01, 0xD7E01, 0xD7F01, 0xD8001, 0xD8101, 0xD8201,
        0xD8301, 0xD8401, 0xD8501, 0xD8601, 0xD8701, 0xD8801, 0xD8901, 0xD8A01, 0xD8B01, 0xD8C02, 0xD8E02, 0xD9002,
        0xD9202, 0xD9401, 0xD9501, 0xD9601, 0xD9701, 0xD9801, 0xD9901, 0xD9A01, 0xD9B01, 0xD9C01, 0xD9D01, 0xD9E01,
        0xD9F01, 0xDA001, 0xDA101, 0xDA201, 0xDA301, 0xDA401, 0xDA501, 0xDA601, 0xDA701, 0xDA801, 0xDA901, 0xDAA01,
        0xDAB01, 0xDAC01, 0xDAD01, 0xDAE01, 0xDAF01, 0xDB001, 0xDB102, 0xDB302, 0xDB501, 0xDB601, 0xDB701, 0xDB801,
        0xDB902, 0xDBB03, 0xDBE01, 0xDBF01, 0xDC001, 0xDC101, 0xDC201, 0xDC301, 0xDC401, 0xDC501, 0xDC601, 0xDC701,
        0xDC801, 0xDC901, 0xDCA01, 0xDCB01, 0xDCC01, 0xDCD01, 0xDCE02, 0xDD002, 0xDD202, 0xDD401, 0xDD501, 0xDD602,
        0xDD802, 0xDDA01, 0xDDB01, 0xDDC01, 0xDDD01, 0xDDE01, 0xDDF01, 0xDE001, 0xDE101, 0xDE201, 0xDE301, 0xDE401,
        0xDE501, 0xDE601, 0xDE701, 0xDE801, 0xDE901, 0xDEA01, 0xDEB01, 0xDEC01, 0xDED01, 0xDEE01, 0xDEF01, 0xDF001,
        0xDF101, 0xDF201, 0xDF301, 0xDF401, 0xDF501, 0xDF601, 0xDF701, 0xDF801, 0xDF901, 0xDFA01, 0xDFB01, 0xDFC01,
        0xDFD01, 0xDFE01, 0xDFF01, 0xE0001, 0xE0101, 0xE0201, 0xE0301, 0xE0401, 0xE0501, 0xE0601, 0xE0701, 0xE0801,
        0xE0901, 0xE0A01, 0xE0B01, 0xE0C01, 0xE0D01, 0xE0E01, 0xE0F01, 0xE1001, 0xE1101, 0xE1201, 0xE1301, 0xE1401,
        0xE1504, 0xE1901, 0xE1A01, 0xE1B01, 0xE1C01, 0xE1D01, 0xE1E01, 0xE1F01, 0xE2001, 0xE2101, 0xE2201, 0xE2301,
        0xE2401, 0xE2501, 0xE2601, 0xE2701, 0xE2801, 0xE2901, 0xE2A01, 0xE2B01, 0xE2C01, 0xE2D01, 0xE2E01, 0xE2F01,
        0xE3001, 0xE3101, 0xE3201, 0xE3301, 0xE3401, 0xE3501, 0xE3601, 0xE3701, 0xE3801, 0xE3901, 0xE3A01, 0xE3B01,
        0xE3C01, 0xE3D01, 0xE3E01, 0xE3F01, 0xE4001, 0xE4101, 0xE4201, 0xE4301, 0xE4401, 0xE4501, 0xE4601, 0xE4701,
        0xE4801, 0xE4901, 0xE4A01, 0xE4B01, 0xE4C01, 0xE4D01, 0xE4E01, 0xE4F01, 0xE5001, 0xE5101, 0xE5201, 0xE5301,
        0xE5401, 0xE5501, 0xE5601, 0xE5701, 0xE5801, 0xE5901, 0xE5A01, 0xE5B01, 0xE5C01, 0xE5D01, 0xE5E01, 0xE5F01,
        0xE6001, 0xE6101, 0xE6201, 0xE6301, 0xE6401, 0xE6501, 0xE6601, 0xE6701, 0xE6801, 0xE6901, 0xE6A01, 0xE6B01,
        0xE6C01, 0xE6D01, 0xE6E01, 0xE6F01, 0xE7001, 0xE7101, 0xE7201, 0xE7301, 0xE7401, 0xE7501, 0xE7601, 0xE7701,
        0xE7801, 0xE7901, 0xE7A01, 0xE7B01, 0xE7C01, 0xE7D01, 0xE7E01, 0xE7F01, 0xE8001, 0xE8101, 0xE8201, 0xE8301,
        0xE8401, 0xE8501, 0xE8601, 0xE8701, 0xE8801, 0xE8901, 0xE8A01, 0xE8B03, 0xE8E01, 0xE8F01, 0xE9001, 0xE9101,
        0xE9201, 0xE9301, 0xE9401, 0xE9501, 0xE9601, 0xE9701, 0xE9801, 0xE9901, 0xE9A01, 0xE9B01, 0xE9C01, 0xE9D01,
        0xE9E01, 0xE9F01, 0xEA001, 0xEA101, 0xEA201, 0xEA301, 0xEA401, 0xEA501, 0xEA601, 0xEA701, 0xEA801, 0xEA901,
        0xEAA01, 0xEAB01, 0xEAC01, 0xEAD01, 0xEAE01, 0xEAF01, 0xEB001, 0xEB101, 0xEB201, 0xEB301, 0xEB401, 0xEB501,
        0xEB601, 0xEB701, 0xEB801, 0xEB901, 0xEBA01, 0xEBB01, 0xEBC01, 0xEBD01, 0xEBE01, 0xEBF01, 0xEC001, 0xEC101,
        0xEC201, 0xEC301, 0xEC401, 0xEC501, 0xEC601, 0xEC701, 0xEC801, 0xEC901, 0xECA01, 0xECB01, 0xECC01, 0xECD01,
        0xECE01, 0xECF01, 0xED001, 0xED101, 0xED201, 0xED301, 0xED401, 0xED501, 0xED601, 0xED701, 0xED801, 0xED901,
        0xEDA01, 0xEDB04, 0xEDF01, 0xEE001, 0xEE101, 0xEE201, 0xEE301, 0xEE401, 0xEE501, 0xEE601, 0xEE701, 0xEE801,
        0xEE901, 0xEEA01, 0xEEB01, 0xEEC01, 0xEED01, 0xEEE01, 0xEEF01, 0xEF001, 0xEF101, 0xEF201, 0xEF301, 0xEF401,
        0xEF501, 0xEF601, 0xEF701, 0xEF801, 0xEF901, 0xEFA01, 0xEFB01, 0xEFC01, 0xEFD01, 0xEFE01, 0xEFF01, 0xF0001,
        0xF0101, 0xF0201, 0xF0301, 0xF0401, 0xF0501, 0xF0601, 0xF0701, 0xF0801, 0xF0901, 0xF0A01, 0xF0B01, 0xF0C01,
        0xF0D01, 0xF0E02, 0xF1001, 0xF1101, 0xF1201, 0xF1301, 0xF1401, 0xF1501, 0xF1601, 0xF1701, 0xF1801, 0xF1901,
        0xF1A01, 0xF1B01, 0xF1C01, 0xF1D01, 0xF1E01, 0xF1F01, 0xF2001, 0xF2101, 0xF2201, 0xF2301, 0xF2401, 0xF2501,
        0xF2601, 0xF2701, 0xF2801, 0xF2901, 0xF2A01, 0xF2B01, 0xF2C01, 0xF2D01, 0xF2E01, 0xF2F01, 0xF3001, 0xF3102,
        0xF3302, 0xF3501, 0xF3602, 0xF3802, 0xF3A01, 0xF3B02, 0xF3D01, 0xF3E02, 0xF4002, 0xF4202, 0xF4402, 0xF4602,
        0xF4802, 0xF4A02, 0xF4C01, 0xF4D01, 0xF4E02, 0xF5002, 0xF5201, 0xF5302, 0xF5501, 0xF5601, 0xF5702, 0xF5901,
        0xF5A01, 0xF5B01, 0xF5C01, 0xF5D01, 0xF5E01, 0xF5F02, 0xF6101, 0xF6202, 0xF6401, 0xF6502, 0xF6701, 0xF6802,
        0xF6A01, 0xF6B02, 0xF6D03, 0xF7002, 0xF7201, 0xF7301, 0xF7402, 0xF7603, 0xF7902, 0xF7B01, 0xF7C01, 0xF7D02,
        0xF7F01, 0xF8001, 0xF8102, 0xF8302, 0xF8502, 0xF8702, 0xF8903, 0xF8C02, 0xF8E03, 0xF9102, 0xF9302, 0xF9502,
        0xF9702, 0xF9902, 0xF9B02, 0xF9D02, 0xF9F02, 0xFA103, 0xFA403, 0xFA702, 0xFA902, 0xFAB02, 0xFAD03, 0xFB002,
        0xFB202, 0xFB402, 0xFB602, 0xFB802, 0xFBA01, 0xFBB02, 0xFBD01, 0xFBE02, 0xFC002, 0xFC202, 0xFC402, 0xFC601,
        0xFC702, 0xFC903, 0xFCC02, 0xFCE02, 0xFD003, 0xFD302, 0xFD501, 0xFD602, 0xFD801, 0xFD901, 0xFDA01, 0xFDB01,
        0xFDC01, 0xFDD01, 0xFDE01, 0xFDF01, 0xFE001, 0xFE103, 0xFE403, 0xFE703, 0xFEA03, 0xFED03, 0xFF003, 0xFF303,
        0xFF603, 0xFF903, 0xFFC03, 0xFFF03, 0x100203, 0x100503, 0x100803, 0x100B03, 0x100E03, 0x101103, 0x101403, 0x101703,
        0x101A03, 0x101D03, 0x102003, 0x102303, 0x102603, 0x102903, 0x102C03, 0x102F03, 0x103203, 0x103503, 0x103804, 0x103C04,
        0x104003, 0x104303, 0x104603, 0x104903, 0x104C03, 0x104F03, 0x105203, 0x105503, 0x105803, 0x105B03, 0x105E03, 0x106103,
        0x106403, 0x106703, 0x106A03, 0x106D03, 0x107003, 0x107303, 0x107603, 0x107903, 0x107C03, 0x107F03, 0x108203, 0x108503,
        0x108803, 0x108B03, 0x108E03, 0x109103, 0x109403, 0x109703, 0x109A03, 0x109D03, 0x10A003, 0x10A303, 0x10A603, 0x10A903,
        0x10AC02, 0x10AE02, 0x10B002, 0x10B202, 0x10B402, 0x10B602, 0x10B802, 0x10BA02, 0x10BC02, 0x10BE03, 0x10C103, 0x10C403,
        0x10C702, 0x10C902, 0x10CB02, 0x10CD02, 0x10CF02, 0x10D102, 0x10D302, 0x10D502, 0x10D702, 0x10D902, 0x10DB03, 0x10DE03,
        0x10E103, 0x10E403, 0x10E703, 0x10EA03, 0x10ED03, 0x10F003, 0x10F303, 0x10F603, 0x10F903, 0x10FC03, 0x10FF03, 0x110203,
        0x110503, 0x110802, 0x110A02, 0x110C02, 0x110E02, 0x111002, 0x111202, 0x111402, 0x111602, 0x111802, 0x111A03, 0x111D03,
        0x112003, 0x112303, 0x112603, 0x112903, 0x112C03, 0x112F03, 0x113203, 0x113503, 0x113803, 0x113B03, 0x113E03, 0x114103,
        0x114403, 0x114703, 0x114A03, 0x114D03, 0x115003, 0x115303, 0x115603, 0x115903, 0x115C01, 0x115D01, 0x115E01, 0x115F02,
        0x116101, 0x116202, 0x116403, 0x116701, 0x116801, 0x116902, 0x116B03, 0x116E01, 0x116F01, 0x117002, 0x117202, 0x117403,
        0x117701, 0x117801, 0x117901, 0x117A01, 0x117B01, 0x117C01, 0x117D01, 0x117E01, 0x117F02, 0x118101, 0x118201, 0x118301,
        0x118401, 0x118501, 0x118601, 0x118701, 0x118801, 0x118901, 0x118A01, 0x118B03, 0x118E01, 0x118F01, 0x119001, 0x119101,
        0x119201, 0x119301, 0x119401, 0x119501, 0x119601, 0x119701, 0x119801, 0x119901, 0x119A01, 0x119B01, 0x119C01, 0x119D01,
        0x119E01, 0x119F01, 0x11A001, 0x11A101, 0x11A201, 0x11A301, 0x11A404, 0x11A801, 0x11A901, 0x11AA01, 0x11AB01, 0x11AC01,
        0x11AD01, 0x11AE01, 0x11AF01, 0x11B001, 0x11B101, 0x11B201, 0x11B301, 0x11B401, 0x11B501, 0x11B601, 0x11B701, 0x11B801,
        0x11B901, 0x11BA01, 0x11BB01, 0x11BC01, 0x11BD01, 0x11BE01, 0x11BF01, 0x11C001, 0x11C101, 0x11C201, 0x11C301, 0x11C401,
        0x11C501, 0x11C601, 0x11C701, 0x11C801, 0x11C901, 0x11CA01, 0x11CB01, 0x11CC01, 0x11CD01, 0x11CE01, 0x11CF01, 0x11D001,
        0x11D101, 0x11D201, 0x11D301, 0x11D401, 0x11D501, 0x11D601, 0x11D701, 0x11D801, 0x11D901, 0x11DA01, 0x11DB01, 0x11DC02,
        0x11DE02, 0x11E001, 0x11E102, 0x11E301, 0x11E401, 0x11E501, 0x11E601, 0x11E701, 0x11E801, 0x11E902, 0x11EB03, 0x11EE01,
        0x11EF01, 0x11F001, 0x11F101, 0x11F202, 0x11F402, 0x11F602, 0x11F802, 0x11FA01, 0x11FB01, 0x11FC01, 0x11FD01, 0x11FE01,
        0x11FF01, 0x120001, 0x120101, 0x120201, 0x120301, 0x120401, 0x120502, 0x120701, 0x120801, 0x120902, 0x120B02, 0x120D01,
        0x120E02, 0x121002, 0x121202, 0x121402, 0x121602, 0x121802, 0x121A02, 0x121C02, 0x121E02, 0x122002, 0x122202, 0x122402,
        0x122602, 0x122802, 0x122A02, 0x122C02, 0x122E02, 0x123001, 0x123102, 0x123301, 0x123401, 0x123501, 0x123602, 0x123801,
        0x123901, 0x123A01, 0x123B01, 0x123C01, 0x123D01, 0x123E01, 0x123F01, 0x124002, 0x124202, 0x124401, 0x124501, 0x124601,
        0x124701, 0x124801, 0x124901, 0x124A01, 0x124B01, 0x124C01, 0x124D01, 0x124E01, 0x124F01, 0x125001, 0x125101, 0x125201,
        0x125301, 0x125401, 0x125502, 0x125701, 0x125801, 0x125901, 0x125A02, 0x125C02, 0x125E02, 0x126002, 0x126202, 0x126403,
        0x126702, 0x126903, 0x126C02, 0x126E02, 0x127003, 0x127303, 0x127602, 0x127802, 0x127A02, 0x127C02, 0x127E02, 0x128002,
        0x128203, 0x128502, 0x128702, 0x128903, 0x128C02, 0x128E02, 0x129003, 0x129302, 0x129502, 0x129702, 0x129902, 0x129B01,
        0x129C01, 0x129D01, 0x129E01, 0x129F01, 0x12A001, 0x12A101, 0x12A201, 0x12A301, 0x12A402, 0x12A602, 0x12A803, 0x12AB03,
        0x12AE01, 0x12AF01, 0x12B001, 0x12B101, 0x12B201, 0x12B301, 0x12B401, 0x12B501, 0x12B601, 0x12B702, 0x12B902, 0x12BB01,
        0x12BC01, 0x12BD01, 0x12BE02, 0x12C001, 0x12C101, 0x12C201, 0x12C301, 0x12C401, 0x12C501, 0x12C601, 0x12C701, 0x12C801,
        0x12C901, 0x12CA02, 0x12CC01, 0x12CD01, 0x12CE01, 0x12CF02, 0x12D101, 0x12D201, 0x12D301, 0x12D401, 0x12D501, 0x12D601,
        0x12D701, 0x12D801, 0x12D902, 0x12DB02, 0x12DD03, 0x12E002, 0x12E203, 0x12E502, 0x12E702, 0x12E903, 0x12EC03, 0x12EF02,
        0x12F102, 0x12F302, 0x12F503, 0x12F802, 0x12FA03, 0x12FD03, 0x130002, 0x130203, 0x130503, 0x130802, 0x130A02, 0x130C02,
        0x130E02, 0x131003, 0x131302, 0x131502, 0x131702, 0x131903, 0x131C02, 0x131E02, 0x132003, 0x132302, 0x132502, 0x132702,
        0x132903, 0x132C03, 0x132F03, 0x133203, 0x133503, 0x133803, 0x133B02, 0x133D03, 0x134002, 0x134202, 0x134403, 0x134702,
        0x134903, 0x134C02, 0x134E02, 0x135003, 0x135302, 0x135502, 0x135703, 0x135A02, 0x135C02, 0x135E02, 0x136003, 0x136303,
        0x136603, 0x136902, 0x136B02, 0x136D02, 0x136F02, 0x137102, 0x137302, 0x137503, 0x137802, 0x137A02, 0x137C02, 0x137E03,
        0x138102, 0x138302, 0x138502, 0x138701, 0x138801, 0x138901, 0x138A01, 0x138B01, 0x138C01, 0x138D01, 0x138E01, 0x138F01,
        0x139001, 0x139101, 0x139201, 0x139301, 0x139401, 0x139501, 0x139601, 0x139701, 0x139801, 0x139901, 0x139A01, 0x139B01,
        0x139C01, 0x139D01, 0x139E01, 0x139F01, 0x13A001, 0x13A101, 0x13A201, 0x13A301, 0x13A401, 0x13A501, 0x13A601, 0x13A701,
        0x13A801, 0x13A901, 0x13AA01, 0x13AB01, 0x13AC01, 0x13AD01, 0x13AE01, 0x13AF01, 0x13B001, 0x13B101, 0x13B201, 0x13B301,
        0x13B401, 0x13B501, 0x13B601, 0x13B701, 0x13B801, 0x13B901, 0x13BA01, 0x13BB01, 0x13BC01, 0x13BD01, 0x13BE01, 0x13BF01,
        0x13C001, 0x13C101, 0x13C201, 0x13C301, 0x13C401, 0x13C501, 0x13C601, 0x13C701, 0x13C801, 0x13C901, 0x13CA01, 0x13CB01,
        0x13CC01, 0x13CD01, 0x13CE01, 0x13CF01, 0x13D001, 0x13D101, 0x13D201, 0x13D301, 0x13D401, 0x13D501, 0x13D601, 0x13D701,
        0x13D801, 0x13D901, 0x13DA01, 0x13DB01, 0x13DC01, 0x13DD01, 0x13DE01, 0x13DF01, 0x13E001, 0x13E101, 0x13E201, 0x13E301,
        0x13E401, 0x13E501, 0x13E601, 0x13E701, 0x13E801, 0x13E901, 0x13EA01, 0x13EB01, 0x13EC01, 0x13ED01, 0x13EE01, 0x13EF01,
        0x13F001, 0x13F101, 0x13F201, 0x13F301, 0x13F401, 0x13F501, 0x13F601, 0x13F701, 0x13F801, 0x13F901, 0x13FA01, 0x13FB01,
        0x13FC01, 0x13FD01, 0x13FE01, 0x13FF01, 0x140001, 0x140101, 0x140201, 0x140301, 0x140401, 0x140501, 0x140601, 0x140701,
        0x140801, 0x140901, 0x140A01, 0x140B01, 0x140C01, 0x140D01, 0x140E01, 0x140F01, 0x141001, 0x141101, 0x141201, 0x141301,
        0x141401, 0x141501, 0x141601, 0x141701, 0x141801, 0x141901, 0x141A01, 0x141B01, 0x141C01, 0x141D01, 0x141E01, 0x141F01,
        0x142001, 0x142101, 0x142201, 0x142301, 0x142401, 0x142501, 0x142601, 0x142701, 0x142801, 0x142901, 0x142A01, 0x142B01,
        0x142C01, 0x142D01, 0x142E01, 0x142F01, 0x143001, 0x143101, 0x143201, 0x143301, 0x143401, 0x143501, 0x143601, 0x143701,
        0x143801, 0x143901, 0x143A01, 0x143B01, 0x143C01, 0x143D01, 0x143E01, 0x143F01, 0x144001, 0x144101, 0x144201, 0x144301,
        0x144401, 0x144501, 0x144601, 0x144701, 0x144801, 0x144901, 0x144A01, 0x144B01, 0x144C01, 0x144D01, 0x144E01, 0x144F01,
        0x145001, 0x145101, 0x145201, 0x145301, 0x145401, 0x145501, 0x145601, 0x145701, 0x145801, 0x145901, 0x145A01, 0x145B01,
        0x145C01, 0x145D01, 0x145E01, 0x145F01, 0x146001, 0x146101, 0x146201, 0x146301, 0x146401, 0x146501, 0x146601, 0x146701,
        0x146801, 0x146901, 0x146A01, 0x146B01, 0x146C01, 0x146D01, 0x146E01, 0x146F01, 0x147001, 0x147101, 0x147201, 0x147301,
        0x147401, 0x147501, 0x147601, 0x147701, 0x147801, 0x147901, 0x147A01, 0x147B01, 0x147C01, 0x147D01, 0x147E01, 0x147F01,
        0x148001, 0x148101, 0x148201, 0x148301, 0x148401, 0x148501, 0x148601, 0x148701, 0x148801, 0x148901, 0x148A01, 0x148B01,
        0x148C01, 0x148D01, 0x148E01, 0x148F01, 0x149001, 0x149101, 0x149201, 0x149301, 0x149401, 0x149501, 0x149601, 0x149701,
        0x149801, 0x149901, 0x149A01, 0x149B01, 0x149C01, 0x149D01, 0x149E01, 0x149F01, 0x14A001, 0x14A101, 0x14A201, 0x14A301,
        0x14A401, 0x14A501, 0x14A601, 0x14A701, 0x14A801, 0x14A901, 0x14AA01, 0x14AB01, 0x14AC01, 0x14AD01, 0x14AE01, 0x14AF01,
        0x14B001, 0x14B101, 0x14B201, 0x14B301, 0x14B401, 0x14B501, 0x14B601, 0x14B701, 0x14B801, 0x14B901, 0x14BA01, 0x14BB01,
        0x14BC01, 0x14BD01, 0x14BE01, 0x14BF01, 0x14C001, 0x14C101, 0x14C201, 0x14C301, 0x14C401, 0x14C501, 0x14C601, 0x14C701,
        0x14C801, 0x14C901, 0x14CA01, 0x14CB01, 0x14CC01, 0x14CD01, 0x14CE01, 0x14CF01, 0x14D001, 0x14D101, 0x14D201, 0x14D301,
        0x14D401, 0x14D501, 0x14D601, 0x14D701, 0x14D801, 0x14D901, 0x14DA01, 0x14DB01, 0x14DC01, 0x14DD01, 0x14DE01, 0x14DF01,
        0x14E001, 0x14E101, 0x14E201, 0x14E301, 0x14E401, 0x14E501, 0x14E601, 0x14E702, 0x14E901, 0x14EA01, 0x14EB01, 0x14EC01,
        0x14ED01, 0x14EE01, 0x14EF01, 0x14F001, 0x14F101, 0x14F201, 0x14F301, 0x14F401, 0x14F501, 0x14F601, 0x14F701, 0x14F801,
        0x14F901, 0x14FA01, 0x14FB01, 0x14FC01, 0x14FD01, 0x14FE01, 0x14FF01, 0x150001, 0x150101, 0x150201, 0x150301, 0x150401,
        0x150501, 0x150601, 0x150701, 0x150801, 0x150901, 0x150A01, 0x150B01, 0x150C01, 0x150D01, 0x150E01, 0x150F01, 0x151001,
        0x151101, 0x151201, 0x151301, 0x151401, 0x151501, 0x151601, 0x151701, 0x151801, 0x151901, 0x151A01, 0x151B01, 0x151C01,
        0x151D01, 0x151E01, 0x151F01, 0x152001, 0x152101, 0x152201, 0x152301, 0x152401, 0x152501, 0x152601, 0x152701, 0x152801,
        0x152901, 0x152A01, 0x152B01, 0x152C01, 0x152D01, 0x152E01, 0x152F01, 0x153001, 0x153101, 0x153201, 0x153301, 0x153401,
        0x153501, 0x153601, 0x153701, 0x153801, 0x153901, 0x153A01, 0x153B01, 0x153C01, 0x153D01, 0x153E01, 0x153F01, 0x154001,
        0x154101, 0x154201, 0x154301, 0x154401, 0x154501, 0x154601, 0x154701, 0x154801, 0x154902, 0x154B02, 0x154D02, 0x154F01,
        0x155001, 0x155101, 0x155202, 0x155402, 0x155602, 0x155801, 0x155901, 0x155A02, 0x155C02, 0x155E02, 0x156003, 0x156303,
        0x156602, 0x156802, 0x156A02, 0x156C02, 0x156E02, 0x157002, 0x157201, 0x157301, 0x157401, 0x157501, 0x157601, 0x157701,
        0x157801, 0x157901, 0x157A01, 0x157B02, 0x157D01, 0x157E01, 0x157F01, 0x158001, 0x158101, 0x158201, 0x158302, 0x158501,
        0x158601, 0x158701, 0x158801, 0x158901, 0x158A01, 0x158B02, 0x158D02, 0x158F02, 0x159102, 0x159301, 0x159401, 0x159501,
        0x159601, 0x159701, 0x159801, 0x159901, 0x159A01, 0x159B01, 0x159C01, 0x159D01, 0x159E01, 0x159F02, 0x15A102, 0x15A302,
        0x15A502, 0x15A702, 0x15A902, 0x15AB02, 0x15AD02, 0x15AF01, 0x15B001, 0x15B101, 0x15B201, 0x15B301, 0x15B401, 0x15B501,
        0x15B601, 0x15B701, 0x15B801, 0x15B901, 0x15BA01, 0x15BB01, 0x15BC01, 0x15BD01, 0x15BE01, 0x15BF01, 0x15C001, 0x15C101,
        0x15C201, 0x15C301, 0x15C401, 0x15C501, 0x15C601, 0x15C702, 0x15C902, 0x15CB02, 0x15CD02, 0x15CF02, 0x15D102, 0x15D302,
        0x15D502, 0x15D701, 0x15D801, 0x15D901, 0x15DA01, 0x15DB01, 0x15DC01, 0x15DD01, 0x15DE01, 0x15DF01, 0x15E001, 0x15E101,
        0x15E201, 0x15E301, 0x15E401, 0x15E501, 0x15E601, 0x15E701, 0x15E801, 0x15E902, 0x15EB02, 0x15ED02, 0x15EF02, 0x15F101,
        0x15F201, 0x15F301, 0x15F401, 0x15F501, 0x15F601, 0x15F701, 0x15F801, 0x15F901, 0x15FA01, 0x15FB01, 0x15FC01, 0x15FD01,
        0x15FE01, 0x15FF02, 0x160102, 0x160302, 0x160502, 0x160702, 0x160902, 0x160B02, 0x160D02, 0x160F02, 0x161102, 0x161303,
        0x161602, 0x161802, 0x161A01, 0x161B01, 0x161C02, 0x161E02, 0x162001, 0x162101, 0x162201, 0x162301, 0x162401, 0x162501,
        0x162603, 0x162903, 0x162C03, 0x162F03, 0x163203, 0x163503, 0x163804, 0x163C04, 0x164004, 0x164404, 0x164804, 0x164C04,
        0x165003, 0x165303, 0x165603, 0x165903, 0x165C03, 0x165F03, 0x166201, 0x166301, 0x166401, 0x166501, 0x166603, 0x166903,
        0x166C03, 0x166F03, 0x167203, 0x167502, 0x167702, 0x167902, 0x167B02, 0x167D02, 0x167F02, 0x168102, 0x168302, 0x168502,
        0x168702, 0x168902, 0x168B02, 0x168D03, 0x169003, 0x169303, 0x169603, 0x169902, 0x169B02, 0x169D02, 0x169F02, 0x16A102,
        0x16A302, 0x16A502, 0x16A702, 0x16A902, 0x16AB02, 0x16AD02, 0x16AF02, 0x16B102, 0x16B302, 0x16B502, 0x16B702, 0x16B902,
        0x16BB02, 0x16BD02, 0x16BF02, 0x16C102, 0x16C302, 0x16C502, 0x16C702, 0x16C902, 0x16CB02, 0x16CD02, 0x16CF02, 0x16D102,
        0x16D302, 0x16D502, 0x16D702, 0x16D902, 0x16DB02, 0x16DD02, 0x16DF02, 0x16E102, 0x16E302, 0x16E502, 0x16E702, 0x16E902,
        0x16EB02, 0x16ED02, 0x16EF02, 0x16F102, 0x16F302, 0x16F502, 0x16F702, 0x16F902, 0x16FB02, 0x16FD02, 0x16FF02, 0x170102,
        0x170302, 0x170502, 0x170702, 0x170902, 0x170B02, 0x170D02, 0x170F02, 0x171102, 0x171302, 0x171502, 0x171702, 0x171902,
        0x171B02, 0x171D02, 0x171F02, 0x172102, 0x172302, 0x172502, 0x172702, 0x172902, 0x172B02, 0x172D02, 0x172F02, 0x173102,
        0x173302, 0x173502, 0x173703, 0x173A03, 0x173D03, 0x174003, 0x174303, 0x174603, 0x174902, 0x174B02, 0x174D02, 0x174F02,
        0x175102, 0x175302, 0x175502, 0x175702, 0x175902, 0x175B02, 0x175D02, 0x175F02, 0x176103, 0x176403, 0x176703, 0x176A03,
        0x176D03, 0x177003, 0x177302, 0x177502, 0x177702, 0x177902, 0x177B02, 0x177D02, 0x177F02, 0x178102, 0x178302, 0x178502,
        0x178702, 0x178902, 0x178B02, 0x178D02, 0x178F02, 0x179102, 0x179302, 0x179502, 0x179702, 0x179902, 0x179B02, 0x179D02,
        0x179F02, 0x17A102, 0x17A302, 0x17A502, 0x17A702, 0x17A903, 0x17AC03, 0x17AF03, 0x17B203, 0x17B503, 0x17B802, 0x17BA02,
        0x17BC02, 0x17BE02, 0x17C002, 0x17C202, 0x17C402, 0x17C602, 0x17C802, 0x17CA02, 0x17CC03, 0x17CF02, 0x17D102, 0x17D302,
        0x17D502, 0x17D702, 0x17D902, 0x17DB02, 0x17DD02, 0x17DF02, 0x17E102, 0x17E302, 0x17E502, 0x17E702, 0x17E902, 0x17EB02,
        0x17ED02, 0x17EF02, 0x17F102, 0x17F302, 0x17F502, 0x17F702, 0x17F902, 0x17FB02, 0x17FD02, 0x17FF02, 0x180102, 0x180302,
        0x180502, 0x180702, 0x180902, 0x180B02, 0x180D02, 0x180F02, 0x181102, 0x181302, 0x181502, 0x181702, 0x181902, 0x181B02,
        0x181D02, 0x181F02, 0x182102, 0x182302, 0x182502, 0x182702, 0x182902, 0x182B02, 0x182D02, 0x182F02, 0x183102, 0x183302,
        0x183502, 0x183702, 0x183902, 0x183B02, 0x183D02, 0x183F03, 0x184203, 0x184502, 0x184702, 0x184902, 0x184B02, 0x184D03,
        0x185003, 0x185302, 0x185502, 0x185703, 0x185A03, 0x185D02, 0x185F02, 0x186102, 0x186302, 0x186502, 0x186702, 0x186902,
        0x186B02, 0x186D02, 0x186F02, 0x187102, 0x187302, 0x187502, 0x187702, 0x187902, 0x187B02, 0x187D02, 0x187F02, 0x188103,
        0x188403, 0x188702, 0x188902, 0x188B02, 0x188D02, 0x188F02, 0x189102, 0x189302, 0x189502, 0x189702, 0x189902, 0x189B03,
        0x189E03, 0x18A103, 0x18A403, 0x18A703, 0x18AA02, 0x18AC02, 0x18AE02, 0x18B002, 0x18B202, 0x18B402, 0x18B602, 0x18B802,
        0x18BA02, 0x18BC02, 0x18BE02, 0x18C003, 0x18C303, 0x18C602, 0x18C802, 0x18CA02, 0x18CC02, 0x18CE02, 0x18D002, 0x18D202,
        0x18D402, 0x18D602, 0x18D802, 0x18DA03, 0x18DD03, 0x18E003, 0x18E303, 0x18E603, 0x18E902, 0x18EB02, 0x18ED02, 0x18EF03,
        0x18F203, 0x18F503, 0x18F803, 0x18FB02, 0x18FD03, 0x190002, 0x190202, 0x190402, 0x190602, 0x190803, 0x190B03, 0x190E03,
        0x191102, 0x191302, 0x191502, 0x191702, 0x191901, 0x191A01, 0x191B03, 0x191E03, 0x192103, 0x192403, 0x192703, 0x192A03,
        0x192D03, 0x193003, 0x193303, 0x193603, 0x193903, 0x193C03, 0x193F03, 0x194203, 0x194503, 0x194803, 0x194B03, 0x194E03,
        0x195103, 0x195403, 0x195703, 0x195A03, 0x195D03, 0x196004, 0x196404, 0x196804, 0x196C04, 0x197004, 0x197404, 0x197804,
        0x197C03, 0x197F03, 0x198203, 0x198503, 0x198803, 0x198B03, 0x198E03, 0x199103, 0x199403, 0x199703, 0x199A03, 0x199D03,
        0x19A003, 0x19A303, 0x19A603, 0x19A903, 0x19AC03, 0x19AF03, 0x19B203, 0x19B503, 0x19B803, 0x19BB03, 0x19BE03, 0x19C103,
        0x19C403, 0x19C703, 0x19CA03, 0x19CD03, 0x19D003, 0x19D303, 0x19D603, 0x19D903, 0x19DC03, 0x19DF03, 0x19E203, 0x19E503,
        0x19E803, 0x19EB03, 0x19EE03, 0x19F103, 0x19F403, 0x19F703, 0x19FA03, 0x19FD03, 0x1A0003, 0x1A0303, 0x1A0603, 0x1A0903,
        0x1A0C03, 0x1A0F03, 0x1A1203, 0x1A1503, 0x1A1803, 0x1A1B03, 0x1A1E03, 0x1A2103, 0x1A2403, 0x1A2703, 0x1A2A04, 0x1A2E03,
        0x1A3103, 0x1A3403, 0x1A3703, 0x1A3A03, 0x1A3D03, 0x1A4003, 0x1A4303, 0x1A4603, 0x1A4903, 0x1A4C03, 0x1A4F03, 0x1A5203,
        0x1A5503, 0x1A5803, 0x1A5B03, 0x1A5E03, 0x1A6103, 0x1A6403, 0x1A6703, 0x1A6A03, 0x1A6D03, 0x1A7003, 0x1A7303, 0x1A7603,
        0x1A7903, 0x1A7C03, 0x1A7F03, 0x1A8203, 0x1A8503, 0x1A8803, 0x1A8B06, 0x1A9104, 0x1A9504, 0x1A9904, 0x1A9D04, 0x1AA104,
        0x1AA504, 0x1AA903, 0x1AAC12, 0x1ABE08, 0x1AC604, 0x1ACA01, 0x1ACB01, 0x1ACC01, 0x1ACD01, 0x1ACE01, 0x1ACF01, 0x1AD001,
        0x1AD101, 0x1AD201, 0x1AD301, 0x1AD401, 0x1AD501, 0x1AD601, 0x1AD701, 0x1AD801, 0x1AD901, 0x1ADA01, 0x1ADB01, 0x1ADC01,
        0x1ADD01, 0x1ADE01, 0x1ADF01, 0x1AE002, 0x1AE202, 0x1AE402, 0x1AE602, 0x1AE802, 0x1AEA02, 0x1AEC02, 0x1AEE02, 0x1AF002,
        0x1AF202, 0x1AF401, 0x1AF501, 0x1AF601, 0x1AF701, 0x1AF801, 0x1AF901, 0x1AFA01, 0x1AFB01, 0x1AFC01, 0x1AFD01, 0x1AFE01,
        0x1AFF01, 0x1B0002, 0x1B0202, 0x1B0402, 0x1B0602, 0x1B0801, 0x1B0901, 0x1B0A01, 0x1B0B01, 0x1B0C01, 0x1B0D01, 0x1B0E01,
        0x1B0F01, 0x1B1001, 0x1B1101, 0x1B1201, 0x1B1301, 0x1B1401, 0x1B1501, 0x1B1601, 0x1B1701, 0x1B1801, 0x1B1901, 0x1B1A01,
        0x1B1B01, 0x1B1C01, 0x1B1D01, 0x1B1E01, 0x1B1F01, 0x1B2002, 0x1B2202, 0x1B2402, 0x1B2602, 0x1B2801, 0x1B2901, 0x1B2A01,
        0x1B2B01, 0x1B2C01, 0x1B2D01, 0x1B2E01, 0x1B2F01, 0x1B3001, 0x1B3101, 0x1B3201, 0x1B3301, 0x1B3401, 0x1B3501, 0x1B3601,
        0x1B3701, 0x1B3801, 0x1B3901, 0x1B3A01, 0x1B3B01, 0x1B3C01, 0x1B3D01, 0x1B3E01, 0x1B3F01, 0x1B4001, 0x1B4101, 0x1B4201,
        0x1B4301, 0x1B4401, 0x1B4501, 0x1B4601, 0x1B4701, 0x1B4801, 0x1B4901, 0x1B4A01, 0x1B4B01, 0x1B4C01, 0x1B4D01, 0x1B4E01,
        0x1B4F01, 0x1B5001, 0x1B5101, 0x1B5201, 0x1B5301, 0x1B5401, 0x1B5501, 0x1B5601, 0x1B5701, 0x1B5801, 0x1B5901, 0x1B5A01,
        0x1B5B01, 0x1B5C01, 0x1B5D01, 0x1B5E01, 0x1B5F01, 0x1B6001, 0x1B6101, 0x1B6201, 0x1B6301, 0x1B6402, 0x1B6602, 0x1B6803,
        0x1B6B03, 0x1B6E03, 0x1B7103, 0x1B7402, 0x1B7602, 0x1B7801, 0x1B7902, 0x1B7B01, 0x1B7C01, 0x1B7D01, 0x1B7E01, 0x1B7F01,
        0x1B8001, 0x1B8101, 0x1B8201, 0x1B8301, 0x1B8401, 0x1B8501, 0x1B8601, 0x1B8701, 0x1B8801, 0x1B8901, 0x1B8A01, 0x1B8B01,
        0x1B8C01, 0x1B8D01, 0x1B8E01, 0x1B8F01, 0x1B9001, 0x1B9101, 0x1B9201, 0x1B9301, 0x1B9401, 0x1B9501, 0x1B9601, 0x1B9701,
        0x1B9801, 0x1B9901, 0x1B9A01, 0x1B9B01, 0x1B9C01, 0x1B9D01, 0x1B9E01, 0x1B9F01, 0x1BA001, 0x1BA101, 0x1BA201, 0x1BA301,
        0x1BA401, 0x1BA501, 0x1BA601, 0x1BA701, 0x1BA801, 0x1BA902, 0x1BAB02, 0x1BAD02, 0x1BAF06, 0x1BB504, 0x1BB901, 0x1BBA01,
        0x1BBB01, 0x1BBC01, 0x1BBD01, 0x1BBE01, 0x1BBF01, 0x1BC001, 0x1BC101, 0x1BC201, 0x1BC301, 0x1BC401, 0x1BC501, 0x1BC601,
        0x1BC701, 0x1BC801, 0x1BC901, 0x1BCA01, 0x1BCB01, 0x1BCC01, 0x1BCD01, 0x1BCE01, 0x1BCF01, 0x1BD001, 0x1BD101, 0x1BD201,
        0x1BD301, 0x1BD401, 0x1BD501, 0x1BD601, 0x1BD701, 0x1BD801, 0x1BD901, 0x1BDA01, 0x1BDB01, 0x1BDC01, 0x1BDD01, 0x1BDE01,
        0x1BDF01, 0x1BE001, 0x1BE101, 0x1BE201, 0x1BE301, 0x1BE401, 0x1BE501, 0x1BE601, 0x1BE702, 0x1BE902, 0x1BEB01, 0x1BEC01,
        0x1BED01, 0x1BEE01, 0x1BEF01, 0x1BF001, 0x1BF101, 0x1BF201, 0x1BF301, 0x1BF401, 0x1BF501, 0x1BF601, 0x1BF701, 0x1BF801,
        0x1BF901, 0x1BFA01, 0x1BFB01, 0x1BFC01, 0x1BFD01, 0x1BFE02, 0x1C0001, 0x1C0101, 0x1C0201, 0x1C0301, 0x1C0401, 0x1C0501,
        0x1C0601, 0x1C0701, 0x1C0801, 0x1C0901, 0x1C0A01, 0x1C0B01, 0x1C0C01, 0x1C0D01, 0x1C0E01, 0x1C0F01, 0x1C1001, 0x1C1101,
        0x1C1201, 0x1C1301, 0x1C1401, 0x1C1501, 0x1C1601, 0x1C1701, 0x1C1801, 0x1C1901, 0x1C1A01, 0x1C1B04, 0x1C1F02, 0x1C2102,
        0x1C2301, 0x1C2401, 0x1C2502, 0x1C2701, 0x1C2801, 0x1C2901, 0x1C2A01, 0x1C2B01, 0x1C2C01, 0x1C2D01, 0x1C2E01, 0x1C2F06,
        0x1C3506, 0x1C3B06, 0x1C4106, 0x1C4706, 0x1C4D06, 0x1C5304, 0x1C5701, 0x1C5801, 0x1C5901, 0x1C5A01, 0x1C5B01, 0x1C5C01,
        0x1C5D01, 0x1C5E01, 0x1C5F01, 0x1C6001, 0x1C6101, 0x1C6201, 0x1C6301, 0x1C6401, 0x1C6501, 0x1C6601, 0x1C6701, 0x1C6801,
        0x1C6901, 0x1C6A01, 0x1C6B01, 0x1C6C01, 0x1C6D01, 0x1C6E01, 0x1C6F01, 0x1C7001, 0x1C7102, 0x1C7301, 0x1C7401, 0x1C7501,
        0x1C7601, 0x1C7702, 0x1C7901, 0x1C7A01, 0x1C7B01, 0x1C7C01, 0x1C7D02, 0x1C7F02, 0x1C8102, 0x1C8302, 0x1C8502, 0x1C8702,
        0x1C8904, 0x1C8D02, 0x1C8F01, 0x1C9001, 0x1C9101, 0x1C9201, 0x1C9301, 0x1C9401, 0x1C9501, 0x1C9601, 0x1C9701, 0x1C9801,
        0x1C9901, 0x1C9A01, 0x1C9B01, 0x1C9C01, 0x1C9D01, 0x1C9E01, 0x1C9F01, 0x1CA001, 0x1CA101, 0x1CA201, 0x1CA301, 0x1CA401,
        0x1CA501, 0x1CA601, 0x1CA701, 0x1CA801, 0x1CA901, 0x1CAA01, 0x1CAB01, 0x1CAC01, 0x1CAD01, 0x1CAE01, 0x1CAF01, 0x1CB001,
        0x1CB101, 0x1CB201, 0x1CB302, 0x1CB501, 0x1CB601, 0x1CB701, 0x1CB801, 0x1CB901, 0x1CBA01, 0x1CBB01, 0x1CBC04, 0x1CC004,
        0x1CC404, 0x1CC806, 0x1CCE06, 0x1CD404, 0x1CD804, 0x1CDC06, 0x1CE204, 0x1CE604, 0x1CEA04, 0x1CEE06, 0x1CF406, 0x1CFA01,
        0x1CFB01, 0x1CFC04, 0x1D0002, 0x1D0201, 0x1D0301, 0x1D0401, 0x1D0501, 0x1D0602, 0x1D0802, 0x1D0A01, 0x1D0B01, 0x1D0C01,
        0x1D0D01, 0x1D0E01, 0x1D0F01, 0x1D1001, 0x1D1101, 0x1D1201, 0x1D1301, 0x1D1401, 0x1D1501, 0x1D1601, 0x1D1701, 0x1D1801,
        0x1D1901, 0x1D1A01, 0x1D1B01, 0x1D1C01, 0x1D1D01, 0x1D1E01, 0x1D1F01, 0x1D2001, 0x1D2101, 0x1D2201, 0x1D2301, 0x1D2401,
        0x1D2501, 0x1D2601, 0x1D2701, 0x1D2801, 0x1D2901, 0x1D2A01, 0x1D2B01, 0x1D2C01, 0x1D2D01, 0x1D2E01, 0x1D2F01, 0x1D3001,
        0x1D3101, 0x1D3201, 0x1D3301, 0x1D3401, 0x1D3501, 0x1D3601, 0x1D3701, 0x1D3801, 0x1D3901, 0x1D3A01, 0x1D3B01, 0x1D3C01,
        0x1D3D01, 0x1D3E01, 0x1D3F01, 0x1D4001, 0x1D4101, 0x1D4201, 0x1D4301, 0x1D4401, 0x1D4501, 0x1D4601, 0x1D4702, 0x1D4901,
        0x1D4A01, 0x1D4B01, 0x1D4C01, 0x1D4D01, 0x1D4E01, 0x1D4F01, 0x1D5001, 0x1D5101, 0x1D5201, 0x1D5302, 0x1D5501, 0x1D5601,
        0x1D5701, 0x1D5802, 0x1D5A01, 0x1D5B01, 0x1D5C01, 0x1D5D01, 0x1D5E01, 0x1D5F01, 0x1D6001, 0x1D6101, 0x1D6201, 0x1D6301,
        0x1D6401, 0x1D6501, 0x1D6601, 0x1D6701, 0x1D6801, 0x1D6901, 0x1D6A01, 0x1D6B01, 0x1D6C01, 0x1D6D01, 0x1D6E01, 0x1D6F01,
        0x1D7001, 0x1D7101, 0x1D7201, 0x1D7301, 0x1D7401, 0x1D7501, 0x1D7601, 0x1D7701, 0x1D7801, 0x1D7901, 0x1D7A01, 0x1D7B01,
        0x1D7C01, 0x1D7D01, 0x1D7E01, 0x1D7F01, 0x1D8001, 0x1D8101, 0x1D8201, 0x1D8301, 0x1D8401, 0x1D8501, 0x1D8601, 0x1D8701,
        0x1D8801, 0x1D8901, 0x1D8A01, 0x1D8B01, 0x1D8C01, 0x1D8D01, 0x1D8E01, 0x1D8F02, 0x1D9101, 0x1D9201, 0x1D9301, 0x1D9401,
        0x1D9501, 0x1D9601, 0x1D9701, 0x1D9801, 0x1D9901, 0x1D9A01, 0x1D9B01, 0x1D9C01, 0x1D9D01, 0x1D9E01, 0x1D9F01, 0x1DA001,
        0x1DA101, 0x1DA201, 0x1DA301, 0x1DA401, 0x1DA501, 0x1DA601, 0x1DA701, 0x1DA801, 0x1DA901, 0x1DAA01, 0x1DAB01, 0x1DAC01,
        0x1DAD01, 0x1DAE01, 0x1DAF01, 0x1DB001, 0x1DB101, 0x1DB201, 0x1DB301, 0x1DB401, 0x1DB501, 0x1DB601, 0x1DB701, 0x1DB801,
        0x1DB901, 0x1DBA01, 0x1DBB01, 0x1DBC01, 0x1DBD01, 0x1DBE01, 0x1DBF01, 0x1DC001, 0x1DC101, 0x1DC201, 0x1DC302, 0x1DC501,
        0x1DC601, 0x1DC701, 0x1DC801, 0x1DC901, 0x1DCA01, 0x1DCB01, 0x1DCC01, 0x1DCD01, 0x1DCE01, 0x1DCF01, 0x1DD001, 0x1DD101,
        0x1DD201, 0x1DD301, 0x1DD401, 0x1DD501, 0x1DD601, 0x1DD701, 0x1DD801, 0x1DD901, 0x1DDA01, 0x1DDB01, 0x1DDC01, 0x1DDD01,
        0x1DDE01, 0x1DDF01, 0x1DE001, 0x1DE101, 0x1DE201, 0x1DE301, 0x1DE401, 0x1DE501, 0x1DE601, 0x1DE701, 0x1DE801, 0x1DE901,
        0x1DEA01, 0x1DEB01, 0x1DEC01, 0x1DED01, 0x1DEE01, 0x1DEF01, 0x1DF001, 0x1DF101, 0x1DF201, 0x1DF301, 0x1DF401, 0x1DF501,
        0x1DF601, 0x1DF701, 0x1DF802, 0x1DFA01, 0x1DFB01, 0x1DFC01, 0x1DFD01, 0x1DFE01, 0x1DFF01, 0x1E0001, 0x1E0101, 0x1E0201,
        0x1E0301, 0x1E0401, 0x1E0501, 0x1E0601, 0x1E0701, 0x1E0801, 0x1E0901, 0x1E0A01, 0x1E0B01, 0x1E0C01, 0x1E0D01, 0x1E0E01,
        0x1E0F01, 0x1E1001, 0x1E1101, 0x1E1201, 0x1E1301, 0x1E1401, 0x1E1501, 0x1E1601, 0x1E1701, 0x1E1801, 0x1E1901, 0x1E1A01,
        0x1E1B01, 0x1E1C01, 0x1E1D01, 0x1E1E01, 0x1E1F01, 0x1E2001, 0x1E2101, 0x1E2201, 0x1E2302, 0x1E2501, 0x1E2601, 0x1E2701,
        0x1E2801, 0x1E2901, 0x1E2A01, 0x1E2B01, 0x1E2C01, 0x1E2D01, 0x1E2E01, 0x1E2F01, 0x1E3001, 0x1E3101, 0x1E3201, 0x1E3301,
        0x1E3401, 0x1E3501, 0x1E3601, 0x1E3701, 0x1E3801, 0x1E3901, 0x1E3A01, 0x1E3B01, 0x1E3C01, 0x1E3D01, 0x1E3E01, 0x1E3F01,
        0x1E4001, 0x1E4101, 0x1E4201, 0x1E4301, 0x1E4401, 0x1E4501, 0x1E4601, 0x1E4701, 0x1E4801, 0x1E4901, 0x1E4A01, 0x1E4B01,
        0x1E4C01, 0x1E4D01, 0x1E4E01, 0x1E4F01, 0x1E5001, 0x1E5101, 0x1E5201, 0x1E5301, 0x1E5401, 0x1E5501, 0x1E5601, 0x1E5702,
        0x1E5901, 0x1E5A01, 0x1E5B01, 0x1E5C01, 0x1E5D01, 0x1E5E01, 0x1E5F01, 0x1E6001, 0x1E6101, 0x1E6201, 0x1E6301, 0x1E6401,
        0x1E6501, 0x1E6601, 0x1E6701, 0x1E6801, 0x1E6901, 0x1E6A01, 0x1E6B01, 0x1E6C01, 0x1E6D01, 0x1E6E01, 0x1E6F01, 0x1E7001,
        0x1E7101, 0x1E7201, 0x1E7301, 0x1E7401, 0x1E7501, 0x1E7601, 0x1E7701, 0x1E7801, 0x1E7901, 0x1E7A01, 0x1E7B01, 0x1E7C01,
        0x1E7D01, 0x1E7E01, 0x1E7F01, 0x1E8001, 0x1E8101, 0x1E8201, 0x1E8301, 0x1E8401, 0x1E8501, 0x1E8601, 0x1E8702, 0x1E8901,
        0x1E8A01, 0x1E8B01, 0x1E8C01, 0x1E8D01, 0x1E8E01, 0x1E8F01, 0x1E9001, 0x1E9101, 0x1E9201, 0x1E9301, 0x1E9401, 0x1E9501,
        0x1E9601, 0x1E9701, 0x1E9801, 0x1E9901, 0x1E9A01, 0x1E9B01, 0x1E9C01, 0x1E9D01, 0x1E9E01, 0x1E9F01, 0x1EA001, 0x1EA101,
        0x1EA201, 0x1EA301, 0x1EA401, 0x1EA501, 0x1EA601, 0x1EA701, 0x1EA801, 0x1EA901, 0x1EAA01, 0x1EAB01, 0x1EAC01, 0x1EAD01,
        0x1EAE01, 0x1EAF01, 0x1EB001, 0x1EB101, 0x1EB201, 0x1EB301, 0x1EB401, 0x1EB502, 0x1EB701, 0x1EB801, 0x1EB901, 0x1EBA01,
        0x1EBB01, 0x1EBC01, 0x1EBD01, 0x1EBE01, 0x1EBF01, 0x1EC001, 0x1EC101, 0x1EC201, 0x1EC301, 0x1EC401, 0x1EC501, 0x1EC601,
        0x1EC701, 0x1EC801, 0x1EC901, 0x1ECA01, 0x1ECB01, 0x1ECC01, 0x1ECD01, 0x1ECE01, 0x1ECF01, 0x1ED001, 0x1ED101, 0x1ED201,
        0x1ED301, 0x1ED401, 0x1ED501, 0x1ED601, 0x1ED701, 0x1ED801, 0x1ED901, 0x1EDA01, 0x1EDB01, 0x1EDC01, 0x1EDD01, 0x1EDE01,
        0x1EDF01, 0x1EE001, 0x1EE101, 0x1EE201, 0x1EE301, 0x1EE401, 0x1EE501, 0x1EE601, 0x1EE701, 0x1EE801, 0x1EE901, 0x1EEA02,
        0x1EEC01, 0x1EED01, 0x1EEE01, 0x1EEF01, 0x1EF001, 0x1EF101, 0x1EF201, 0x1EF301, 0x1EF401, 0x1EF501, 0x1EF601, 0x1EF701,
        0x1EF801, 0x1EF901, 0x1EFA01, 0x1EFB01, 0x1EFC01, 0x1EFD01, 0x1EFE01, 0x1EFF01, 0x1F0001, 0x1F0101, 0x1F0201, 0x1F0301,
        0x1F0401, 0x1F0501, 0x1F0601, 0x1F0701, 0x1F0801, 0x1F0901, 0x1F0A01, 0x1F0B01, 0x1F0C01, 0x1F0D01, 0x1F0E01, 0x1F0F01,
        0x1F1001, 0x1F1101, 0x1F1201, 0x1F1301, 0x1F1401, 0x1F1501, 0x1F1601, 0x1F1701, 0x1F1801, 0x1F1901, 0x1F1A01, 0x1F1B01,
        0x1F1C01, 0x1F1D01, 0x1F1E01, 0x1F1F02, 0x1F2101, 0x1F2201, 0x1F2301, 0x1F2401, 0x1F2501, 0x1F2601, 0x1F2701, 0x1F2801,
        0x1F2901, 0x1F2A01, 0x1F2B01, 0x1F2C01, 0x1F2D01, 0x1F2E01, 0x1F2F01, 0x1F3001, 0x1F3101, 0x1F3201, 0x1F3301, 0x1F3401,
        0x1F3501, 0x1F3601, 0x1F3701, 0x1F3801, 0x1F3901, 0x1F3A01, 0x1F3B01, 0x1F3C01, 0x1F3D01, 0x1F3E01, 0x1F3F01, 0x1F4001,
        0x1F4101, 0x1F4201, 0x1F4301, 0x1F4401, 0x1F4501, 0x1F4601, 0x1F4701, 0x1F4801, 0x1F4901, 0x1F4A01, 0x1F4B01, 0x1F4C01,
        0x1F4D01, 0x1F4E01, 0x1F4F01, 0x1F5001, 0x1F5101, 0x1F5201, 0x1F5301, 0x1F5402, 0x1F5601, 0x1F5701, 0x1F5801, 0x1F5901,
        0x1F5A01, 0x1F5B01, 0x1F5C01, 0x1F5D01, 0x1F5E01, 0x1F5F01, 0x1F6001, 0x1F6101, 0x1F6201, 0x1F6301, 0x1F6401, 0x1F6501,
        0x1F6601, 0x1F6701, 0x1F6801, 0x1F6901, 0x1F6A01, 0x1F6B01, 0x1F6C01, 0x1F6D01, 0x1F6E01, 0x1F6F01, 0x1F7001, 0x1F7101,
        0x1F7201, 0x1F7301, 0x1F7401, 0x1F7501, 0x1F7601, 0x1F7701, 0x1F7801, 0x1F7901, 0x1F7A01, 0x1F7B01, 0x1F7C01, 0x1F7D01,
        0x1F7E01, 0x1F7F01, 0x1F8001, 0x1F8101, 0x1F8201, 0x1F8301, 0x1F8401, 0x1F8501, 0x1F8601, 0x1F8701, 0x1F8801, 0x1F8902,
        0x1F8B01, 0x1F8C01, 0x1F8D01, 0x1F8E01, 0x1F8F01, 0x1F9001, 0x1F9101, 0x1F9201, 0x1F9301, 0x1F9401, 0x1F9501, 0x1F9601,
        0x1F9701, 0x1F9801, 0x1F9901, 0x1F9A01, 0x1F9B01, 0x1F9C01, 0x1F9D01, 0x1F9E01, 0x1F9F01, 0x1FA001, 0x1FA101, 0x1FA201,
        0x1FA301, 0x1FA401, 0x1FA501, 0x1FA601, 0x1FA701, 0x1FA801, 0x1FA901, 0x1FAA01, 0x1FAB01, 0x1FAC01, 0x1FAD01, 0x1FAE01,
        0x1FAF01, 0x1FB001, 0x1FB101, 0x1FB201, 0x1FB301, 0x1FB401, 0x1FB501, 0x1FB601, 0x1FB701, 0x1FB801, 0x1FB901, 0x1FBA01,
        0x1FBB01, 0x1FBC01, 0x1FBD01, 0x1FBE02, 0x1FC001, 0x1FC101, 0x1FC201, 0x1FC301, 0x1FC401, 0x1FC501, 0x1FC601, 0x1FC701,
        0x1FC801, 0x1FC901, 0x1FCA01, 0x1FCB01, 0x1FCC01, 0x1FCD01, 0x1FCE01, 0x1FCF01, 0x1FD001, 0x1FD101, 0x1FD201, 0x1FD301,
        0x1FD401, 0x1FD501, 0x1FD601, 0x1FD701, 0x1FD801, 0x1FD901, 0x1FDA01, 0x1FDB01, 0x1FDC01, 0x1FDD01, 0x1FDE01, 0x1FDF01,
        0x1FE001, 0x1FE101, 0x1FE201, 0x1FE301, 0x1FE401, 0x1FE501, 0x1FE601, 0x1FE701, 0x1FE801, 0x1FE901, 0x1FEA01, 0x1FEB01,
        0x1FEC01, 0x1FED01, 0x1FEE01, 0x1FEF01, 0x1FF001, 0x1FF101, 0x1FF201, 0x1FF302, 0x1FF501, 0x1FF601, 0x1FF701, 0x1FF801,
        0x1FF901, 0x1FFA01, 0x1FFB01, 0x1FFC01, 0x1FFD01, 0x1FFE01, 0x1FFF01, 0x200001, 0x200101, 0x200201, 0x200301, 0x200401,
        0x200501, 0x200601, 0x200701, 0x200801, 0x200901, 0x200A01, 0x200B02, 0x200D01, 0x200E01, 0x200F01, 0x201001, 0x201101,
        0x201201, 0x201301, 0x201401, 0x201501, 0x201602, 0x201801, 0x201901, 0x201A01, 0x201B01, 0x201C01, 0x201D01, 0x201E01,
        0x201F01, 0x202001, 0x202101, 0x202201, 0x202301, 0x202401, 0x202501, 0x202602, 0x202802, 0x202A01, 0x202B01, 0x202C01,
        0x202D01, 0x202E01, 0x202F01, 0x203001, 0x203101, 0x203201, 0x203301, 0x203401, 0x203501, 0x203601, 0x203701, 0x203801,
        0x203901, 0x203A01, 0x203B01, 0x203C01, 0x203D02, 0x203F01, 0x204001, 0x204101, 0x204201, 0x204301, 0x204401, 0x204501,
        0x204601, 0x204701, 0x204801, 0x204901, 0x204A02, 0x204C01, 0x204D01, 0x204E01, 0x204F01, 0x205001, 0x205101, 0x205201,
        0x205301, 0x205401, 0x205502, 0x205701, 0x205801, 0x205901, 0x205A01, 0x205B01, 0x205C01, 0x205D01, 0x205E01, 0x205F01,
        0x206001, 0x206101, 0x206201, 0x206301, 0x206401, 0x206502, 0x206702, 0x206901, 0x206A01, 0x206B01, 0x206C01, 0x206D01,
        0x206E01, 0x206F01, 0x207001, 0x207101, 0x207201, 0x207301, 0x207401, 0x207501, 0x207601, 0x207701, 0x207801, 0x207901,
        0x207A01, 0x207B01, 0x207C02, 0x207E01, 0x207F01, 0x208001, 0x208101, 0x208201, 0x208301, 0x208401, 0x208501, 0x208601,
        0x208701, 0x208801, 0x208902, 0x208B01, 0x208C01, 0x208D01, 0x208E01, 0x208F01, 0x209001, 0x209101, 0x209201, 0x209301,
        0x209402, 0x209601, 0x209701, 0x209801, 0x209901, 0x209A01, 0x209B01, 0x209C01, 0x209D01, 0x209E01, 0x209F01, 0x20A001,
        0x20A101, 0x20A201, 0x20A301, 0x20A402, 0x20A602, 0x20A801, 0x20A901, 0x20AA01, 0x20AB01, 0x20AC01, 0x20AD01, 0x20AE01,
        0x20AF01, 0x20B001, 0x20B101, 0x20B201, 0x20B301, 0x20B401, 0x20B501, 0x20B601, 0x20B701, 0x20B801, 0x20B901, 0x20BA01,
        0x20BB02, 0x20BD01, 0x20BE01, 0x20BF01, 0x20C001, 0x20C101, 0x20C201, 0x20C301, 0x20C401, 0x20C501, 0x20C601, 0x20C701,
        0x20C802, 0x20CA01, 0x20CB01, 0x20CC01, 0x20CD01, 0x20CE01, 0x20CF01, 0x20D001, 0x20D101, 0x20D201, 0x20D302, 0x20D501,
        0x20D601, 0x20D701, 0x20D801, 0x20D901, 0x20DA01, 0x20DB01, 0x20DC01, 0x20DD01, 0x20DE01, 0x20DF01, 0x20E001, 0x20E101,
        0x20E201, 0x20E302, 0x20E502, 0x20E701, 0x20E801, 0x20E901, 0x20EA01, 0x20EB01, 0x20EC01, 0x20ED01, 0x20EE01, 0x20EF01,
        0x20F001, 0x20F101, 0x20F201, 0x20F301, 0x20F401, 0x20F501, 0x20F601, 0x20F701, 0x20F801, 0x20F901, 0x20FA02, 0x20FC01,
        0x20FD01, 0x20FE01, 0x20FF01, 0x210001, 0x210101, 0x210201, 0x210301, 0x210401, 0x210501, 0x210601, 0x210702, 0x210901,
        0x210A01, 0x210B01, 0x210C01, 0x210D01, 0x210E01, 0x210F01, 0x211001, 0x211101, 0x211202, 0x211401, 0x211501, 0x211601,
        0x211701, 0x211801, 0x211901, 0x211A01, 0x211B01, 0x211C01, 0x211D01, 0x211E01, 0x211F01, 0x212001, 0x212101, 0x212202,
        0x212402, 0x212601, 0x212701, 0x212801, 0x212901, 0x212A01, 0x212B01, 0x212C01, 0x212D01, 0x212E01, 0x212F01, 0x213001,
        0x213101, 0x213201, 0x213301, 0x213401, 0x213501, 0x213601, 0x213701, 0x213801, 0x213902, 0x213B01, 0x213C01, 0x213D01,
        0x213E01, 0x213F01, 0x214001, 0x214101, 0x214201, 0x214301, 0x214401, 0x214501, 0x214601, 0x214701, 0x214801, 0x214901,
        0x214A01, 0x214B01, 0x214C01, 0x214D01, 0x214E01, 0x214F01, 0x215001, 0x215101, 0x215201, 0x215301, 0x215401, 0x215501,
        0x215601, 0x215701, 0x215801, 0x215901, 0x215A01, 0x215B01, 0x215C01, 0x215D01, 0x215E01, 0x215F01, 0x216001, 0x216101,
        0x216201, 0x216301, 0x216401, 0x216501, 0x216601, 0x216701, 0x216801, 0x216901, 0x216A01, 0x216B01, 0x216C01, 0x216D01,
        0x216E01, 0x216F01, 0x217001, 0x217101, 0x217201, 0x217301, 0x217401, 0x217501, 0x217601, 0x217701, 0x217801, 0x217901,
        0x217A02, 0x217C01, 0x217D01, 0x217E01, 0x217F01, 0x218001, 0x218101, 0x218201, 0x218301, 0x218401, 0x218501, 0x218601,
        0x218701, 0x218801, 0x218901, 0x218A01, 0x218B01, 0x218C01, 0x218D01, 0x218E01, 0x218F02, 0x219101, 0x219202, 0x219401,
        0x219501, 0x219601, 0x219701, 0x219801, 0x219901, 0x219A01, 0x219B01, 0x219C01, 0x219D01, 0x219E01, 0x219F01, 0x21A001,
        0x21A101, 0x21A201, 0x21A301, 0x21A401, 0x21A501, 0x21A601, 0x21A701, 0x21A801, 0x21A901, 0x21AA01, 0x21AB02, 0x21AD01,
        0x21AE02, 0x21B001, 0x21B101, 0x21B201, 0x21B301, 0x21B401, 0x21B501, 0x21B601, 0x21B701, 0x21B801, 0x21B901, 0x21BA01,
        0x21BB01, 0x21BC02, 0x21BE01, 0x21BF01, 0x21C001, 0x21C101, 0x21C201, 0x21C301, 0x21C401, 0x21C501, 0x21C601, 0x21C701,
        0x21C801, 0x21C901, 0x21CA01, 0x21CB01, 0x21CC01, 0x21CD01, 0x21CE01, 0x21CF01, 0x21D001, 0x21D102, 0x21D301, 0x21D402,
        0x21D601, 0x21D701, 0x21D801, 0x21D901, 0x21DA01, 0x21DB01, 0x21DC01, 0x21DD01, 0x21DE01, 0x21DF01, 0x21E001, 0x21E101,
        0x21E201, 0x21E301, 0x21E401, 0x21E501, 0x21E601, 0x21E701, 0x21E801, 0x21E901, 0x21EA01, 0x21EB01, 0x21EC01, 0x21ED01,
        0x21EE01, 0x21EF02, 0x21F101, 0x21F202, 0x21F401, 0x21F501, 0x21F601, 0x21F701, 0x21F801, 0x21F901, 0x21FA01, 0x21FB01,
        0x21FC01, 0x21FD01, 0x21FE01, 0x21FF01, 0x220001, 0x220101, 0x220201, 0x220301, 0x220401, 0x220501, 0x220601, 0x220701,
        0x220801, 0x220901, 0x220A02, 0x220C01, 0x220D02, 0x220F01, 0x221001, 0x221101, 0x221201, 0x221301, 0x221402, 0x221602,
        0x221802, 0x221A02, 0x221C02, 0x221E02, 0x222002, 0x222202, 0x222402, 0x222602, 0x222802, 0x222A02, 0x222C03, 0x222F03,
        0x223203, 0x223503, 0x223803, 0x223B03, 0x223E03, 0x224103, 0x224403, 0x224703, 0x224A03, 0x224D03, 0x225003, 0x225303,
        0x225603, 0x225903, 0x225C03, 0x225F03, 0x226203, 0x226503, 0x226803, 0x226B03, 0x226E03, 0x227103, 0x227403, 0x227703,
        0x227A03, 0x227D03, 0x228002, 0x228203, 0x228503, 0x228803, 0x228B03, 0x228E03, 0x229103, 0x229403, 0x229703, 0x229A03,
        0x229D01, 0x229E01, 0x229F01, 0x22A002, 0x22A202, 0x22A402, 0x22A602, 0x22A802, 0x22AA02, 0x22AC02, 0x22AE02, 0x22B002,
        0x22B202, 0x22B402, 0x22B601, 0x22B701, 0x22B802, 0x22BA02, 0x22BC02, 0x22BE01, 0x22BF02, 0x22C102, 0x22C301, 0x22C401,
        0x22C501, 0x22C601, 0x22C703, 0x22CA01, 0x22CB01, 0x22CC02, 0x22CE02, 0x22D001, 0x22D101, 0x22D201, 0x22D301, 0x22D401,
        0x22D501, 0x22D601, 0x22D701, 0x22D801, 0x22D901, 0x22DA01, 0x22DB01, 0x22DC01, 0x22DD01, 0x22DE02, 0x22E001, 0x22E101,
        0x22E201, 0x22E301, 0x22E402, 0x22E601, 0x22E702, 0x22E902, 0x22EB02, 0x22ED01, 0x22EE02, 0x22F001, 0x22F101, 0x22F201,
        0x22F301, 0x22F402, 0x22F601, 0x22F701, 0x22F801, 0x22F901, 0x22FA01, 0x22FB01, 0x22FC01, 0x22FD01, 0x22FE01, 0x22FF02,
        0x230101, 0x230201, 0x230301, 0x230401, 0x230502, 0x230701, 0x230801, 0x230901, 0x230A02, 0x230C01, 0x230D01, 0x230E01,
        0x230F01, 0x231001, 0x231102, 0x231301, 0x231401, 0x231501, 0x231601, 0x231701, 0x231801, 0x231901, 0x231A01, 0x231B01,
        0x231C01, 0x231D01, 0x231E01, 0x231F01, 0x232001, 0x232101, 0x232201, 0x232301, 0x232401, 0x232501, 0x232601, 0x232701,
        0x232801, 0x232901, 0x232A02, 0x232C01, 0x232D01, 0x232E01, 0x232F02, 0x233101, 0x233201, 0x233301, 0x233401, 0x233501,
        0x233601, 0x233701, 0x233801, 0x233901, 0x233A01, 0x233B01, 0x233C01, 0x233D01, 0x233E01, 0x233F01, 0x234001, 0x234101,
        0x234201, 0x234301, 0x234401, 0x234501, 0x234601, 0x234701, 0x234801, 0x234901, 0x234A01, 0x234B01, 0x234C01, 0x234D01,
        0x234E01, 0x234F01, 0x235001, 0x235102, 0x235301, 0x235401, 0x235501, 0x235601, 0x235701, 0x235801, 0x235902, 0x235B02,
        0x235D01, 0x235E01, 0x235F01, 0x236001, 0x236101, 0x236201, 0x236301, 0x236401, 0x236501, 0x236601, 0x236702, 0x236901,
        0x236A01, 0x236B01, 0x236C01, 0x236D02, 0x236F01, 0x237001, 0x237101, 0x237201, 0x237301, 0x237401, 0x237501, 0x237601,
        0x237701, 0x237802, 0x237A01, 0x237B02, 0x237D01, 0x237E01, 0x237F01, 0x238001, 0x238101, 0x238201, 0x238301, 0x238401,
        0x238501, 0x238601, 0x238701, 0x238802, 0x238A01, 0x238B01, 0x238C01, 0x238D01, 0x238E01, 0x238F02, 0x239101, 0x239202,
        0x239402, 0x239601, 0x239701, 0x239801, 0x239901, 0x239A02, 0x239C02, 0x239E01, 0x239F01, 0x23A001, 0x23A101, 0x23A201,
        0x23A301, 0x23A401, 0x23A501, 0x23A601, 0x23A701, 0x23A801, 0x23A902, 0x23AB01, 0x23AC01, 0x23AD01, 0x23AE01, 0x23AF01,
        0x23B001, 0x23B101, 0x23B201, 0x23B301, 0x23B401, 0x23B501, 0x23B601, 0x23B701, 0x23B801, 0x23B901, 0x23BA01, 0x23BB01,
        0x23BC01, 0x23BD01, 0x23BE02, 0x23C001, 0x23C101, 0x23C201, 0x23C301, 0x23C401, 0x23C502, 0x23C701, 0x23C801, 0x23C901,
        0x23CA01, 0x23CB01, 0x23CC01, 0x23CD01, 0x23CE01, 0x23CF01, 0x23D001, 0x23D101, 0x23D202, 0x23D401, 0x23D501, 0x23D601,
        0x23D701, 0x23D801, 0x23D901, 0x23DA01, 0x23DB01, 0x23DC01, 0x23DD01, 0x23DE01, 0x23DF01, 0x23E001, 0x23E101, 0x23E201,
        0x23E301, 0x23E401, 0x23E501, 0x23E602, 0x23E801, 0x23E901, 0x23EA01, 0x23EB01, 0x23EC01, 0x23ED02, 0x23EF01, 0x23F001,
        0x23F101, 0x23F201, 0x23F301, 0x23F401, 0x23F501, 0x23F601, 0x23F702, 0x23F901, 0x23FA01, 0x23FB01, 0x23FC02, 0x23FE01,
        0x23FF01, 0x240001, 0x240101, 0x240201, 0x240301, 0x240402, 0x240602, 0x240802, 0x240A01, 0x240B02, 0x240D01, 0x240E01,
        0x240F01, 0x241001, 0x241101, 0x241201, 0x241301, 0x241401, 0x241501, 0x241601, 0x241702, 0x241901, 0x241A01, 0x241B01,
        0x241C01, 0x241D01, 0x241E01, 0x241F02, 0x242101, 0x242201, 0x242302, 0x242502, 0x242701, 0x242801, 0x242901, 0x242A01,
        0x242B01, 0x242C01, 0x242D01, 0x242E01, 0x242F01, 0x243002, 0x243201, 0x243302, 0x243501, 0x243602, 0x243801, 0x243901,
        0x243A01, 0x243B02, 0x243D01, 0x243E01, 0x243F02, 0x244102, 0x244301, 0x244401, 0x244501, 0x244601, 0x244701, 0x244801,
        0x244901, 0x244A01, 0x244B01, 0x244C01, 0x244D01, 0x244E01, 0x244F01, 0x245002, 0x245201, 0x245302, 0x245501, 0x245602,
        0x245801, 0x245902, 0x245B02, 0x245D02, 0x245F01, 0x246001, 0x246101, 0x246202, 0x246402, 0x246602, 0x246802, 0x246A01,
        0x246B01, 0x246C01, 0x246D01, 0x246E01, 0x246F01, 0x247001, 0x247101, 0x247202, 0x247401, 0x247501, 0x247601, 0x247701,
        0x247802, 0x247A01, 0x247B02, 0x247D02, 0x247F01, 0x248001, 0x248101, 0x248201, 0x248301, 0x248401, 0x248502, 0x248702,
        0x248902, 0x248B01, 0x248C01, 0x248D02, 0x248F01, 0x249001, 0x249101, 0x249202, 0x249401, 0x249501, 0x249601, 0x249701,
        0x249801, 0x249902, 0x249B01, 0x249C01, 0x249D01, 0x249E01, 0x249F01, 0x24A001, 0x24A102, 0x24A302, 0x24A501, 0x24A602,
        0x24A801, 0x24A902, 0x24AB01, 0x24AC01, 0x24AD01, 0x24AE02, 0x24B002, 0x24B201, 0x24B302, 0x24B501, 0x24B602, 0x24B801,
        0x24B901, 0x24BA01, 0x24BB01, 0x24BC01, 0x24BD01, 0x24BE02, 0x24C002, 0x24C202, 0x24C402, 0x24C601, 0x24C701, 0x24C801,
        0x24C901, 0x24CA01, 0x24CB01, 0x24CC01, 0x24CD01, 0x24CE01, 0x24CF01, 0x24D001, 0x24D101, 0x24D202, 0x24D401, 0x24D501,
        0x24D601, 0x24D701, 0x24D801, 0x24D901, 0x24DA01, 0x24DB01, 0x24DC01, 0x24DD01, 0x24DE01, 0x24DF01, 0x24E002, 0x24E202,
        0x24E402, 0x24E601, 0x24E701, 0x24E801, 0x24E901, 0x24EA02, 0x24EC01, 0x24ED02, 0x24EF01, 0x24F001, 0x24F102, 0x24F302,
        0x24F501, 0x24F601, 0x24F701, 0x24F801, 0x24F901, 0x24FA01, 0x24FB01, 0x24FC01, 0x24FD01, 0x24FE01, 0x24FF01, 0x250001,
        0x250101, 0x250201, 0x250301, 0x250401, 0x250501, 0x250601, 0x250701, 0x250802, 0x250A01, 0x250B01, 0x250C01, 0x250D01,
        0x250E01, 0x250F02, 0x251102, 0x251301, 0x251401, 0x251501, 0x251601, 0x251701, 0x251801, 0x251902, 0x251B01, 0x251C01,
        0x251D01, 0x251E01, 0x251F02, 0x252102, 0x252301, 0x252401, 0x252501, 0x252602, 0x252801, 0x252901, 0x252A02, 0x252C02,
        0x252E01, 0x252F01, 0x253001, 0x253102, 0x253301, 0x253401, 0x253501, 0x253601, 0x253701, 0x253801, 0x253901, 0x253A02,
        0x253C01, 0x253D01, 0x253E01, 0x253F02, 0x254101, 0x254201, 0x254301, 0x254401, 0x254502, 0x254702, 0x254901, 0x254A01,
        0x254B01, 0x254C02, 0x254E01, 0x254F02, 0x255101, 0x255201, 0x255301, 0x255402, 0x255601, 0x255701, 0x255801, 0x255901,
        0x255A01, 0x255B01, 0x255C01, 0x255D02, 0x255F01, 0x256001, 0x256101, 0x256201, 0x256301, 0x256401, 0x256502, 0x256701,
        0x256802, 0x256A02, 0x256C02, 0x256E01, 0x256F01, 0x257001, 0x257101, 0x257201, 0x257301, 0x257401, 0x257501, 0x257602,
        0x257801,
    ];

    internal const string Targets =
        "''\u00BA/\u2080Oll'rnl c\u0338Y\u0335\u02C9'\u03BC,AEC\u0326D\u0335xO\u0338aec\u0326\u2202\u0335\u0629o\u0338pD\u0335d\u0335\u0114\u0115H\u0335h\u0335ilJijl\u00B7l\u00B7L\u0338l\u0338\u0272'nn\u0329\u00D6OEoe\u01ABT\u0335t\u0335fb\u0335'Bb\u0304b\u0304bC'D\u0335'Dd\u0304" +
        "gF\u0326fG'll\u0335K'k\u0314l\u0335\u03BB\u0338N\u0326n\u0329O\u0335O'o''Pp\u0314R2'Tt\u0314T\u0328'Yy\u0314Z\u0335z\u033532\u03355splll!D\u017DD\u017Ed\u017ELJLjljNJNjnj\u0102\u0103\u012C\u012D\u014E\u014F\u016C\u016DG\u0335g\u0335\u011E\u011FDZDzdz\u0123" +
        "O\u0338\u0301\u0162\u01AB388Z\u0326z\u0326\u00C5\u00E5c\u0338T\u0338?U\u0335E\u0338e\u0338J\u0335j\u0335r\u0335Y\u0335y\u0335ab\u0314d\u0328d\u0314\u01DD\u01DD\u02DE\uA793g\u0314gyh\u0314i\u0335iil\u0334l\u0328l\u021Dwrn\u0326n\u0328o\u0335o\u1D07r\u0329r\u0328s\u0328uyz\u0328\u021D?\uA7CEq\u0314dzd\u021Dd\u0291tst" +
        "\u0283t\u0255fn\u0329lslz\u18F4'''''''\u0559<>^^''':\u0559-\u02C7\u0971\u00B0i~''\u18F3\u18F5\u02C1''''':\u02EA\u0304\u0306\u0670\u0306\u0307\u0302\u0313\u0650\u1AE9\u0331\u0326\u0328\u0326\u0335\u0338\u0326\u0300\u0301\u0303\u0313\u0328\u0333\uD803\uDEFA\u0350\u0307\u030A\u0306\u2C75'\u02CF\u0418\u1D0Ei\u0254\uA73F;J'\u00B7ABEZHO\u0335lK\u0245" +
        "MNOP\u01A9TYXa\u00DFy\u1E9F\uA793n\u0329O\u0335i\u0138vopo\u1D1Bu\u0278\u00DFO\u0335Y\u0278\u03C0\u03C2F\u0427\u04472\u01A86o\u0138pcjO\u0335\uA793\u00DEpCM\u0186\uA73E\uA792SlJAb\u0304B\u0393E3\u040DK\u0245MHO\u03A0PCTY\u03A6XblblOa6\u0299re\u025C\u1D0E\u0138\u028D\u029Co\u03C0pc" +
        "\u1D1By\u0278xw\u02C9b\u0185i\u0185\u1D19\uA793sijh\u0335\u0439u\u0329wb\u0335b\u0335\u03A8\u03C8O\u0335o\u0335Vv\u0460\u0486\u0487w\u0486\u0487\u040D\u0326\u0439\u0326b\u0335b\u0335\u0393'r'\u0393\u0335r\u0335\u0416\u0329\u0436\u03293\u0326\u025C\u0326K\u0329\u0138\u0329K\u0335\u0138\u0335H\u0329\u029C\u0329C\u0326c\u0326T\u0329\u1D1B\u0329YyY\u0335y\u0335X\u0329he\u04BC\u0328e" +
        "\u0328l\u0245\u0326\u043B\u0326H\u0326\u029C\u0326H\u0326\u029C\u0326\u04B6\u04B7M\u0326\u028D\u0326lAEae\u018F\u01DD3\u021DO\u0335o\u0335d\u01F6G\u0262\u0190\uA793qWw\u12AE\u1206\u1323\u1261US\u03A6O''wqq\u1E9Fhn\u0329\u0237n\u0270nugifo\u0565i:\u0301\u0301\u059A\u0599\u0596\u0598\u030A\u0323\u0307\u0307l\u0307\u0307:\u0307\u0323lv'lolll'" +
        "'''''\u00BA/\u2080\u2080\u00BA/\u2080\u2080\u2080,\u0639\u0301\u0313\u0650l\u0674\u0648\u0674l\u0655\u0649\u0674l\u0649\u06DB\u0633\u06DB\u0649\u0302\u0649\u06DBo\u0649\u030B\u0301\u0313\u030A\u0303\u0329\u0312\u0306\u0304\u0306\u0302\u0323\u0314\u0655.loV\u0245\u00BA/\u2080,\u060C*\u0649\u06A1l\u0674l\u0655l\u0674\u0648\u0674\u0648\u0313\u0674\u0649\u0674\u0649\u0615\u062A\u0649\u06DB\u062D\u0654\u062D\u06DB\u062F\u0615\u068A\u0615\u062F\u06DB\u062F\u06DB\u0631" +
        "\u0615\u0631\u0306\u0631\u06DB\u0635\u06DB\u0637\u06DB\u06A1\u06DB\u0641\u06A1\u06DB\u0643\u0643\u0643\u06DB\u06AF\u06DB\u0644\u0306\u0644\u06DB\u0649\u0649\u0615\u0649\u06DBoo\u06C0\u0629\u0648\u0306\u0648\u0313\u0648\u0670\u0648\u0302\u0648\u06DB\u0649\u0649\u0306\u067B\u0649\u06DB\u0649-o\u030A\u0306\u0307\u0307\u062F\u0302\u0631\u0302.l\u0662\u0663\u0664o\u0666V\u0245\u0669\u0621\uD803\uDEFA\u0645\uD803\uDEFAo\u0302..::\u0307\u0307\u073C\u0301\u0628\u06DB\u0649\u06DB\u0649\u0306\u06AC\u0643\u06DB\u0754" +
        "\u0646\u0615\u0646\u0306\u0631\u0654\u0697\u0615\u062D\u0654\u0633\u0302Ol\u0304\u0307\u0302\u0308''_\u0649\u030A\u0628\u0654\u06A2\u06DB\u0645\u06DB\u0649\u0654\u0754\u062F\u0324\u0323\u0635\u0324\u0323\u06AF\u0648\u0632\u0302\u0628\u06E2\u0649\u06DB\u06E2\u0631\u0306\u0307\u0649\u0306\u0307\u06A1\u06A1\u0649\u0649\u06DB\u0306\u062A\u0306\u0649\u0615\u0306\u0686\u0306\u0643\u0306\u064C\u064C\u0307\u0308\u0323\u0324\u030B\u064C\u064D\u0313\u0350\u0354\u0355\u0350\u0352\u0306\u0307\u0307:\u0905\u0946\u0905\u093E\u0930\u094D\u0907\u090F\u0306" +
        "\u090F\u0946\u090F\uD806\uDF64\u0905\u093E\u0306\u0905\u093E\u0946\u0905\u093E\uD806\uDF64\u0905\u093E\u0948\u093E\u093A\u0323\u09BF\u0306\uD806\uDF64\u093E\u0306\u0331\u0300\u0301\uD806\uDF62\uD806\uDF63\u0964\u0964o\u06693\u0905\u0306\u0905\u093A\u0905\u093E\u093A\u0905\u094F?\u0306\u0307\u0985\u09BE\u0323\u098B\u09C3\u098B\u09C3o89\u09B0\u0307\u0983\u0A05\u0A3E\u092A\u094D\u091F\u09BF\u092A\u094D\u091F\u0A40\u0A73\uD806\uDF62\u0A73\uD806\uDF63\u092A\u094D\u091F\uD806\uDF64\u0A05\u0948\u0A05\u0A4C\u0935\u0924\u094D\u0924\u091F\u0920\u0909" +
        "\u092A\u0922\u092D\u0939\u092E\u0323\u09BF\uD806\uDF62\uD806\uDF63\uD806\uDF64\u0948\u0946\u094Do98\u092A\u094D\u091F\u0306\u0307\u0307:\u0A85\u0ABE\u0A85\u0AC5\u0A85\u0AC7\u0A85\u0AC8\u0A85\u0ABE\u0AC5\u0A85\u0ABE\u0AC7\u0A85\u0ABE\u0AC8\u0447\u0968\u0323\u093D\u0941\u0942\u094Do\u09683\u096A\u0447\u096E\u0970\u0306\u03078\u0B05\u0B3EO\u0323o9\u030A\u0B89\u0BB3\u0B92\u0BB3\u0B90\u0B88\u0BB6\u0B88\u0BA9\u0BC6\u0B88\u0BC7\u0B88\u0BC6\u0BB3\u0307\u0BB3o\u0B95\u0B89\u0B9A\u0B88\u0BC1\u0B9A\u0BC1\u0B8E\u0B85\u0BAF\u0B9A" +
        "\u0BC2\u0BAE\u0BC0\u0BF3\u0B8E\u0BB5\u0BB7\u0BA8\u0BC0\u0306\u0307o\u0983\u0C12\u0C55\u0C12\u0C4C\u0C96\u0323\u0C30\u05BC\u0C21\u0323\u0C27\u05BC\u0C2C\u0323\u0C35\u0C41\u0C35\u0323\u0C35\u0C3E\u0C41\u0C3E\u0C43\u0C3E\u0C0B\u0C3E\u0C0C\u0C3Eo\u0306\u0307o\u0983\u0C05\u0C06\u0C07\u0C10\u0C12\u0C12\u0C55\u0C12\u0C4C\u0C17\u0C1C\u0C1D\u0C1E\u0C1F\u0C23\u0C26\u0C28\u0C2F\u0C30\u0C31\u0C32\u0C33\u0C3F\u0C41\u0C43\u0C5C\u0C8C\u0CBEO\u0C67\u0C68\u0C6F\u0306\u0307o\u0983\u0D07\u0D57\u0B89\u0B89\u0D57\u0D28\u0D41\u0BC6\u0D0E\u0D12\u0D3E\u0D12\u0D57\u0BB5" +
        "\u0D28\u0D41\u0B90so\u0BA3\u0BAE\u0D30\u0BB4\u0BB6\u0B9F\u0BBF\u0BBF\u0BBF\u0D41\u0D41\u0BC6\u0BC7\u0BC6\u0BC6\u0971\u0D28\u0D4D\u0D2Eo\u0D30o\u0D1Eo\u0D30\u0D4D\u0D26\u0D4D\u0D30\u0D28\u0D4D\u0D289\u0D35\u0D4D\u0D30\u0D28\u0D4D\u0D39\u0D4D\u0D2E\u0D28\u0D41\u0BA3\u0D4D\u0D28\u0D4D\u0D30\u0D4D\u0D32\u0D4D\u0D33\u0D4Do\u0983\u0DC3\u0DD8\u0D91\u0DCA\u0D91\u0DD9\u0D91\u0D9B\u0D94\u0DA0\u0DB7\u0DE8\u0DCF\u0DA2\u0DAF\u0DE8\u0DD3\u0E02\u0E0A\u0E0E\u0E04\u0E04\u0E11\u0E06\u0E20\u030A\u0E32\u0E40\u0E40\u0E32\u030Ao\u0E08\u0E22\u0E1A\u0E1B" +
        "\u0E1D\u0E1E\u0E1F\u030A\u0EB2\u0E38\u0E39\u0E48\u0E49\u0E4A\u0E4B\u030Ao\u0EAB\u0E99\u0EAB\u0EA1\u0F68\u0F7C\u0F7E\u0F60\u0F74\u0F82\u0F7F\u0F60\u0F74\u0F82\u0F14\u0F0B\u0F0D\u0F0D\u0F1A\u0F1A\u0F1D\u0F1D\u0F1A\u0F1D\u0325\u0F62\u0FB2\u0F71\u0F80\u0FB3\u0F71\u0F80\u0F7A\u0F7A\u0F7C\u0F7C\u0F1D\u0F1A\u5350\u534D\u0D30\u102C\u0D30co\u102Co\u1015\u102C\u0D30\u102C\u1039\u0D30\u102C\u101E\u103C\u101E\u103C\u0B47\u102C\u103A\u0B47\u030A\u0983o\u104A\u104Ac\u101B\u103E\u1041\u1015\u103E\u1015\u102C\u103E\u1003\u103E\u107D\u103E\u0D30\u103E\u1083" +
        "\u030A\uA786o\u102C\u0D30y\u021Do\u1100\u1100\u1103\u1103\u1107\u1107\u1109\u1109\u110C\u110C\u1102\u1100\u1102\u1102\u1102\u1103\u1102\u1107\u1103\u1100\u1105\u1102\u1105\u1105\u1105\u1112\u1105\u110B\u1106\u1107\u1106\u110B\u1107\u1100\u1107\u1102\u1107\u1103\u1107\u1109\u1107\u1109\u1100\u1107\u1109\u1103\u1107\u1109\u1107\u1107\u1109\u1109\u1107\u1109\u110C\u1107\u110C\u1107\u110E\u1107\u1110\u1107\u1111\u1107\u110B\u1107\u1107\u110B\u1109\u1100\u1109\u1102\u1109\u1103\u1109\u1105\u1109\u1106\u1109\u1107\u1109\u1107\u1100\u1109\u1109\u1109\u1109\u110B" +
        "\u1109\u110C\u1109\u110E\u1109\u110F\u1109\u1110\u1109\u1111\u1105\u1112\u113C\u113C\u113E\u113E\u110B\u1100\u110B\u1103\u110B\u1106\u110B\u1107\u110B\u1109\u110B\u1140\u110B\u110B\u110B\u110C\u110B\u110E\u110B\u1110\u110B\u1111\u110C\u110B\u114E\u114E\u1150\u1150\u110E\u110F\u110E\u1112\u1111\u1107\u1111\u110B\u1112\u1112\u1100\u1103\u1102\u1109\u1102\u110C\u1102\u1112\u1103\u1105\u1161\u4E28\u1163\u4E28\u1165\u4E28\u1167\u4E28\u1169\u1161\u1169\u1161\u4E28\u1169\u4E28\u116E\u1165\u116E\u1165\u4E28\u116E\u4E28\u30FC\u30FC\u4E28\u4E28\u1161\u1169\u1161\u116E\u1163\u1169" +
        "\u1163\u116D\u1165\u1169\u1165\u116E\u1165\u30FC\u1167\u1169\u1167\u116E\u1169\u1165\u1169\u1165\u4E28\u1169\u1167\u4E28\u1169\u1169\u1169\u116E\u116D\u1163\u116D\u1163\u4E28\u116D\u1163\u116D\u1169\u116D\u4E28\u116E\u1161\u116E\u1161\u4E28\u116E\u1165\u30FC\u116E\u1167\u4E28\u116E\u116E\u1172\u1161\u1172\u1165\u1172\u1165\u4E28\u1172\u1167\u1172\u1167\u4E28\u1172\u116E\u1172\u4E28\u30FC\u116E\u30FC\u30FC\u30FC\u4E28\u116E\u4E28\u1161\u4E28\u1163\u4E28\u1169\u4E28\u116E\u4E28\u30FC\u4E28\u119E\u119E\u1165\u119E\u116E\u119E\u4E28\u119E\u119E\u1161\u30FC\u1163\u116E\u1167" +
        "\u1163\u1169\u1163\u1169\u1163\u4E28\u1100\u1100\u1100\u1100\u1109\u1102\u1102\u110C\u1102\u1112\u1103\u1105\u1105\u1100\u1105\u1106\u1105\u1107\u1105\u1109\u1105\u1110\u1105\u1111\u1105\u1112\u1106\u1107\u1107\u1109\u1109\u1109\u1109\u110B\u110C\u110E\u110F\u1110\u1111\u1112\u1100\u1105\u1100\u1109\u1100\u1102\u1100\u1102\u1103\u1102\u1109\u1102\u1140\u1102\u1110\u1103\u1100\u1103\u1105\u1105\u1100\u1109\u1105\u1102\u1105\u1103\u1105\u1103\u1112\u1105\u1105\u1105\u1106\u1100\u1105\u1106\u1109\u1105\u1107\u1109\u1105\u1107\u1112\u1105\u1107\u110B\u1105\u1109\u1109\u1105" +
        "\u1140\u1105\u110F\u1105\u1159\u1106\u1100\u1106\u1105\u1106\u1107\u1106\u1109\u1106\u1109\u1109\u1106\u1140\u1106\u110E\u1106\u1112\u1106\u110B\u1107\u1105\u1107\u1111\u1107\u1112\u1107\u110B\u1109\u1100\u1109\u1103\u1109\u1105\u1109\u1107\u1140\u110B\u1100\u110B\u1100\u1100\u110B\u110B\u110B\u110F\u114C\u110B\u1109\u110B\u1140\u1111\u1107\u1111\u110B\u1112\u1102\u1112\u1105\u1112\u1106\u1112\u1107\u1159\u1100\u1102\u1100\u1107\u1100\u110E\u1100\u110F\u1100\u1112\u1102\u1102U\u0270\u03A6\u0548\u0571ODRTO'i\u2C75YAJ" +
        "E?\u2C75\u0393WMHYO\u0335\u01ABGhZ\u0460\u0190U\u03354bRWSVSLCPKdO\u03356\u00DFh\u0314GB\u0262\u0299=\u0394\u00B7\u1401\u1401\u00B7\u00B7\u0394\u0394\u00B7\u00B7\u1404\u1404\u00B7\u00B7\u1405\u1405\u00B7\u00B7\u1406\u1406\u00B7\u00B7\u140A\u140A\u00B7\u00B7\u140B\u140B\u00B7\u00B7\u1401\u1420\u0394\u1420\u1405\u1420\u140A\u1420V\u0245>\u00B7><\u00B7VV\u00B7\u00B7\u0245\u0245\u00B7\u00B7\u1432\u1432" +
        "\u00B7\u00B7>>\u00B7\u00B7\u1434\u1434\u00B7\u00B7<<\u00B7\u00B7\u1439\u1439\u00B7'U\u0548\u00B7\u1450\u00B7UU\u00B7\u00B7\u0548\u0548\u00B7\u00B7\u144F\u144F\u00B7\u00B7\u1450\u1450\u00B7\u00B7\u1451\u1451\u00B7\u00B7\u1455\u1455\u00B7\u00B7\u1456\u1456\u00B7U'\u0548'\u1450'\u1455'Pdbb\u0307\u00B7\u146B\u146B\u00B7\u00B7Pp\u00B7\u00B7\u146E\u146E\u00B7\u00B7dd\u00B7\u00B7\u1470\u1470\u00B7\u00B7bb\u00B7\u00B7b\u0307b\u0307\u00B7\u146B'P" +
        "'d'b'J\u00B7\u1489\u1489\u00B7\u00B7\u148B\u148B\u00B7\u00B7\u148C\u148C\u00B7\u00B7JJ\u00B7\u00B7\u148E\u148E\u00B7\u00B7\u1490\u1490\u00B7\u00B7\u1491\u1491\u00B7\u0393L\u00B7\u14A3\u14A3\u00B7\u00B7\u0393\u0393\u00B7\u00B7\u14A6\u14A6\u00B7\u00B7\u14A7\u14A7\u00B7\u00B7\u14A8\u14A8\u00B7\u00B7Ll\u00B7\u00B7\u14AB\u14AB\u00B72\u00B7\u14C0\u14C0\u00B7\u00B7\u14C7\u14C7\u00B7\u00B7\u14C8\u14C8\u00B7\u1421\u00B7\u14D3\u14D3\u00B7\u00B7\u14D5\u14D5\u00B7\u00B7\u14D6\u14D6\u00B7\u00B7\u14D7\u14D7\u00B7\u00B7\u14D8" +
        "\u14D8\u00B7\u00B7\u14DA\u14DA\u00B7\u00B7\u14DB\u14DB\u00B7\u00B7\u14ED\u14ED\u00B7\u00B7\u14EF\u14EF\u00B7\u00B7\u14F0\u14F0\u00B7\u00B7\u14F1\u14F1\u00B7\u00B7\u14F2\u14F2\u00B7\u00B7\u14F4\u14F4\u00B7\u00B7\u14F5\u14F5\u00B7\u150B<\u150B\u1455\u150Bb\u150B\u1490\u00B7\u1510\u1510\u00B7\u00B7\u1511\u1511\u00B7\u00B7\u1512\u1512\u00B7\u00B7\u1513\u1513\u00B7\u00B7\u1514\u1514\u00B7\u00B7\u1515\u1515\u00B7\u00B7\u1516\u1516\u00B7\u00B744\u00B7\u00B7\u1528\u1528\u00B7\u00B7\u1529\u1529\u00B7\u00B7\u152A\u152A\u00B7\u00B7\u152B\u152B\u00B7\u00B7\u152D" +
        "\u152D\u00B7\u00B7\u152E\u152E\u00B7\u1429x\u00B7\u154C\u154C\u00B7\u00B7\u155A\u155A\u00B7\u00B7\u1567\u1567\u00B7\u1E9FHx\u1550\u146C\u1550P\u1550\u146E\u1550d\u1550\u1470\u1550b\u1550b\u0307\u1550\u1483R\u1595\u148A\u1595\u148B\u1595\u148C\u1595J\u1595\u148E\u1595\u1490\u1595\u1491bF\u2132\uA7FB\u2C6FADD\u0460MB\u1490\u1489\u14D3\u14DA\u1543\u1546\u154A\u01B1\u03A9\u01B1\u03A9Xx\u1550\u146B\u1595\u1489\u1596\u148B\u1596\u148C\u1596J\u1596\u148E\u1596\u1490\u1596\u1491\u15A7" +
        "\u00B7\u15A8\u00B7\u15A9\u00B7\u15AA\u00B7\u15AB\u00B7\u15AC\u00B7\u15AD\u00B7 <Xl\u16BD'KM\u03A8\u16BC\u00B7:+\u03A6\u1715/\u178A\u17A2\u0E34\u0E35\u0E36\u0E37\u030A\u0E48\u030A\u0E2F\u0E5A\u0E4F\u0E5Bo::\u1835\u185C\u00B7\u18B1\u00B7\u18B4\u00B7\u18B8\u00B7\u18C0\u00B7\u14C2\u14C2\u00B7\u00B7\u14C3\u14C3\u00B7\u00B7\u14C4\u14C4\u00B7\u00B7\u14C5\u14C5\u00B7\u00B7\u1543\u00B7\u1546\u00B7\u1547\u00B7\u1548\u00B7\u1549\u00B7\u154B\u18F5\u18DF\u141E\u141E\u18DF\u1543\u00B7\u155E\u00B7\u1566\u00B7\u156B\u00B7" +
        "\u1586\u00B7\u1597\u00B7\u0460\u00B7\u15F4\u00B7\u161B\u00B7\u199E\u19B1\u1A45\u1A45\u1AA8\u1AA8\u1AAA\u1AA8\u06DB\u0328\u1AC6\u0304\u1AE5\u0304\u0304\u1B0D\u1B11\u1B28\u1B50\u1B5E\u1B5E\u1C3B\u1C3B\u1C7E\u1C7E\u0302\u0304''\u032B\u032E\u032D\u030E\u0329\u0323\u0324\u0316c\u025C\u0138\u028Do\u0254o\u01DDouvwz\u01A8r\u028C\u03C0\u1D18\u043B\u18D6\u00BAuef\u0334rn\u0334n\u0334r\u0334\u027E\u0334s\u0334t\u0334z\u0334\u1D34i\u0335i\u0335p\u0335u\u0335" +
        "\u028A\u0335gy\u024B\u1D4B\u1D4D\u18D4\u1646\u1ADA\u2DEC\uAB51\u1EA3f\u00DFy\u1FF4'i'~'\u13EF''           ----\u30FC\u30FCll'','''''''\u00B7......\u00B7   \u00BA/\u2080\u2080\u00BA/\u2080\u2080\u2080''''''''''''<>!!\u02C9/-/??" +
        "?!!?*\u00BA/\u2080~'''':\u2D57\u2D42 \u00BA\uA770C\u20EB\u00A3rn\u0338RsW\u0335d\u0335\u0331\uA792K\u0335T\u20EBlt\u0554\u0631\u0649l\u0644\u06DBa/ca/sC\u00B0Cc/oc/u\u0190\u042D\u00B0FgHHHhh\u0335llLlNNoPQRRRTELZ\u03A9\u01B1Z\u027FKBCee" +
        "EFMo\u05D0\u05D1\u05D2\u05D3iFAX\u03C0y\u0393\u03A0\u01A9\uA4E8\uA4F6\uD81B\uDF00DdeijlllllllVVVlVllVllllXXXlXllLCDMiiiiiiivvviviiviiiixxxixiilcdrn\u0186\u0254\u16CF\u16E8\u21B2\uD83C\uDD0E\u16DA\u16D0" +
        "\uD83E\uDCD0\uD83E\uDCD1\u2C6F\u018E\u0394\u03A0\u01A9-+\u0307/\\*\u00B0\u00B7oolllv\u0548U\u0283\u0283\u0283\u0283\u0283\u0283\u222E\u222E\u222E\u222E\u222E:-\u0307~=\u0307=\u0307\u0323=\u030A=\u0302=\u0306=\u036B\u2261<<>>\u1455\u1450\uD800\uDEA8O\u0335\u0298O\u0335T\uA4D5\u2227v\u0548U\u16DC\u00B7\u16DE<\u00B7\u00B7><<<>>>\u2D57\u00B7\u00B7\u00B7\uA793E\u2205\u2324\u276C\u276D" +
        "\u303C\u0394\u0332\u16DC\u0332\u00B0\u0332\u229BT\u0308\u2207\u0308\u22C6\u0308\u00B0\u0308\u0629~\u0308\u1435\u2207\u0334O\u0335ip\u03C9a\u0332\uA793\u0332i\u0332\u03C9\u0332a\u16BD\u4E28\u4E28\u4E28\u4E28\u4E28\u4E28\u2355\u234E\u234B\u236D\u2081\u2080\u23FBl\u263E\\\\\u2780\u2781\u2782\u2783\u2784\u2785\u2786\u2787\u2788\u2789(l)(2)(3)(4)(5)(6)(7)(8)(9)(lO)(" +
        "ll)(l2)(l3)(l4)(l5)(l6)(l7)(l8)(l9)(2O)l.2.3.4.5.6.7.8.9.lO.ll.l2.l3.l4.l5.l6.l7.l8.l9.2O.(a)(b)" +
        "(c)(d)(e)(f)(g)(h)(i)(j)(k)(l)(rn)(n)(o)(p)(q)(r)(s)(t)(u)(v)(w)(x)(y)(z)\u00A9\u2117\u00AE\u24BE\uD83C\uDD0D\u30FC\u30FC\u2502\u250C\u251C\u01C2/X\u220E\u258C\u02C9\u2596\u2598\u220E\u23E5\u0394\u22B3" +
        "\u25B6\u25B6\uD800\uDEBC\u22B2\u16DC\u16DC\u00B0\u233E\u2312\u00B0\u0298\u25A1\uD802\uDD9E\u039E\u2388\u224F\uD83E\uDE55\uD83E\uDE57\u16DC\uD834\uDD58\uD834\uDD65\uD834\uDD58\uD834\uDD65\uD834\uDD6E\u0970()<>(){}+-\u00F7\uA4D5\\\u1455\u1450//\\T\u276C\u276D\uD833\uDEE0xx\u16D0\u16DA\u21C3\u21C2\u16D0\u21C2\u21C3\u16DA\u2D42\u2349\uD833\uDEF0\u233E\u303C\u2342\u233B\uD800\uDEC0\u299A:\u2192\\/\u0304/\\\u0298\uD800\uDEA8\u2297\u228D\u228E\u2293\u2294\u0283\u0283\u0283" +
        "\u0283\u16DE>>\u16DA+\u030A+\u0302+\u0303+\u0323+\u0330+\u2082-\u0313-\u0323xx\u0307\u2319\u2A1F\u2210~\u0307=\u20F0::======><\u15D5\u15D2\u1450\u1455/////=\u1AB2\u219E\u219F\u21A0\u21A1H\u0329K\u0329B\u0299\u0393r\u0394\uA792\uA793\u03C2\u2C6B\u2C6CH\u029CO\u0335o\u0335liK\u0138\u03BB\u028CM\u028DN\u02743\u0293Oo\u03A0\u03C0PpCc" +
        "T\u1D1BYy\u03A6\u0278X\u03C7\u03A8\u03C8\uA64C\u03C9-\u0307-\u0307<\u00B7<\u00B7\u039E\u2261--\u0428w\u0554\u03FC3\u021D//993\u021DPpL\u029F666\u1E9F\u0278\u0278\u03D7\u0554\u2627\\\\O\u0335\u0245VE\u018EO\u0338\u00B7\u00B7\u00B7\u01A9l!OQ\u0298X\u0394\u16EF\u1DDF\u030A\u0368\u1ADB\u036F\u0363\u0364-\u0308~\u0307~\u0323\u1455\u1450(())\u2235\u2234\u2237\u061F\u00B0\u00B7" +
        "\u060C\u061B\u1E9F\u2D42\u00B6=\u4E5B\u4E5A\u4EBB\u5202\u353E\u5140\u5C23\u5C22\u5DF3\u5E7A\u5F51\u5FC4\u38FA\u624C\u6535\u65E1\u6B7A\u6BCD\u6C11\u6C35\u6C3A\u706C\u722B\u4E2C\u72AD\u7F52\u793B\u7CF9\u7F53\u7F52\u8002\u8080\u8279\u8279\u8279\u864E\u8864\u8980\u897F\u89C1\u8BA0\u8D1D\u8F66\u8FB6\u8FB6\u961D\u9485\u1110\u30FC\u1102\u110C\u9578\u957F\u95E8\u961D\u9752\u97E6\u9875\u98CE\u98DE\u98DF\u98E0\u9963\u9A6C\u9B3C\u9C7C\u9EA6\u9EC4\u6589\u9F50\u6B6F\u9F7F\u7ADC\u9F99\u4E80\u9F9F\u30FC\u4E28\\/\u4E59\u4E85\u4E8C\u4EA0\u4EBA\u513F\u5165\u516B\u5182\u5196" +
        "\u51AB\u51E0\u51F5\u5200\u529B\u52F9\u5315\u531A\u5338\u5341\u535C\u5369\u5382\u53B6\u53C8\u53E3\u53E3\u571F\u571F\u5902\u590A\u5915\u5927\u5973\u5B50\u5B80\u5BF8\u5C0F\u5C22\u5C38\u5C6E\u5C71\u5DDB\u5DE5\u5DF1\u5DFE\u5E72\u5E7A\u5E7F\u5EF4\u5EFE\u5F0B\u5F13\u5F50\u5F61\u5F73\u5FC3\u6208\u6236\u624B\u652F\u6534\u6587\u6597\u65A4\u65B9\u65E0\u65E5\u66F0\u6708\u6728\u6B20\u6B62\u6B79\u6BB3\u6BCB\u6BD4\u6BDB\u6C0F\u6C14\u6C34\u706B\u722A\u7236\u723B\u1102\u116E\u4E28\u7247\u7259\u725B\u72AC\u7384\u7389\u74DC\u74E6\u7518\u751F\u7528\u7530\u758B\u7592\u7676\u767D\u76AE\u76BF" +
        "\u76EE\u77DB\u77E2\u77F3\u793A\u79B8\u79BE\u7A74\u7ACB\u7AF9\u7C73\u7CF8\u7F36\u7F51\u7F8A\u7FBD\u8001\u800C\u8012\u8033\u807F\u8089\u81E3\u81EA\u81F3\u81FC\u820C\u821B\u821F\u826E\u8272\u8278\u864D\u866B\u8840\u884C\u8863\u897E\u898B\u89D2\u8A00\u8C37\u8C46\u8C55\u8C78\u8C9D\u8D64\u8D70\u8DB3\u8EAB\u8ECA\u8F9B\u8FB0\u8FB5\u9091\u9149\u91C6\u91CC\u91D1\u1110\u30FC\u1102\u110C\u9580\u961C\u96B6\u96B9\u96E8\u9751\u975E\u9762\u9769\u97CB\u97ED\u97F3\u9801\u98A8\u98DB\u98DF\u9996\u9999\u99AC\u9AA8\u9AD8\u9ADF\u9B25\u9B2F\u9B32\u9B3C\u9B5A\u9CE5\u9E75\u9E7F\u9EA5\u9EBB\u9EC3" +
        "\u9ECD\u9ED1\u9EF9\u9EFD\u9F0E\u9F13\u9F20\u9F3B\u9F4A\u9F52\u9F8D\u9F9C\u9FA0\u02F3''O\u276C\u276D\u20B8()\u27E6\u27E7\u0309\u0325/\u20B8\u5341\u5344\u5345\u276C\u030A\uFF9E\uFF9F=\u4EBB\u5DE5\u529B\u5915\u535C\u4E8C/\u516B\u3078\u53E3\u00B7\u513F\u1100\u1100\u1100\u1100\u1109\u1102\u1102\u110C\u1102\u1112\u1103\u1103\u1103\u1105\u1105\u1100\u1105\u1106\u1105\u1107\u1105\u1109\u1105\u1110\u1105\u1111\u1105\u1112\u1106\u1107\u1107\u1107\u1107\u1109\u1109\u1109\u1109\u110B\u110C\u110C\u110C\u110E\u110F\u1110\u1111\u1112\u1161\u1161" +
        "\u4E28\u1163\u1163\u4E28\u1165\u1165\u4E28\u1167\u1167\u4E28\u1169\u1169\u1161\u1169\u1161\u4E28\u1169\u4E28\u116D\u116E\u116E\u1165\u116E\u1165\u4E28\u116E\u4E28\u1172\u30FC\u30FC\u4E28\u4E28\u1160\u1102\u1102\u1102\u1103\u1102\u1109\u1102\u1140\u1105\u1100\u1109\u1105\u1103\u1105\u1107\u1109\u1105\u1140\u1105\u1159\u1106\u1107\u1106\u1109\u1106\u1140\u1106\u110B\u1107\u1100\u1107\u1103\u1107\u1109\u1100\u1107\u1109\u1103\u1107\u110C\u1107\u1110\u1107\u110B\u1107\u1107\u110B\u1109\u1100\u1109\u1102\u1109\u1103\u1109\u1107\u1109\u110C\u1140\u110B\u110B\u114C\u110B\u1109" +
        "\u110B\u1140\u1111\u110B\u1112\u1112\u1159\u116D\u1163\u116D\u1163\u4E28\u116D\u4E28\u1172\u1167\u1172\u1167\u4E28\u1172\u4E28\u119E\u119E\u4E28\u30FC\u4E28/\\\u4E5B\u4E85\u276C\u4E5A\u4E59(\u1100)(\u1102)(\u1103)(\u1105)(\u1106)(\u1107)(\u1109)(\u110B)(\u110C)(\u110E)(\u110F)(\u1110)(\u1111)(\u1112)(\uAC00)(\uB098)(\uB2E4)(\uB77C)(\uB9C8)(\uBC14)(\uC0AC)" +
        "(\uC544)(\uC790)(\uCC28)(\uCE74)(\uD0C0)(\uD30C)(\uD558)(\uC8FC)(\uC624\uC804)(\uC624\uD6C4)(\u30FC)(\u4E8C)(\u4E09)(\u56DB)(\u4E94)(\u516D)(\u4E03)(\u516B)(\u4E5D)(\u5341)(\u6708)(\u706B)(\u6C34)(\u6728)(\u91D1)(\u571F)(\u65E5)(\u682A)(\u6709)(\u793E)(\u540D)(" +
        "\u7279)(\u8CA1)(\u795D)(\u52B4)(\u4EE3)(\u547C)(\u5B66)(\u76E3)(\u4F01)(\u8CC7)(\u5354)(\u796D)(\u4F11)(\u81EA)(\u81F3)l\u67082\u67083\u67084\u67085\u67086\u67087\u67088\u67089\u6708lO\u6708ll\u6708l2\u6708O\u70B9l\u70B92\u70B93\u70B94\u70B95\u70B96\u70B97\u70B98\u70B99\u70B9lO\u70B9ll" +
        "\u70B9l2\u70B9l3\u70B9l4\u70B9l5\u70B9l6\u70B9l7\u70B9l8\u70B9l9\u70B92O\u70B92l\u70B922\u70B923\u70B924\u70B9l\u65E52\u65E53\u65E54\u65E55\u65E56\u65E57\u65E58\u65E59\u65E5lO\u65E5ll\u65E5l2\u65E5l3\u65E5l4\u65E5l5\u65E5l6\u65E5l7\u65E5l8\u65E5l9\u65E52O\u65E52l\u65E522" +
        "\u65E523\u65E524\u65E525\u65E526\u65E527\u65E528\u65E529\u65E53O\u65E53l\u65E5\u363D\u3588\u3B3B\uD85E\uDCAE\u30FC\u110C\u1169\u1109\u1109\u30FC\\/\uD82C\uDD22\u1109\u30FC\u1100\u4F75\u5024\uD81B\uDFF3\u1106\u1161\u1109\u30FC\u1106\u5553\u53E3\u5861\u571F\u58AB\u5AAF\u5E21\u3B3A\uD86D\uDF3F\u6236\u3A41\u403F\u665A\u3ADA\u4443\u676E\u3BA3\u699D\u6E88\u1102\u116E\u4E28\u7814\u7D55\u670C\u6710\u670F\u3B35\u6713\u6718\u80FC\u6723\u848D\u8637\u46B6\u8A2E\u8B86\u8C5C\u8D7F\u8DE5" +
        "\u8E97\u8EFF\u90CE\u93AD\u1110\u30FC\u1102\u110C\u96B7\u9E42\u9ED1\u4039\uA2CD\uA0C0\uA04A\uA458\uA132\uA050\uA3C2\uA3BF\uA2B1\uA259\uA3AB\uA3B5BPdDTGKJC\u0186ZF\u2132MNLSR\u0245VHWXY\u1660A\u2C6FE\u018ElOU\u0548\u15E1.,...,:-.=.2\u01A8i\u03C9\u042Al\u02C9bi\u0298\u20E9\u0306\u02C7h\u0314OOoo\uD800\uDEA8\u0418\u16B9\u2C75\u02A1\u0245\u03A0" +
        "V?2\u0302\u0304\uA6F3\uA6F3\u02EB\u02EAT3t\u021DsAAaaAOaoAUauAVavAVavAYayK\u0335O\u0335o\u0335OOoo2w\u03263\u021D9tf&\uA779:'\u00B7\uA727Ff\uD801\uDC12\uD801\uDC3A\u029A\uA4E4u3\uA4D5JXB\u00DF\uA64C\u03C9\uA7CE\uA7D3\uA7D5\u00DF\u0245\u03BB\u0245\u0338\u18F5\u30FC\u0964\u1103\u1106\u1103\u1107\u1103\u1109" +
        "\u1103\u110C\u1105\u1100\u1105\u1100\u1100\u1105\u1103\u1105\u1103\u1103\u1105\u1106\u1105\u1107\u1105\u1107\u1107\u1105\u1107\u110B\u1105\u1109\u1105\u110C\u1105\u110F\u1106\u1100\u1106\u1103\u1106\u1109\u1107\u1109\u1110\u1107\u110F\u1107\u1112\u1109\u1109\u1107\u110B\u1105\u110B\u1112\u110C\u110C\u1112\u1110\u1110\u1111\u1112\u1112\u1109\u1159\u1159\u2C3F\uA99D\uA9D0\u0662\uAA01\uAA23efoo\u0338\u0254\u0338\u01DDo\u0338\u01DDo\u0335rr\u0283uu\u03C7\u03C7y\u0459\u0254euo\u1D05\u0280\u1D1Bo\u031B" +
        "i\u1D00\u1D0A\u1D07\u0242\u2C76rw\u028D\u029Co\u0335\u0262z\uA793u\u0335\u0185\u0280vs\u029Fc\u1D18\u0138o\u0335\u1169\u1167\u1169\u1169\u4E28\u116D\u1161\u116D\u1161\u4E28\u116D\u1165\u116E\u1167\u116E\u4E28\u4E28\u1172\u1161\u4E28\u1172\u1169\u30FC\u1161\u30FC\u1165\u30FC\u1165\u4E28\u30FC\u1169\u4E28\u1163\u1169\u4E28\u1163\u4E28\u4E28\u1167\u4E28\u1167\u4E28\u4E28\u1169\u4E28\u4E28\u116D\u4E28\u1172\u4E28\u4E28\u119E\u1161\u119E\u1165\u4E28\u1102\u1105\u1102\u110E\u1103\u1103\u1103\u1103\u1107\u1103\u1107\u1103\u1109" +
        "\u1103\u1109\u1100\u1103\u110C\u1103\u110E\u1103\u1110\u1105\u1100\u1100\u1105\u1100\u1112\u1105\u1105\u110F\u1105\u1106\u1112\u1105\u1107\u1103\u1105\u1107\u1111\u1105\u114C\u1105\u1159\u1112\u1105\u110B\u1106\u1102\u1106\u1102\u1102\u1106\u1106\u1106\u1107\u1109\u1106\u110C\u1107\u1103\u1107\u1105\u1111\u1107\u1106\u1107\u1107\u1107\u1109\u1103\u1107\u110C\u1107\u110E\u1109\u1106\u1109\u1107\u110B\u1109\u1109\u1100\u1109\u1109\u1103\u1109\u1140\u1109\u110C\u1109\u110E\u1109\u1110\u1105\u1112\u1140\u1107\u1140\u1107\u110B\u114C\u1106\u114C\u1112\u110C\u1107\u110C\u1107" +
        "\u1107\u110C\u110C\u1111\u1109\u1111\u1110\u8C48\u66F4\u8ECA\u8CC8\u6ED1\u4E32\u53E5\u9F9C\u9F9C\u5951\u91D1\u5587\u5948\u61F6\u7669\u7F85\u863F\u87BA\u88F8\u908F\u6A02\u6D1B\u70D9\u73DE\u843D\u916A\u99F1\u4E82\u5375\u6B04\u721B\u862D\u9E1E\u5D50\u6FEB\u85CD\u8964\u62C9\u81D8\u881F\u5ECA\u6717\u6D6A\u72FC\u90CE\u4F86\u51B7\u52DE\u64C4\u6AD3\u7210\u76E7\u8001\u8606\u865C\u8DEF\u9732\u9B6F\u9DFA\u788C\u797F\u7DA0\u83C9\u9304\u9E7F\u8AD6\u58DF\u5F04\u7C60\u807E\u7262\u78CA\u8CC2\u96F7\u58D8\u5C62\u6A13\u6DDA\u6F0F\u7D2F\u7E37\u964B\u52D2\u808B\u51DC\u51CC\u7A1C\u7DBE\u83F1" +
        "\u9675\u8B80\u62CF\u6A02\u8AFE\u4E39\u5BE7\u6012\u7387\u7570\u5317\u78FB\u4FBF\u5FA9\u4E0D\u6CCC\u6578\u7D22\u53C3\u585E\u7701\u8449\u8AAA\u6BBA\u8FB0\u6C88\u62FE\u82E5\u63A0\u7565\u4EAE\u5169\u51C9\u6881\u7CE7\u826F\u8AD2\u91CF\u52F5\u5442\u5973\u5EEC\u65C5\u6FFE\u792A\u95AD\u9A6A\u9E97\u9ECE\u529B\u66C6\u6B77\u8F62\u5E74\u6190\u6200\u649A\u6F23\u7149\u7489\u79CA\u7DF4\u806F\u8F26\u84EE\u9023\u934A\u5217\u52A3\u54BD\u70C8\u88C2\u8AAA\u5EC9\u5FF5\u637B\u6BAE\u7C3E\u7375\u4EE4\u56F9\u5BE7\u5DBA\u601C\u73B2\u7469\u7F9A\u8046\u9234\u96F6\u9748\u9818\u4F8B\u79AE\u91B4\u96B7" +
        "\u60E1\u4E86\u50DA\u5BEE\u5C3F\u6599\u6A02\u71CE\u7642\u84FC\u907C\u9F8D\u6688\u962E\u5289\u677B\u67F3\u6D41\u6E9C\u7409\u7559\u786B\u7D10\u985E\u516D\u622E\u9678\u502B\u5D19\u6DEA\u8F2A\u5F8B\u6144\u6817\u7387\u9686\u5229\u540F\u5C65\u6613\u674E\u68A8\u6CE5\u7406\u75E2\u7F79\u88CF\u88E1\u91CC\u96E2\u533F\u6EBA\u541D\u71D0\u7498\u85FA\u96A3\u9C57\u9E9F\u6797\u6DCB\u81E8\u7ACB\u7B20\u7C92\u72C0\u7099\u8B58\u4EC0\u8336\u523A\u5207\u5EA6\u62D3\u7CD6\u5B85\u6D1E\u66B4\u8F3B\u884C\u964D\u898B\u5ED3\u5140\u55C0\u585A\u6674\u51DE\u732A\u76CA\u793C\u795E\u7965\u798F\u9756\u7CBE" +
        "\u7FBD\u8612\u8AF8\u9038\u90FD\u98EF\u98FC\u9928\u9DB4\u90CE\u96B7\u4FAE\u50E7\u514D\u52C9\u52E4\u5351\u559D\u5606\u5668\u5840\u58A8\u5C64\u5C6E\u6094\u6168\u618E\u61F2\u654F\u65E2\u6691\u6885\u6D77\u6E1A\u6F22\u716E\u722B\u7422\u7891\u793E\u7949\u7948\u7950\u7956\u795D\u798D\u798E\u7A40\u7A81\u7BC0\u7DF4\u7E09\u7E41\u7F72\u8005\u81ED\u8279\u8279\u8457\u8910\u8996\u8B01\u8B39\u8CD3\u8D08\u8FB6\u9038\u96E3\u97FF\u983B\u6075\uD850\uDEEE\u8218\u4E26\u51B5\u5168\u4F80\u5145\u5180\u52C7\u52FA\u559D\u5555\u5599\u55E2\u585A\u58B3\u5944\u5954\u5A62\u5B28\u5ED2\u5ED9\u5F69\u5FAD" +
        "\u60D8\u614E\u6108\u618E\u6160\u61F2\u6234\u63C4\u641C\u6452\u6556\u6674\u6717\u671B\u6756\u6B79\u6BBA\u6D41\u6EDB\u6ECB\u6F22\u701E\u716E\u77A7\u7235\u72AF\u732A\u7471\u7506\u753B\u761D\u761F\u76CA\u76DB\u76F4\u774A\u7740\u78CC\u7AB1\u7BC0\u7C7B\u7D5B\u7DF4\u7F3E\u8005\u8352\u83EF\u8779\u8941\u8986\u8996\u8ABF\u8AF8\u8ACB\u8B01\u8AFE\u8AED\u8B39\u8B8A\u8D08\u8F38\u9072\u9199\u9276\u967C\u96E3\u9756\u97DB\u97FF\u980B\u983B\u9B12\u9F9C\uD84A\uDC4A\uD84A\uDC44\uD84C\uDFD5\u3B9D\u4018\u4039\uD854\uDE49\uD857\uDCD0\uD85F\uDED3\u9F43\u9F8Efffifl" +
        "ffifflst\u0574\u0576\u0574\u0565\u0574\u056B\u057E\u0576\u0574\u056D\u05E2\u05D0\u05D3\u05D4\u05DB\u05DC\u05DD\u05E8\u05EA-\u0307\uFB2A\uFB2C\uFB2E\uFB2E\uFB1D\uFB2A\u05D0\u05DC\u0671\u0671\u067B\u067B\u067B\u067B\u0649\u06DB\u0649\u06DB\u0649\u06DB\u0649\u06DB\u0680\u0680\u0680\u0680\u062A\u062A\u062A\u062A\u067F\u067F\u067F\u067F\u0649\u0615\u0649\u0615\u0649\u0615\u0649\u0615\u06A1\u06DB\u06A1\u06DB\u06A1\u06DB\u06A1\u06DB\u06A6\u06A6\u06A6\u06A6\u0684\u0684\u0684\u0684\u0683\u0683\u0683\u0683\u0686\u0686\u0686\u0686\u0687" +
        "\u0687\u0687\u0687\u068D\u068D\u068C\u068C\u062F\u06DB\u062F\u06DB\u062F\u0615\u062F\u0615\u0631\u06DB\u0631\u06DB\u0631\u0615\u0631\u0615\u0643\u0643\u0643\u0643\u06AF\u06AF\u06AF\u06AF\u06B3\u06B3\u06B3\u06B3\u06B1\u06B1\u06B1\u06B1\u0649\u0649\u0649\u0615\u0649\u0615\u0649\u0615\u0649\u0615\u06C0\u06C0oooooooo\u0649\u0649\u06D3\u06D3\u0643\u06DB\u0643\u06DB\u0643\u06DB\u0643\u06DB\u0648\u0313\u0648\u0313\u0648\u0306\u0648\u0306\u0648\u0670\u0648\u0670\u0648\u0313\u0674\u0648\u06DB\u0648\u06DB\u06C5\u06C5\u0648\u0302\u0648\u0302" +
        "\u067B\u067B\u067B\u067B\u0649\u0649\u0649\u0674l\u0649\u0674l\u0649\u0674o\u0649\u0674o\u0649\u0674\u0648\u0649\u0674\u0648\u0649\u0674\u0648\u0313\u0649\u0674\u0648\u0313\u0649\u0674\u0648\u0306\u0649\u0674\u0648\u0306\u0649\u0674\u0648\u0670\u0649\u0674\u0648\u0670\u0649\u0674\u067B\u0649\u0674\u067B\u0649\u0674\u067B\u0649\u0674\u0649\u0649\u0674\u0649\u0649\u0674\u0649\u0649\u0649\u0649\u0649\u0649\u0674\u062C\u0649\u0674\u062D\u0649\u0674\u0645\u0649\u0674\u0649\u0649\u0674\u0649\u0628\u062C\u0628\u062D\u0628\u062E\u0628\u0645\u0628\u0649\u0628" +
        "\u0649\u062A\u062C\u062A\u062D\u062A\u062E\u062A\u0645\u062A\u0649\u062A\u0649\u0649\u06DB\u062C\u0649\u06DB\u0645\u0649\u06DB\u0649\u0649\u06DB\u0649\u062C\u062D\u062C\u0645\u062D\u062C\u062D\u0645\u062E\u062C\u062E\u062D\u062E\u0645\u0633\u062C\u0633\u062D\u0633\u062E\u0633\u0645\u0635\u062D\u0635\u0645\u0636\u062C\u0636\u062D\u0636\u062E\u0636\u0645\u0637\u062D\u0637\u0645\u0638\u0645\u0639\u062C\u0639\u0645\u063A\u062C\u063A\u0645\u0641\u062C\u0641\u062D\u0641\u062E\u0641\u0645\u0641\u0649\u0641\u0649\u0642\u062D\u0642\u0645\u0642\u0649\u0642\u0649\u0643l\u0643" +
        "\u062C\u0643\u062D\u0643\u062E\u0643\u0644\u0643\u0645\u0643\u0649\u0643\u0649\u0644\u062C\u0644\u062D\u0644\u062E\u0644\u0645\u0644\u0649\u0644\u0649\u0645\u062C\u0645\u062D\u0645\u062E\u0645\u0645\u0645\u0649\u0645\u0649\u0628\u062E\u0646\u062D\u0646\u062E\u0646\u0645\u0646\u0649\u0646\u0649o\u062Co\u0645o\u0649o\u0649\u0649\u062C\u0649\u062D\u0649\u062E\u0649\u0645\u0649\u0649\u0649\u0649\u0630\u0670\u0631\u0670\u0649\u0670\uFE72\u0651\uFE74\u0651\uFE76\u0651\uFE78\u0651\uFE7A\u0651\uFE7C\u0670\u0649\u0674\u0631\u0649\u0674\u0632\u0649\u0674\u0645" +
        "\u0649\u0674\u0646\u0649\u0674\u0649\u0649\u0674\u0649\u0628\u0631\u0628\u0632\u0628\u0645\u0628\u0646\u0628\u0649\u0628\u0649\u062A\u0631\u062A\u0632\u062A\u0645\u062A\u0646\u062A\u0649\u062A\u0649\u0649\u06DB\u0631\u0649\u06DB\u0632\u0649\u06DB\u0645\u0649\u06DB\u0646\u0649\u06DB\u0649\u0649\u06DB\u0649\u0641\u0649\u0641\u0649\u0642\u0649\u0642\u0649\u0643l\u0643\u0644\u0643\u0645\u0643\u0649\u0643\u0649\u0644\u0645\u0644\u0649\u0644\u0649\u0645l\u0645\u0645\u0646\u0631\u0646\u0632\u0646\u0645\u0646\u0646\u0646\u0649\u0646\u0649\u0649\u0670\u0649\u0631\u0649" +
        "\u0632\u0649\u0645\u0649\u0646\u0649\u0649\u0649\u0649\u0649\u0674\u062C\u0649\u0674\u062D\u0649\u0674\u062E\u0649\u0674\u0645\u0649\u0674o\u0628\u062C\u0628\u062D\u0628\u062E\u0628\u0645\u0628o\u062A\u062C\u062A\u062D\u062A\u062E\u062A\u0645\u062Ao\u0649\u06DB\u0645\u062C\u062D\u062C\u0645\u062D\u062C\u062D\u0645\u062E\u062C\u062E\u0645\u0633\u062C\u0633\u062D\u0633\u062E\u0633\u0645\u0635\u062D\u0635\u062E\u0635\u0645\u0636\u062C\u0636\u062D\u0636\u062E\u0636\u0645\u0637\u062D\u0638\u0645\u0639\u062C\u0639\u0645\u063A\u062C\u063A\u0645\u0641\u062C\u0641" +
        "\u062D\u0641\u062E\u0641\u0645\u0642\u062D\u0642\u0645\u0643\u062C\u0643\u062D\u0643\u062E\u0643\u0644\u0643\u0645\u0644\u062C\u0644\u062D\u0644\u062E\u0644\u0645\u0644o\u0645\u062C\u0645\u062D\u0645\u062E\u0645\u0645\u0628\u062E\u0646\u062D\u0646\u062E\u0646\u0645\u0646oo\u062Co\u0645o\u0670\u0649\u062C\u0649\u062D\u0649\u062E\u0649\u0645\u0649o\u0649\u0674\u0645\u0649\u0674o\u0628\u0645\u0628o\u062A\u0645\u062Ao\u0649\u06DB\u0645\u0649\u06DBo\u0633\u0645\u0633o\u0633\u06DB\u0645\u0633\u06DBo\u0643\u0644\u0643" +
        "\u0645\u0644\u0645\u0646\u0645\u0646o\u0649\u0645\u0649o\uFE77\u0651\uFE79\u0651\uFE7B\u0651\u0637\u0649\u0637\u0649\u0639\u0649\u0639\u0649\u063A\u0649\u063A\u0649\u0633\u0649\u0633\u0649\u0633\u06DB\u0649\u0633\u06DB\u0649\u062D\u0649\u062D\u0649\u062C\u0649\u062C\u0649\u062E\u0649\u062E\u0649\u0635\u0649\u0635\u0649\u0636\u0649\u0636\u0649\u0633\u06DB\u062C\u0633\u06DB\u062D\u0633\u06DB\u062E\u0633\u06DB\u0645\u0633\u06DB\u0631\u0633\u0631\u0635\u0631\u0636\u0631\u0637\u0649\u0637\u0649\u0639\u0649\u0639\u0649\u063A\u0649\u063A\u0649\u0633\u0649\u0633\u0649" +
        "\u0633\u06DB\u0649\u0633\u06DB\u0649\u062D\u0649\u062D\u0649\u062C\u0649\u062C\u0649\u062E\u0649\u062E\u0649\u0635\u0649\u0635\u0649\u0636\u0649\u0636\u0649\u0633\u06DB\u062C\u0633\u06DB\u062D\u0633\u06DB\u062E\u0633\u06DB\u0645\u0633\u06DB\u0631\u0633\u0631\u0635\u0631\u0636\u0631\u0633\u06DB\u062C\u0633\u06DB\u062D\u0633\u06DB\u062E\u0633\u06DB\u0645\u0633o\u0633\u06DBo\u0637\u0645\u0633\u062C\u0633\u062D\u0633\u062E\u0633\u06DB\u062C\u0633\u06DB\u062D\u0633\u06DB\u062E\u0637\u0645\u0638\u0645l\u030Bl\u030B()\u062A\u062C\u0645\u062A\u062D" +
        "\u062C\u062A\u062D\u062C\u062A\u062D\u0645\u062A\u062E\u0645\u062A\u0645\u062C\u062A\u0645\u062D\u062A\u0645\u062E\u062C\u0645\u062D\u062C\u0645\u062D\u062D\u0645\u0649\u062D\u0645\u0649\u0633\u062D\u062C\u0633\u062C\u062D\u0633\u062C\u0649\u0633\u0645\u062D\u0633\u0645\u062D\u0633\u0645\u062C\u0633\u0645\u0645\u0633\u0645\u0645\u0635\u062D\u062D\u0635\u062D\u062D\u0635\u0645\u0645\u0633\u06DB\u062D\u0645\u0633\u06DB\u062D\u0645\u0633\u06DB\u062C\u0649\u0633\u06DB\u0645\u062E\u0633\u06DB\u0645\u062E\u0633\u06DB\u0645\u0645\u0633\u06DB\u0645\u0645\u0636\u062D\u0649\u0636" +
        "\u062E\u0645\u0636\u062E\u0645\u0637\u0645\u062D\u0637\u0645\u062D\u0637\u0645\u0645\u0637\u0645\u0649\u0639\u062C\u0645\u0639\u0645\u0645\u0639\u0645\u0645\u0639\u0645\u0649\u063A\u0645\u0645\u063A\u0645\u0649\u063A\u0645\u0649\u0641\u062E\u0645\u0641\u062E\u0645\u0642\u0645\u062D\u0642\u0645\u0645\u0644\u062D\u0645\u0644\u062D\u0649\u0644\u062D\u0649\u0644\u062C\u062C\u0644\u062C\u062C\u0644\u062E\u0645\u0644\u062E\u0645\u0644\u0645\u062D\u0644\u0645\u062D\u0645\u062D\u062C\u0645\u062D\u0645\u0645\u062D\u0649\u0645\u062C\u062D\u0645\u062C\u0645\u0645\u062E\u062C\u0645" +
        "\u062E\u0645\u0645\u062C\u062Eo\u0645\u062Co\u0645\u0645\u0646\u062D\u0645\u0646\u062D\u0649\u0646\u062C\u0645\u0646\u062C\u0645\u0646\u062C\u0649\u0646\u0645\u0649\u0646\u0645\u0649\u0649\u0645\u0645\u0649\u0645\u0645\u0628\u062E\u0649\u062A\u062C\u0649\u062A\u062C\u0649\u062A\u062E\u0649\u062A\u062E\u0649\u062A\u0645\u0649\u062A\u0645\u0649\u062C\u0645\u0649\u062C\u062D\u0649\u062C\u0645\u0649\u0633\u062E\u0649\u0635\u062D\u0649\u0633\u06DB\u062D\u0649\u0636\u062D\u0649\u0644\u062C\u0649\u0644\u0645\u0649\u0649\u062D\u0649\u0649\u062C\u0649\u0649\u0645\u0649" +
        "\u0645\u0645\u0649\u0642\u0645\u0649\u0646\u062D\u0649\u0642\u0645\u062D\u0644\u062D\u0645\u0639\u0645\u0649\u0643\u0645\u0649\u0646\u062C\u062D\u0645\u062E\u0649\u0644\u062C\u0645\u0643\u0645\u0645\u0644\u062C\u0645\u0646\u062C\u062D\u062C\u062D\u0649\u062D\u062C\u0649\u0645\u062C\u0649\u0641\u0645\u0649\u0628\u062D\u0649\u0643\u0645\u0645\u0639\u062C\u0645\u0635\u0645\u0645\u0633\u062E\u0649\u0646\u062C\u0649\u0635\u0644\u0649\u0642\u0644\u0649l\u0644\u0644\u0651\u0670ol\u0643\u0628\u0631\u0645\u062D\u0645\u062F\u0635\u0644\u0639\u0645\u0631\u0633\u0648" +
        "\u0644\u0639\u0644\u0649o\u0648\u0633\u0644\u0645\u0635\u0644\u0649\u0635\u0644\u0649 l\u0644\u0644o \u0639\u0644\u0649o \u0648\u0633\u0644\u0645\u062C\u0644 \u062C\u0644l\u0644o\u0631\u0649l\u0644\u2D57:\u2502\u2307\u23DC\u23DD\u23DE\u23DF\u23E0\u23E1\u02C9\u02C9\u02C9\u02C9___-\\\u0621\u0622\u0622l\u0674l\u0674\u0648\u0674\u0648\u0674l\u0655l\u0655\u0649\u0674\u0649\u0674\u0649\u0674\u0649\u0674ll\u0628\u0628\u0628\u0628\u0629\u0629\u062A\u062A\u062A\u062A" +
        "\u0649\u06DB\u0649\u06DB\u0649\u06DB\u0649\u06DB\u062C\u062C\u062C\u062C\u062D\u062D\u062D\u062D\u062E\u062E\u062E\u062E\u062F\u062F\u0630\u0630\u0631\u0631\u0632\u0632\u0633\u0633\u0633\u0633\u0633\u06DB\u0633\u06DB\u0633\u06DB\u0633\u06DB\u0635\u0635\u0635\u0635\u0636\u0636\u0636\u0636\u0637\u0637\u0637\u0637\u0638\u0638\u0638\u0638\u0639\u0639\u0639\u0639\u063A\u063A\u063A\u063A\u0641\u0641\u0641\u0641\u0642\u0642\u0642\u0642\u0643\u0643\u0643\u0643\u0644\u0644\u0644\u0644\u0645\u0645\u0645\u0645\u0646\u0646\u0646\u0646oooo\u0648\u0648\u0649\u0649" +
        "\u0649\u0649\u0649\u0649\u0644\u0622\u0644\u0622\u0644l\u0674\u0644l\u0674\u0644l\u0655\u0644l\u0655\u0644l\u0644l!'''\u30FC:ABCEHlJKMNOPSTXYZ(\\)\uFE3F'aceghijlopsvxy\u2502\u301C\u00B7\u02C9l\u25AA\u00B7N\u030AX\u0335V\u0335l\u0335l\u0335S\u0335l\u0335l\u0335\u0554B\u0394EFl\u0245" +
        "XO\u16DCPST+ABC\u0394FO\u03D8MTY\u03A6X\u03A8\u03A9\u2D40H\u062F\u0648\u0637\u0635ZBClM\u03D8TX8*lX\uD800\uDF82\uD800\uDF93\u0190O\uA4F6CL\u2C70S\u0186\u0418\uA793\u029Aoc\u0277\u025E\u029Fs\u0254\u1D0E\uD801\uDC86\u0245R\u04C3O\u0298\u00DE\u040BU\u16E6\u03A87\u028C\u03BBo\uA669u\u03C8NOKCVFLX\u0323.\uD802\uDE56\uD802\uDE56\uD803" +
        "\uDCA5\uD803\uDC82\u0646\u0680\u00B0\u0332\u0970\u0970\u0323\u093A\uA8FC\uA8FB\u2248\u030A\uD805\uDC34\uD805\uDC42\uD805\uDC12\uD805\uDC34\uD805\uDC42\uD805\uDC18\uD805\uDC34\uD805\uDC42\uD805\uDC23\uD805\uDC34\uD805\uDC42\uD805\uDC29\uD805\uDC34\uD805\uDC42\uD805\uDC2C\uD805\uDC34\uD805\uDC42\uD805\uDC2E\uD805\uDC4B\uD805\uDC4B\u0998\u099A\u099C\u099E\u099F\u09A1\u09B2\u09A4\u09A5\u09A6\u09A7\u09A8\u09AA\u09AE\u09AF\u09AC\u09A3\u09B0\u09B7\u09B8\u09BE\u09BF\u09C7\u09CB\u09D7\u09CC\u0306\u0307\u0983\u09CD\u0323\u09BDw\u0307o\u09E7\u09E8\u09EC\uD805\uDD82\uD805" +
        "\uDD82\uD805\uDD83\uD805\uDD84\uD805\uDDB2\uD805\uDDB3\uD805\uDE41\uD805\uDE41rnvwwwVFLYE\u2207Z9E4LO\u16DCU5TvsFiz7o39\uA79369ouyOrn\u0669ZWCXWC\uD806\uDEE5\uD806\uDEEF\uD806\uDEE5\uD806\uDEF0\uD806\uDEE5\uD806\uDEE5\uD806\uDEE5\uD806\uDEE5\uD806\uDEEF\uD806\uDEE5\uD806\uDEE5\uD806\uDEF0\uD806\uDEEB\uD806\uDEEF\uD806\uDEEB\uD806\uDEEB\uD806\uDEEB\uD806\uDEEB" +
        "\uD806\uDEEF\uD806\uDEF3\uD806\uDEEF\uD806\uDEF3\uD806\uDEF0\uD806\uDEF3\uD806\uDEF3\uD806\uDEF3\uD806\uDEF3\uD806\uDEEF\uD806\uDEF3\uD806\uDEF3\uD806\uDEF0\u093A\u0306\uD807\uDC41\uD807\uDC41\uD807\uDCAA:lOl\uD800\uDF9A\uD802\uDD9E\u03A0lb\u03C0\u0185\u0393VTL\u0394\uA658\uA4F6l\u0190RS3\u0245>AUY''\u513FABCDEFGHlJKLMNOPQRSTUVWXYZOl2" +
        "3456789\uD83D\uDEF8\u2D42{.\u04FE3\u0418V\\7F\uD800\uDEBC\uA4F6R\u2C6FO\u0335\u2144\uA4D5\u0190\u0460L\uA4F6\uA7FB<>\u228F\u2290/\\\u16CB\u0548ABCDEFGHlJKLMNOPQRSTUVWXYZabcdefghijklrnnopqrstuvwxyzAB" +
        "CDEFGHlJKLMNOPQRSTUVWXYZabcdefgijklrnnopqrstuvwxyzABCDEFGHlJKLMNOPQRSTUVWXYZabcdefghijklrnnopqrs" +
        "tuvwxyzACDGJKNOPQSTUVWXYZabcdfhijklrnnpqrstuvwxyzABCDEFGHlJKLMNOPQRSTUVWXYZabcdefghijklrnnopqrst" +
        "uvwxyzABDEFGJKLMNOPQSTUVWXYabcdefghijklrnnopqrstuvwxyzABDEFGlJKLMOSTUVWXYabcdefghijklrnnopqrstuv" +
        "wxyzABCDEFGHlJKLMNOPQRSTUVWXYZabcdefghijklrnnopqrstuvwxyzABCDEFGHlJKLMNOPQRSTUVWXYZabcdefghijklr" +
        "nnopqrstuvwxyzABCDEFGHlJKLMNOPQRSTUVWXYZabcdefghijklrnnopqrstuvwxyzABCDEFGHlJKLMNOPQRSTUVWXYZabc" +
        "defghijklrnnopqrstuvwxyzABCDEFGHlJKLMNOPQRSTUVWXYZabcdefghijklrnnopqrstuvwxyzABCDEFGHlJKLMNOPQRS" +
        "TUVWXYZabcdefghijklrnnopqrstuvwxyzi\u0237AB\u0393\u0394EZHO\u0335lK\u0245MN\u039EO\u03A0PO\u0335\u01A9TY\u03A6X\u03A8\u03A9\u2207a\u00DFy\u1E9F\uA793\u03B6n\u0329O\u0335i\u0138\u03BB\u03BCv\u03BEo\u03C0p\u03C2o\u1D1Bu\u0278\u03C7\u03C8\u03C9\u2202\uA793O\u0335\u0138" +
        "\u0278p\u03C0AB\u0393\u0394EZHO\u0335lK\u0245MN\u039EO\u03A0PO\u0335\u01A9TY\u03A6X\u03A8\u03A9\u2207a\u00DFy\u1E9F\uA793\u03B6n\u0329O\u0335i\u0138\u03BB\u03BCv\u03BEo\u03C0p\u03C2o\u1D1Bu\u0278\u03C7\u03C8\u03C9\u2202\uA793O\u0335\u0138\u0278p\u03C0AB\u0393\u0394EZHO\u0335lK\u0245MN\u039EO\u03A0PO\u0335\u01A9TY\u03A6X\u03A8\u03A9\u2207a\u00DF" +
        "y\u1E9F\uA793\u03B6n\u0329O\u0335i\u0138\u03BB\u03BCv\u03BEo\u03C0p\u03C2o\u1D1Bu\u0278\u03C7\u03C8\u03C9\u2202\uA793O\u0335\u0138\u0278p\u03C0AB\u0393\u0394EZHO\u0335lK\u0245MN\u039EO\u03A0PO\u0335\u01A9TY\u03A6X\u03A8\u03A9\u2207a\u00DFy\u1E9F\uA793\u03B6n\u0329O\u0335i\u0138\u03BB\u03BCv\u03BEo\u03C0p\u03C2o\u1D1Bu\u0278\u03C7\u03C8\u03C9\u2202\uA793O\u0335\u0138\u0278p\u03C0" +
        "AB\u0393\u0394EZHO\u0335lK\u0245MN\u039EO\u03A0PO\u0335\u01A9TY\u03A6X\u03A8\u03A9\u2207a\u00DFy\u1E9F\uA793\u03B6n\u0329O\u0335i\u0138\u03BB\u03BCv\u03BEo\u03C0p\u03C2o\u1D1Bu\u0278\u03C7\u03C8\u03C9\u2202\uA793O\u0335\u0138\u0278p\u03C0F\u03DDOl23456789Ol23456789Ol23456789O" +
        "l23456789Ol23456789+\u1AC8l\u2220\u06638\u2202\u2202\u0335l\u0628\u062C\u062F\u0648\u0632\u062D\u0637\u0649\u0643\u0644\u0645\u0646\u0633\u0639\u0641\u0635\u0642\u0631\u0633\u06DB\u062A\u0649\u06DB\u062E\u0630\u0636\u0638\u063A\u0649\u0649\u06A1\u06A1\u0628\u062Co\u062D\u0649\u0643\u0644\u0645\u0646\u0633\u0639\u0641\u0635\u0642\u0633\u06DB\u062A\u0649\u06DB\u062E\u0636\u063A\u062C\u062D\u0649\u0644\u0646\u0633\u0639\u0635\u0642\u0633\u06DB\u062E\u0636" +
        "\u063A\u0649\u06A1\u0628\u062Co\u062D\u0637\u0649\u0643\u0645\u0646\u0633\u0639\u0641\u0635\u0642\u0633\u06DB\u062A\u0649\u06DB\u062E\u0636\u0638\u063A\u0649\u06A1l\u0628\u062C\u062Fo\u0648\u0632\u062D\u0637\u0649\u0644\u0645\u0646\u0633\u0639\u0641\u0635\u0642\u0631\u0633\u06DB\u062A\u0649\u06DB\u062E\u0630\u0636\u0638\u063A\u0628\u062C\u062F\u0648\u0632\u062D\u0637\u0649\u0644\u0645\u0646\u0633\u0639\u0641\u0635\u0642\u0631\u0633\u06DB\u062A\u0649\u06DB\u062E\u0630\u0636\u0638\u063AO.O,l,2,3,4," +
        "5,6,7,8,9,$\u20E0(A)(B)(C)(D)(E)(F)(G)(H)(l)(J)(K)(L)(M)(N)(O)(P)(Q)(R)(S)(T)(U)(V)(W)(X)(Y)(Z)(S)\u33C4\u0009\u20DD" +
        "C\u20E0(\u672C)(\u4E09)(\u4E8C)(\u5B89)(\u70B9)(\u6253)(\u76D7)(\u52DD)(\u6557)\u263D\u263E\u263D\uD833\uDEBC\uD833\uDEBD\uD833\uDEBD\uD833\uDEBE\uD833\uDEBF\uD833\uDEBA\uD833\uDEBB\uD833\uDCFA\uD833\uDCFC\uD83E\uDFFAQE\uA658\u0394\uD800\uDEBCARV\u1DE4\u2629O\u0335\uD800\uDEA8\u29DFC\u16DC\u22A1sss\u224FTMBVB\u22A0Ol23456789\u51F5\u58F7\u591A\uD845\uDEA8" +
        "\u276C\u5F9A\u6D85\u73A5\uD854\uDD19\u8D1B\uD859\uDDA8\uD85B\uDC36\uD852\uDC14\u5CC0\uD84C\uDF5F\u5351\u4E3D\u4E38\u4E41\uD840\uDD22\u4F60\u4FAE\u4FBB\u4F75\u507A\u5099\u50E7\u50CF\u349E\uD841\uDE3A\u514D\u5154\u5164\u5177\uD841\uDD1C\u34B9\u5167\u518D\uD841\uDD4B\u5197\u51A4\u4ECC\u51AC\u51B5\uD864\uDDDF\u51F5\u5203\u34DF\u523B\u5246\u5272\u5277\u3515\u52C7\u52C9\u52E4\u52FA\u5305\u5306\u5317\u5349\u5351\u535A\u5373\u537D\u537F\u537F\u537F\uD842\uDE2C\u7070\u53CA\u53DF\uD842\uDF63\u53EB\u53F1\u5406\u549E\u5438\u5448\u5468\u54A2\u54F6\u5510\u5553\u5563\u5584\u5584\u5599" +
        "\u55AB\u55B3\u55C2\u5716\u5606\u5717\u5651\u5674\u5207\u58EE\u57CE\u57F4\u580D\u578B\u5832\u5831\u58AC\uD845\uDCE4\u58F2\u58F7\u5906\u591A\u5922\u5962\uD845\uDEA8\uD845\uDEEA\u59EC\u5A1B\u5A27\u59D8\u5A66\u36EE\u36FC\u5B08\u5B3E\u5B3E\uD846\uDDC8\u5BC3\u5BD8\u5BE7\u5BF3\uD846\uDF18\u5BFF\u5C06\u5F53\u5C22\u3781\u5C60\u5C6E\u5CC0\u5C8D\uD847\uDDE4\u5D43\uD847\uDDE6\u5D6E\u5D6B\u5D7C\u5DE1\u5DE2\u382F\u5DFD\u5E28\u5E3D\u5E69\u3862\uD848\uDD83\u387C\u5EB0\u5EB3\u5EB6\u5ECA\uD868\uDF92\u5EFE\uD848\uDF31\uD848\uDF31\u8201\u5F22\u5F22\u38C7\uD84C\uDEB8\uD858\uDDDA\u5F62\u5F6B" +
        "\u38E3\u5F9A\u5FCD\u5FD7\u5FF9\u6081\u393A\u391C\u6094\uD849\uDED4\u60C7\u6148\u614C\u614E\u614C\u617A\u618E\u61B2\u61A4\u61AF\u61DE\u61F2\u61F6\u6210\u621B\u625D\u62B1\u62D4\u6350\uD84A\uDF0C\u633D\u62FC\u6368\u6383\u63E4\uD84A\uDFF1\u6422\u63C5\u63A9\u3A2E\u6469\u647E\u649D\u6477\u3A6C\u654F\u656C\uD84C\uDC0A\u65E3\u66F8\u6649\u3B19\u6691\u3B08\u3AE4\u5192\u5195\u6700\u669C\u80AD\u43D9\u6717\u671B\u6721\u675E\u6753\uD84C\uDFC3\u3B49\u67FA\u6785\u6852\u6885\uD84D\uDC6D\u688E\u681F\u6914\u3B9D\u6942\u69A3\u69EA\u6AA8\uD84D\uDEA3\u6ADB\u3C18\u6B21\uD84E\uDCA7\u6B54\u3C4E" +
        "\u6B72\u6B9F\u6BBA\u6BBB\uD84E\uDE8D\uD847\uDD0B\uD84E\uDEFA\u6C4E\uD84F\uDCBC\u6CBF\u6CCD\u6C67\u6D16\u6D3E\u6D77\u6D41\u6D69\u6D78\u6D85\uD84F\uDD1E\u6D34\u6E2F\u6E6E\u3D33\u6ECB\u6EC7\uD84F\uDED1\u6DF9\u6F6E\uD84F\uDF5E\uD84F\uDF8E\u6FC6\u7039\u701E\u701B\u3D96\u704A\u707D\u7077\u70AD\uD841\uDD25\u7145\uD850\uDE63\u719C\uD850\uDFAB\u7228\u7235\u7250\uD851\uDE08\u7280\u7295\uD851\uDF35\uD852\uDC14\u737A\u738B\u3EAC\u73A5\u3EB8\u3EB8\u7447\u745C\u7471\u7485\u74CA\u3F1B\u7524\uD853\uDC36\u753E\uD853\uDC92\u7570\uD848\uDD9F\u7610\uD853\uDFA1\uD853\uDFB8\uD854\uDC44\u3FFC" +
        "\u4008\u76F4\uD854\uDCF3\uD854\uDCF2\uD854\uDD19\uD854\uDD33\u771E\u771F\u771F\u774A\u4039\u778B\u4046\u4096\uD855\uDC1D\u784E\u788C\u78CC\u40E3\uD855\uDE26\u7956\uD855\uDE9A\uD855\uDEC5\u798F\u79EB\u412F\u7A40\u7A4A\u7A4F\uD856\uDD7C\uD856\uDEA7\uD856\uDEA7\u7AEE\u4202\uD856\uDFAB\u7BC6\u7BC9\u4227\uD857\uDC80\u7CD2\u42A0\u7CE8\u7CE3\u7D00\uD857\uDF86\u7D63\u4301\u7DC7\u7E02\u7E45\u4334\uD858\uDE28\uD858\uDE47\u4359\uD858\uDED9\u7F7A\uD858\uDF3E\u7F95\u7FFA\u8005\uD859\uDCDA\uD859\uDD23\u8060\uD859\uDDA8\u8070\uD84C\uDF5F\u43D5\u80B2\u8103\u440B\u813E\u5AB5\uD859\uDFA7" +
        "\uD859\uDFB5\uD84C\uDF93\uD84C\uDF9C\u8201\u8204\u8F9E\u446B\u8291\u828B\u829D\u52B3\u82B1\u82B3\u82BD\u82E6\uD85A\uDF3C\u82E5\u831D\u8363\u83AD\u8323\u83BD\u83E7\u8457\u8353\u83CA\u83CC\u83DC\uD85B\uDC36\uD85B\uDD6B\uD85B\uDCD5\u452B\u84F1\u84F3\u8516\uD85C\uDFCA\u8564\uD85B\uDF2C\u455D\u4561\uD85B\uDFB1\uD85C\uDCD2\u456B\u8650\u865C\u8667\u8669\u86A9\u8688\u870E\u86E2\u8779\u8728\u876B\u8786\u45D7\u87E1\u8801\u45F9\u8860\u8863\uD85D\uDE67\u88D7\u88DE\u4635\u88FA\u34BB\uD85E\uDCAE\uD85E\uDD66\u46BE\u46C7\u8AA0\u8AED\u8B8A\u8C55\uD85F\uDCA8\u8CAB\u8CC1\u8D1B\u8D77\uD85F" +
        "\uDF2F\uD842\uDC04\u8DCB\u8DBC\u8DF0\uD842\uDCDE\u8ED4\u8F38\uD861\uDDD2\uD861\uDDED\u9094\u90F1\u9111\uD861\uDF2E\u911B\u9238\u92D7\u92D8\u927C\u93F9\u9415\uD862\uDFFA\u958B\u4995\u95B7\uD863\uDD77\u49E6\u96C3\u5DB2\u9723\uD864\uDD45\uD864\uDE1A\u4A6E\u4A76\u97E0\uD865\uDC0A\u4AB2\uD865\uDC96\u980B\u980B\u9829\uD865\uDDB6\u98E2\u4B33\u9929\u99A7\u99C2\u99FE\u4BCE\uD866\uDF30\u9B12\u9C40\u9CFD\u4CCE\u4CED\u9D67\uD868\uDCCE\u4CF8\uD868\uDD05\uD868\uDE0E\uD868\uDE91\u9EBB\u4D56\u9EF9\u9EFE\u9F05\u9F0F\u9F16\u9F3B\uD869\uDE00\u7DC7";
}
