// <auto-generated/>
// SPDX-License-Identifier: LGPL-2.1-or-later
// Copyright (c) 2026 Henrik O. Sørensen
// Generated from Unicode data files, which are under the Unicode License v3 (LICENSE.unicode).
// Written by Squint.Generator from the files under ucd/. Do not edit; regenerate.
#nullable enable

namespace Squint;

/// <summary>
/// The Identifier_Type and Identifier_Status properties, from IdentifierType.txt and IdentifierStatus.txt.
/// </summary>
internal static class IdentifierData
{
    internal static readonly int[] TypeRunStarts =
    [
        0x0, 0x9, 0xE, 0x20, 0x27, 0x28, 0x2D, 0x2F, 0x30, 0x3A, 0x3B, 0x41,
        0x5B, 0x5F, 0x60, 0x61, 0x7B, 0x7F, 0x85, 0x86, 0xA0, 0xA1, 0xA8, 0xA9,
        0xAA, 0xAB, 0xAD, 0xAE, 0xAF, 0xB0, 0xB2, 0xB6, 0xB7, 0xB8, 0xBB, 0xBC,
        0xBF, 0xC0, 0xD7, 0xD8, 0xF7, 0xF8, 0x114, 0x116, 0x12C, 0x12E, 0x132, 0x134,
        0x138, 0x139, 0x13F, 0x141, 0x149, 0x14A, 0x14E, 0x150, 0x156, 0x158, 0x162, 0x164,
        0x17F, 0x180, 0x181, 0x182, 0x186, 0x187, 0x189, 0x18B, 0x18D, 0x18E, 0x193, 0x194,
        0x195, 0x196, 0x19A, 0x19D, 0x19E, 0x1A0, 0x1A2, 0x1AA, 0x1AC, 0x1AF, 0x1B1, 0x1B2,
        0x1B5, 0x1B7, 0x1B8, 0x1B9, 0x1BA, 0x1BC, 0x1BE, 0x1BF, 0x1C0, 0x1C4, 0x1CD, 0x1D5,
        0x1DD, 0x1DE, 0x1E6, 0x1EA, 0x1EE, 0x1F0, 0x1F1, 0x1F4, 0x1F6, 0x1F8, 0x1FA, 0x200,
        0x218, 0x21C, 0x21E, 0x234, 0x237, 0x244, 0x245, 0x24C, 0x24E, 0x250, 0x253, 0x255,
        0x256, 0x258, 0x259, 0x25A, 0x25B, 0x25C, 0x263, 0x264, 0x268, 0x26A, 0x272, 0x273,
        0x277, 0x278, 0x27C, 0x27D, 0x289, 0x28A, 0x28B, 0x28C, 0x292, 0x293, 0x29E, 0x29F,
        0x2B0, 0x2B9, 0x2BB, 0x2BD, 0x2C2, 0x2C6, 0x2D2, 0x2D8, 0x2DE, 0x2E0, 0x2E5, 0x2EA,
        0x2EC, 0x2ED, 0x2EE, 0x2EF, 0x300, 0x305, 0x306, 0x30D, 0x30E, 0x316, 0x317, 0x31B,
        0x31C, 0x321, 0x323, 0x324, 0x326, 0x329, 0x331, 0x332, 0x333, 0x334, 0x335, 0x336,
        0x337, 0x340, 0x342, 0x343, 0x345, 0x346, 0x34F, 0x350, 0x358, 0x359, 0x363, 0x374,
        0x375, 0x376, 0x378, 0x37A, 0x37B, 0x37E, 0x37F, 0x380, 0x384, 0x386, 0x387, 0x388,
        0x38B, 0x38C, 0x38D, 0x38E, 0x3A2, 0x3A3, 0x3CF, 0x3D0, 0x3D7, 0x3D8, 0x3E2, 0x3F0,
        0x3F3, 0x3F4, 0x3F6, 0x3F7, 0x3F9, 0x3FA, 0x3FC, 0x3FD, 0x400, 0x401, 0x40D, 0x40E,
        0x450, 0x451, 0x45D, 0x45E, 0x460, 0x482, 0x483, 0x484, 0x488, 0x48A, 0x490, 0x49C,
        0x49E, 0x4A6, 0x4A8, 0x4B8, 0x4BA, 0x4C1, 0x4CF, 0x4DA, 0x4DC, 0x4EA, 0x4EE, 0x4F6,
        0x4F8, 0x4FA, 0x500, 0x510, 0x514, 0x524, 0x526, 0x530, 0x531, 0x557, 0x559, 0x55A,
        0x560, 0x561, 0x587, 0x588, 0x589, 0x58A, 0x58B, 0x58D, 0x590, 0x591, 0x5A2, 0x5A3,
        0x5BE, 0x5BF, 0x5C0, 0x5C1, 0x5C3, 0x5C4, 0x5C5, 0x5C6, 0x5C7, 0x5C8, 0x5D0, 0x5EB,
        0x5EF, 0x5F3, 0x5F5, 0x600, 0x610, 0x61B, 0x61C, 0x61D, 0x620, 0x63B, 0x63D, 0x63E,
        0x641, 0x653, 0x654, 0x656, 0x660, 0x66A, 0x66E, 0x670, 0x671, 0x672, 0x673, 0x674,
        0x675, 0x679, 0x690, 0x691, 0x69B, 0x69F, 0x6A1, 0x6A2, 0x6A3, 0x6A4, 0x6AC, 0x6AD,
        0x6B2, 0x6B3, 0x6B4, 0x6B5, 0x6B8, 0x6BA, 0x6BF, 0x6C0, 0x6D4, 0x6D5, 0x6D6, 0x6DD,
        0x6DF, 0x6E5, 0x6E7, 0x6E9, 0x6EA, 0x6EE, 0x6FA, 0x6FD, 0x6FF, 0x700, 0x70E, 0x70F,
        0x710, 0x740, 0x74B, 0x74D, 0x750, 0x751, 0x753, 0x756, 0x757, 0x760, 0x761, 0x762,
        0x764, 0x766, 0x769, 0x76A, 0x76B, 0x76E, 0x772, 0x77E, 0x780, 0x7B2, 0x7C0, 0x7E8,
        0x7EB, 0x7F6, 0x7FA, 0x7FB, 0x7FD, 0x7FE, 0x800, 0x82E, 0x830, 0x83F, 0x840, 0x85C,
        0x85E, 0x85F, 0x860, 0x86B, 0x870, 0x888, 0x889, 0x88E, 0x88F, 0x890, 0x892, 0x897,
        0x8A0, 0x8A1, 0x8A2, 0x8AA, 0x8AD, 0x8B2, 0x8B5, 0x8B6, 0x8BB, 0x8C3, 0x8C7, 0x8C8,
        0x8C9, 0x8CA, 0x8E2, 0x8E3, 0x901, 0x904, 0x905, 0x90C, 0x90D, 0x929, 0x92A, 0x934,
        0x935, 0x93D, 0x93E, 0x944, 0x945, 0x94E, 0x94F, 0x950, 0x951, 0x953, 0x955, 0x956,
        0x958, 0x960, 0x964, 0x966, 0x970, 0x971, 0x972, 0x978, 0x979, 0x97B, 0x97D, 0x97E,
        0x980, 0x981, 0x984, 0x985, 0x98C, 0x98D, 0x98F, 0x991, 0x993, 0x9A9, 0x9AA, 0x9B1,
        0x9B2, 0x9B3, 0x9B6, 0x9BA, 0x9BC, 0x9BD, 0x9BE, 0x9C5, 0x9C7, 0x9C9, 0x9CB, 0x9CF,
        0x9D7, 0x9D8, 0x9DC, 0x9DE, 0x9DF, 0x9E0, 0x9E4, 0x9E6, 0x9F2, 0x9FC, 0x9FD, 0x9FE,
        0x9FF, 0xA01, 0xA02, 0xA03, 0xA04, 0xA05, 0xA0B, 0xA0F, 0xA11, 0xA13, 0xA29, 0xA2A,
        0xA31, 0xA32, 0xA33, 0xA34, 0xA35, 0xA36, 0xA37, 0xA38, 0xA3A, 0xA3C, 0xA3D, 0xA3E,
        0xA43, 0xA47, 0xA49, 0xA4B, 0xA4E, 0xA51, 0xA52, 0xA59, 0xA5C, 0xA5D, 0xA5E, 0xA5F,
        0xA66, 0xA70, 0xA72, 0xA74, 0xA75, 0xA76, 0xA77, 0xA81, 0xA82, 0xA84, 0xA85, 0xA8E,
        0xA8F, 0xA92, 0xA93, 0xAA9, 0xAAA, 0xAB1, 0xAB2, 0xAB4, 0xAB5, 0xABA, 0xABC, 0xABD,
        0xABE, 0xAC6, 0xAC7, 0xACA, 0xACB, 0xACE, 0xAD0, 0xAD1, 0xAE0, 0xAE4, 0xAE6, 0xAF0,
        0xAF2, 0xAF9, 0xB00, 0xB01, 0xB04, 0xB05, 0xB0C, 0xB0D, 0xB0F, 0xB11, 0xB13, 0xB29,
        0xB2A, 0xB31, 0xB32, 0xB34, 0xB35, 0xB36, 0xB3A, 0xB3C, 0xB3D, 0xB3E, 0xB44, 0xB45,
        0xB47, 0xB49, 0xB4B, 0xB4E, 0xB55, 0xB56, 0xB57, 0xB58, 0xB5C, 0xB5E, 0xB5F, 0xB60,
        0xB62, 0xB64, 0xB66, 0xB70, 0xB71, 0xB72, 0xB78, 0xB82, 0xB83, 0xB84, 0xB85, 0xB8B,
        0xB8E, 0xB91, 0xB92, 0xB96, 0xB99, 0xB9B, 0xB9C, 0xB9D, 0xB9E, 0xBA0, 0xBA3, 0xBA5,
        0xBA8, 0xBAB, 0xBAE, 0xBBA, 0xBBE, 0xBC3, 0xBC6, 0xBC9, 0xBCA, 0xBCE, 0xBD0, 0xBD1,
        0xBD7, 0xBD8, 0xBE6, 0xBF0, 0xBFB, 0xC00, 0xC01, 0xC02, 0xC04, 0xC05, 0xC0C, 0xC0D,
        0xC0E, 0xC11, 0xC12, 0xC29, 0xC2A, 0xC31, 0xC32, 0xC34, 0xC35, 0xC3A, 0xC3C, 0xC3D,
        0xC3E, 0xC45, 0xC46, 0xC49, 0xC4A, 0xC4E, 0xC55, 0xC57, 0xC58, 0xC5A, 0xC5B, 0xC5C,
        0xC5D, 0xC5E, 0xC60, 0xC62, 0xC64, 0xC66, 0xC70, 0xC77, 0xC80, 0xC81, 0xC82, 0xC84,
        0xC85, 0xC8C, 0xC8D, 0xC8E, 0xC91, 0xC92, 0xCA9, 0xCAA, 0xCB1, 0xCB2, 0xCB4, 0xCB5,
        0xCBA, 0xCBC, 0xCBD, 0xCBE, 0xCC4, 0xCC5, 0xCC6, 0xCC9, 0xCCA, 0xCCE, 0xCD5, 0xCD7,
        0xCDC, 0xCDD, 0xCDE, 0xCDF, 0xCE0, 0xCE4, 0xCE6, 0xCF0, 0xCF1, 0xCF3, 0xCF4, 0xD00,
        0xD01, 0xD02, 0xD04, 0xD05, 0xD0C, 0xD0D, 0xD0E, 0xD11, 0xD12, 0xD29, 0xD2A, 0xD3A,
        0xD3E, 0xD44, 0xD45, 0xD46, 0xD49, 0xD4A, 0xD4C, 0xD4D, 0xD4E, 0xD4F, 0xD50, 0xD54,
        0xD57, 0xD58, 0xD5F, 0xD62, 0xD64, 0xD66, 0xD70, 0xD7A, 0xD80, 0xD81, 0xD82, 0xD84,
        0xD85, 0xD8E, 0xD8F, 0xD91, 0xD97, 0xD9A, 0xD9E, 0xD9F, 0xDB2, 0xDB3, 0xDBC, 0xDBD,
        0xDBE, 0xDC0, 0xDC7, 0xDCA, 0xDCB, 0xDCF, 0xDD5, 0xDD6, 0xDD7, 0xDD8, 0xDDF, 0xDE0,
        0xDE6, 0xDF0, 0xDF2, 0xDF3, 0xDF4, 0xDF5, 0xE01, 0xE33, 0xE34, 0xE3B, 0xE3F, 0xE40,
        0xE4E, 0xE4F, 0xE50, 0xE5A, 0xE5C, 0xE81, 0xE83, 0xE84, 0xE85, 0xE86, 0xE87, 0xE89,
        0xE8A, 0xE8B, 0xE8C, 0xE8D, 0xE8E, 0xE94, 0xE98, 0xE99, 0xEA0, 0xEA1, 0xEA4, 0xEA5,
        0xEA6, 0xEA7, 0xEA8, 0xEAA, 0xEAC, 0xEAD, 0xEAF, 0xEB0, 0xEB3, 0xEB4, 0xEBA, 0xEBB,
        0xEBE, 0xEC0, 0xEC5, 0xEC6, 0xEC7, 0xEC8, 0xECE, 0xECF, 0xED0, 0xEDA, 0xEDC, 0xEDE,
        0xEE0, 0xF00, 0xF01, 0xF0B, 0xF0C, 0xF0D, 0xF18, 0xF1A, 0xF20, 0xF2A, 0xF35, 0xF36,
        0xF37, 0xF38, 0xF39, 0xF3A, 0xF3E, 0xF40, 0xF43, 0xF44, 0xF48, 0xF49, 0xF4D, 0xF4E,
        0xF52, 0xF53, 0xF57, 0xF58, 0xF5C, 0xF5D, 0xF69, 0xF6A, 0xF6B, 0xF6D, 0xF71, 0xF73,
        0xF74, 0xF75, 0xF77, 0xF78, 0xF79, 0xF7A, 0xF81, 0xF82, 0xF84, 0xF85, 0xF86, 0xF90,
        0xF93, 0xF94, 0xF98, 0xF99, 0xF9D, 0xF9E, 0xFA2, 0xFA3, 0xFA7, 0xFA8, 0xFAC, 0xFAD,
        0xFAE, 0xFB1, 0xFB9, 0xFBA, 0xFBD, 0xFBE, 0xFC6, 0xFC7, 0xFCD, 0xFCE, 0xFDB, 0x1000,
        0x104A, 0x1050, 0x105A, 0x1065, 0x1075, 0x108B, 0x108F, 0x1090, 0x109E, 0x10A0, 0x10C6, 0x10C7,
        0x10C8, 0x10CD, 0x10CE, 0x10D0, 0x10F1, 0x10F7, 0x10F9, 0x10FB, 0x10FC, 0x10FD, 0x1100, 0x115F,
        0x1161, 0x1200, 0x1207, 0x1208, 0x1249, 0x124A, 0x124E, 0x1250, 0x1257, 0x1258, 0x1259, 0x125A,
        0x125E, 0x1260, 0x1287, 0x1288, 0x1289, 0x128A, 0x128E, 0x1290, 0x12AF, 0x12B0, 0x12B1, 0x12B2,
        0x12B6, 0x12B8, 0x12BF, 0x12C0, 0x12C1, 0x12C2, 0x12C6, 0x12C8, 0x12D7, 0x12D8, 0x12F8, 0x1300,
        0x130F, 0x1310, 0x1311, 0x1312, 0x1316, 0x1318, 0x131F, 0x1320, 0x1347, 0x1348, 0x135A, 0x135B,
        0x135D, 0x1360, 0x1369, 0x1372, 0x137D, 0x1380, 0x1390, 0x139A, 0x13A0, 0x13F6, 0x13F8, 0x13FE,
        0x1400, 0x1401, 0x166D, 0x166F, 0x1680, 0x1681, 0x169B, 0x169D, 0x16A0, 0x16EB, 0x16EE, 0x16F9,
        0x1700, 0x1716, 0x171F, 0x1735, 0x1737, 0x1740, 0x1754, 0x1760, 0x176D, 0x176E, 0x1771, 0x1772,
        0x1774, 0x1780, 0x179D, 0x179F, 0x17A3, 0x17A5, 0x17A8, 0x17A9, 0x17AA, 0x17B4, 0x17B6, 0x17CE,
        0x17D0, 0x17D1, 0x17D2, 0x17D3, 0x17D4, 0x17D7, 0x17D8, 0x17D9, 0x17DC, 0x17DD, 0x17DE, 0x17E0,
        0x17EA, 0x17F0, 0x17FA, 0x1800, 0x180B, 0x1810, 0x181A, 0x1820, 0x1879, 0x1880, 0x18A9, 0x18AA,
        0x18AB, 0x18B0, 0x18F6, 0x1900, 0x191F, 0x1920, 0x192C, 0x1930, 0x193C, 0x1940, 0x1941, 0x1944,
        0x1946, 0x196E, 0x1970, 0x1975, 0x1980, 0x19AC, 0x19B0, 0x19CA, 0x19D0, 0x19DB, 0x19DE, 0x19E0,
        0x1A00, 0x1A1C, 0x1A1E, 0x1A20, 0x1A5F, 0x1A60, 0x1A7D, 0x1A7F, 0x1A8A, 0x1A90, 0x1A9A, 0x1AA0,
        0x1AA7, 0x1AA8, 0x1AAE, 0x1AB0, 0x1ABE, 0x1ABF, 0x1AC1, 0x1ACF, 0x1ADE, 0x1AE0, 0x1AEC, 0x1B00,
        0x1B4D, 0x1B4E, 0x1B50, 0x1B5A, 0x1B6B, 0x1B74, 0x1B80, 0x1BF4, 0x1BFC, 0x1C00, 0x1C38, 0x1C3B,
        0x1C40, 0x1C4A, 0x1C4D, 0x1C7E, 0x1C80, 0x1C89, 0x1C8B, 0x1C90, 0x1CBB, 0x1CBD, 0x1CC0, 0x1CC8,
        0x1CD0, 0x1CD3, 0x1CD4, 0x1CFA, 0x1CFB, 0x1D00, 0x1D2C, 0x1D2F, 0x1D30, 0x1D3B, 0x1D3C, 0x1D4E,
        0x1D4F, 0x1D6B, 0x1D78, 0x1D79, 0x1D9B, 0x1DC0, 0x1DC4, 0x1DCE, 0x1DCF, 0x1DD1, 0x1DE7, 0x1DFA,
        0x1DFB, 0x1E02, 0x1E0C, 0x1E0E, 0x1E12, 0x1E14, 0x1E18, 0x1E1C, 0x1E20, 0x1E22, 0x1E24, 0x1E26,
        0x1E2A, 0x1E2E, 0x1E36, 0x1E38, 0x1E3C, 0x1E40, 0x1E42, 0x1E4C, 0x1E5A, 0x1E5C, 0x1E62, 0x1E64,
        0x1E6C, 0x1E6E, 0x1E70, 0x1E72, 0x1E78, 0x1E8C, 0x1E8E, 0x1E92, 0x1E94, 0x1E9A, 0x1E9C, 0x1E9E,
        0x1E9F, 0x1EA0, 0x1EFA, 0x1F00, 0x1F16, 0x1F18, 0x1F1E, 0x1F20, 0x1F46, 0x1F48, 0x1F4E, 0x1F50,
        0x1F58, 0x1F59, 0x1F5A, 0x1F5B, 0x1F5C, 0x1F5D, 0x1F5E, 0x1F5F, 0x1F71, 0x1F72, 0x1F73, 0x1F74,
        0x1F75, 0x1F76, 0x1F77, 0x1F78, 0x1F79, 0x1F7A, 0x1F7B, 0x1F7C, 0x1F7D, 0x1F7E, 0x1F80, 0x1FA0,
        0x1FB0, 0x1FB2, 0x1FB5, 0x1FB6, 0x1FBB, 0x1FBC, 0x1FBD, 0x1FC2, 0x1FC5, 0x1FC6, 0x1FC9, 0x1FCA,
        0x1FCB, 0x1FCC, 0x1FCD, 0x1FD0, 0x1FD3, 0x1FD4, 0x1FD6, 0x1FDB, 0x1FDC, 0x1FDD, 0x1FE0, 0x1FE3,
        0x1FE4, 0x1FEB, 0x1FEC, 0x1FED, 0x1FF0, 0x1FF2, 0x1FF5, 0x1FF6, 0x1FF9, 0x1FFA, 0x1FFB, 0x1FFC,
        0x1FFD, 0x1FFF, 0x2000, 0x200B, 0x2010, 0x2011, 0x2012, 0x2017, 0x2018, 0x2019, 0x201A, 0x2024,
        0x2027, 0x2028, 0x202A, 0x202F, 0x2030, 0x2033, 0x2035, 0x2036, 0x2038, 0x203C, 0x203D, 0x203E,
        0x203F, 0x2041, 0x2047, 0x204A, 0x2054, 0x2055, 0x2056, 0x2057, 0x2058, 0x205F, 0x2060, 0x2065,
        0x2066, 0x206A, 0x2070, 0x2072, 0x2074, 0x208F, 0x2090, 0x209D, 0x20A0, 0x20A8, 0x20A9, 0x20C2,
        0x20D0, 0x20DD, 0x20E1, 0x20E2, 0x20E5, 0x20F1, 0x2100, 0x2104, 0x2105, 0x2108, 0x2109, 0x2114,
        0x2115, 0x2117, 0x2118, 0x2119, 0x211E, 0x2120, 0x2123, 0x2124, 0x2125, 0x2126, 0x2127, 0x2128,
        0x2129, 0x212A, 0x212E, 0x212F, 0x2132, 0x2133, 0x213A, 0x213B, 0x2141, 0x2145, 0x214A, 0x214E,
        0x214F, 0x2150, 0x2180, 0x2184, 0x2189, 0x218A, 0x218C, 0x2190, 0x222C, 0x222E, 0x222F, 0x2231,
        0x2329, 0x232B, 0x242A, 0x2440, 0x244B, 0x2460, 0x24EB, 0x2500, 0x2800, 0x2900, 0x2A0C, 0x2A0D,
        0x2A74, 0x2A77, 0x2ADC, 0x2ADD, 0x2B74, 0x2B76, 0x2BEC, 0x2BF0, 0x2C00, 0x2C60, 0x2C68, 0x2C6D,
        0x2C77, 0x2C7C, 0x2C7E, 0x2C80, 0x2CE5, 0x2CEB, 0x2CF0, 0x2CF2, 0x2CF4, 0x2CF9, 0x2D00, 0x2D26,
        0x2D27, 0x2D28, 0x2D2D, 0x2D2E, 0x2D30, 0x2D68, 0x2D6F, 0x2D70, 0x2D71, 0x2D7F, 0x2D80, 0x2D97,
        0x2DA0, 0x2DA7, 0x2DA8, 0x2DAF, 0x2DB0, 0x2DB7, 0x2DB8, 0x2DBF, 0x2DC0, 0x2DC7, 0x2DC8, 0x2DCF,
        0x2DD0, 0x2DD7, 0x2DD8, 0x2DDF, 0x2DE0, 0x2E00, 0x2E0E, 0x2E17, 0x2E2A, 0x2E30, 0x2E31, 0x2E33,
        0x2E35, 0x2E36, 0x2E39, 0x2E3A, 0x2E3C, 0x2E3D, 0x2E5E, 0x2E80, 0x2E9A, 0x2E9B, 0x2E9F, 0x2EA0,
        0x2EF3, 0x2EF4, 0x2F00, 0x2FD6, 0x2FF0, 0x3000, 0x3001, 0x3005, 0x3008, 0x301E, 0x301F, 0x3021,
        0x302E, 0x3030, 0x3031, 0x3036, 0x3037, 0x3038, 0x303B, 0x303D, 0x3040, 0x3041, 0x3097, 0x3099,
        0x309B, 0x309D, 0x309F, 0x30A0, 0x30A1, 0x30FB, 0x30FC, 0x30FF, 0x3100, 0x3105, 0x312E, 0x312F,
        0x3130, 0x3131, 0x3164, 0x3165, 0x318F, 0x3190, 0x3192, 0x31A0, 0x31C0, 0x31E6, 0x31EF, 0x31F0,
        0x3200, 0x321F, 0x3220, 0x3248, 0x3250, 0x327F, 0x3280, 0x3400, 0x3447, 0x3448, 0x3473, 0x3474,
        0x34E4, 0x34E5, 0x3577, 0x3578, 0x359E, 0x359F, 0x35A1, 0x35A2, 0x35AD, 0x35AE, 0x35BF, 0x35C0,
        0x35CE, 0x35CF, 0x35F3, 0x35F4, 0x35FE, 0x35FF, 0x360E, 0x360F, 0x361A, 0x361B, 0x3918, 0x3919,
        0x3960, 0x3961, 0x396E, 0x396F, 0x39CF, 0x39D1, 0x39DB, 0x39DC, 0x39DF, 0x39E0, 0x39F8, 0x39F9,
        0x39FE, 0x39FF, 0x3A18, 0x3A19, 0x3A52, 0x3A53, 0x3A5C, 0x3A5D, 0x3A67, 0x3A68, 0x3A73, 0x3A74,
        0x3B39, 0x3B3A, 0x3B4E, 0x3B4F, 0x3BA3, 0x3BA4, 0x3C6E, 0x3C6F, 0x3CE0, 0x3CE1, 0x3DE7, 0x3DE8,
        0x3DEB, 0x3DEC, 0x3E74, 0x3E75, 0x3ED0, 0x3ED1, 0x4056, 0x4057, 0x4065, 0x4066, 0x406A, 0x406B,
        0x40BB, 0x40BC, 0x40DF, 0x40E0, 0x4137, 0x4138, 0x415F, 0x4160, 0x4337, 0x4338, 0x43AC, 0x43AD,
        0x43B1, 0x43B2, 0x43D3, 0x43D4, 0x43DD, 0x43DE, 0x4443, 0x4444, 0x44D6, 0x44D7, 0x44EA, 0x44EB,
        0x4606, 0x4607, 0x464C, 0x464D, 0x4661, 0x4662, 0x4723, 0x4724, 0x4729, 0x472A, 0x477C, 0x477D,
        0x478D, 0x478E, 0x47F4, 0x47F5, 0x4882, 0x4883, 0x4947, 0x4948, 0x497A, 0x497B, 0x497D, 0x497E,
        0x4982, 0x4984, 0x4985, 0x4987, 0x499B, 0x499C, 0x499F, 0x49A0, 0x49B6, 0x49B8, 0x4A12, 0x4A13,
        0x4AB8, 0x4AB9, 0x4C77, 0x4C78, 0x4C7D, 0x4C7E, 0x4C81, 0x4C82, 0x4C85, 0x4C86, 0x4C9D, 0x4CA4,
        0x4D13, 0x4D1A, 0x4DAE, 0x4DAF, 0x4DC0, 0x4E00, 0x4E12, 0x4E13, 0x4E29, 0x4E2A, 0x4E68, 0x4E69,
        0x4E79, 0x4E7A, 0x4E96, 0x4E97, 0x4EA3, 0x4EA4, 0x4EBC, 0x4EBD, 0x4ECC, 0x4ECD, 0x4EE7, 0x4EE8,
        0x4EF8, 0x4EFB, 0x4EFC, 0x4EFD, 0x4EFE, 0x4EFF, 0x4F07, 0x4F08, 0x4F16, 0x4F17, 0x4F28, 0x4F29,
        0x4F31, 0x4F32, 0x4F35, 0x4F36, 0x4F37, 0x4F38, 0x4F40, 0x4F41, 0x4F44, 0x4F45, 0x4F71, 0x4F72,
        0x4F8C, 0x4F8D, 0x4F8E, 0x4F8F, 0x4FA2, 0x4FA3, 0x4FBD, 0x4FBE, 0x4FC6, 0x4FC7, 0x4FC8, 0x4FC9,
        0x4FCC, 0x4FCD, 0x4FE2, 0x4FE3, 0x4FFC, 0x4FFE, 0x5010, 0x5011, 0x5034, 0x5035, 0x5038, 0x5039,
        0x503D, 0x503E, 0x5042, 0x5043, 0x5052, 0x5053, 0x5058, 0x5059, 0x507C, 0x507D, 0x5081, 0x5082,
        0x5093, 0x5094, 0x5097, 0x5098, 0x509F, 0x50A2, 0x50B9, 0x50BA, 0x50C3, 0x50C4, 0x50D8, 0x50D9,
        0x50DF, 0x50E0, 0x50E1, 0x50E3, 0x50EB, 0x50EC, 0x50F4, 0x50F5, 0x50F7, 0x50F8, 0x511B, 0x511C,
        0x5128, 0x5129, 0x512B, 0x512C, 0x5142, 0x5143, 0x514A, 0x514B, 0x514F, 0x5150, 0x5153, 0x5154,
        0x5158, 0x5159, 0x5160, 0x5161, 0x5164, 0x5165, 0x5172, 0x5173, 0x517E, 0x517F, 0x5183, 0x5185,
        0x518E, 0x518F, 0x51A1, 0x51A2, 0x51A3, 0x51A4, 0x51AD, 0x51AE, 0x51B8, 0x51B9, 0x51BA, 0x51BB,
        0x51C2, 0x51C3, 0x51D2, 0x51D4, 0x51DF, 0x51E0, 0x51EC, 0x51ED, 0x51EE, 0x51EF, 0x51F2, 0x51F3,
        0x5253, 0x5254, 0x5266, 0x5267, 0x5279, 0x527A, 0x5285, 0x5286, 0x528E, 0x528F, 0x52C4, 0x52C5,
        0x52C8, 0x52C9, 0x52CC, 0x52CD, 0x52CE, 0x52CF, 0x52D1, 0x52D2, 0x52D4, 0x52D5, 0x52E1, 0x52E2,
        0x52E5, 0x52E6, 0x52EE, 0x52EF, 0x5303, 0x5305, 0x5318, 0x5319, 0x531B, 0x531C, 0x531E, 0x531F,
        0x5327, 0x5328, 0x5329, 0x532A, 0x5332, 0x5333, 0x5335, 0x5337, 0x5342, 0x5343, 0x535B, 0x535C,
        0x535D, 0x535E, 0x536A, 0x536B, 0x536D, 0x536E, 0x5380, 0x5381, 0x53A1, 0x53A2, 0x53AA, 0x53AC,
        0x53AF, 0x53B0, 0x53BA, 0x53BB, 0x53C5, 0x53C6, 0x53CF, 0x53D0, 0x53DD, 0x53DF, 0x53E7, 0x53E8,
        0x53FF, 0x5401, 0x541A, 0x541B, 0x5422, 0x5423, 0x544C, 0x544D, 0x545D, 0x545E, 0x5469, 0x546A,
        0x548A, 0x548B, 0x54B5, 0x54B6, 0x54F6, 0x54F7, 0x5515, 0x5516, 0x5518, 0x551A, 0x5547, 0x5548,
        0x5560, 0x5561, 0x557A, 0x557B, 0x55E0, 0x55E1, 0x55F8, 0x55F9, 0x560A, 0x560C, 0x5620, 0x5621,
        0x562B, 0x562C, 0x5637, 0x5638, 0x563C, 0x563D, 0x5644, 0x5645, 0x564B, 0x564C, 0x5651, 0x5652,
        0x5656, 0x5657, 0x565F, 0x5660, 0x5661, 0x5662, 0x5675, 0x5676, 0x567D, 0x567E, 0x5688, 0x5689,
        0x568B, 0x568C, 0x5696, 0x5697, 0x569E, 0x569F, 0x56BA, 0x56BB, 0x56CF, 0x56D0, 0x56D9, 0x56DA,
        0x56E6, 0x56E7, 0x56F6, 0x56F7, 0x56F8, 0x56F9, 0x56FB, 0x56FD, 0x5705, 0x5706, 0x5711, 0x5712,
        0x5717, 0x5718, 0x5721, 0x5722, 0x5724, 0x5725, 0x573D, 0x573E, 0x5743, 0x5744, 0x5748, 0x5749,
        0x5755, 0x5757, 0x5758, 0x5759, 0x5763, 0x5764, 0x5778, 0x5779, 0x5781, 0x5782, 0x5787, 0x5788,
        0x5796, 0x5797, 0x57A8, 0x57A9, 0x57CA, 0x57CB, 0x57D1, 0x57D2, 0x57DB, 0x57DC, 0x5817, 0x5819,
        0x5850, 0x5851, 0x5856, 0x5857, 0x5860, 0x5861, 0x5866, 0x5868, 0x5877, 0x5878, 0x5895, 0x5896,
        0x58AA, 0x58AB, 0x58B6, 0x58B7, 0x58C0, 0x58C1, 0x58C3, 0x58C5, 0x58CD, 0x58CE, 0x58D0, 0x58D1,
        0x58E1, 0x58E2, 0x58E6, 0x58E7, 0x58F5, 0x58F6, 0x5901, 0x5902, 0x5905, 0x5906, 0x5908, 0x5909,
        0x5911, 0x5912, 0x5913, 0x5914, 0x5923, 0x5924, 0x5933, 0x5934, 0x5936, 0x5937, 0x5959, 0x595A,
        0x595B, 0x595C, 0x59B7, 0x59B8, 0x59E7, 0x59E8, 0x5A24, 0x5A25, 0x5A26, 0x5A27, 0x5A2C, 0x5A2D,
        0x5A30, 0x5A31, 0x5A54, 0x5A55, 0x5A59, 0x5A5A, 0x5A6F, 0x5A70, 0x5A71, 0x5A72, 0x5A87, 0x5A88,
        0x5A8D, 0x5A8E, 0x5AAB, 0x5AAC, 0x5AD3, 0x5AD4, 0x5AEF, 0x5AF1, 0x5B0A, 0x5B0B, 0x5B0D, 0x5B0E,
        0x5B39, 0x5B3A, 0x5B46, 0x5B47, 0x5B4F, 0x5B50, 0x5B52, 0x5B53, 0x5B60, 0x5B62, 0x5B6F, 0x5B70,
        0x5B79, 0x5B7A, 0x5B7E, 0x5B7F, 0x5B86, 0x5B87, 0x5B90, 0x5B91, 0x5BA9, 0x5BAA, 0x5BB2, 0x5BB3,
        0x5BB7, 0x5BB8, 0x5BBC, 0x5BBD, 0x5BC8, 0x5BC9, 0x5BDA, 0x5BDB, 0x5C00, 0x5C01, 0x5C1B, 0x5C1C,
        0x5C23, 0x5C24, 0x5C26, 0x5C27, 0x5C29, 0x5C2A, 0x5C36, 0x5C37, 0x5C5A, 0x5C5B, 0x5C85, 0x5C86,
        0x5CB4, 0x5CB5, 0x5CB9, 0x5CBA, 0x5CD5, 0x5CD6, 0x5CDD, 0x5CDE, 0x5CF5, 0x5CF6, 0x5D2B, 0x5D2C,
        0x5D2F, 0x5D30, 0x5D3B, 0x5D3C, 0x5D53, 0x5D54, 0x5D57, 0x5D58, 0x5D60, 0x5D61, 0x5D83, 0x5D84,
        0x5D96, 0x5D97, 0x5DA3, 0x5DA5, 0x5DAB, 0x5DAC, 0x5DB3, 0x5DB4, 0x5DB9, 0x5DBA, 0x5DC4, 0x5DC5,
        0x5DD7, 0x5DD8, 0x5DDA, 0x5DDB, 0x5DDC, 0x5DDD, 0x5DF6, 0x5DF7, 0x5E12, 0x5E13, 0x5E48, 0x5E49,
        0x5E51, 0x5E52, 0x5E92, 0x5E93, 0x5EBA, 0x5EBB, 0x5EC0, 0x5EC1, 0x5EEB, 0x5EEC, 0x5EF9, 0x5EFA,
        0x5F0E, 0x5F0F, 0x5F3B, 0x5F3C, 0x5F3D, 0x5F3E, 0x5F8F, 0x5F90, 0x5F9A, 0x5F9B, 0x5FA3, 0x5FA5,
        0x5FB0, 0x5FB1, 0x5FC2, 0x5FC3, 0x5FCE, 0x5FCF, 0x5FDB, 0x5FDC, 0x5FE2, 0x5FE3, 0x5FEC, 0x5FED,
        0x5FFC, 0x5FFD, 0x6023, 0x6024, 0x6056, 0x6057, 0x6061, 0x6062, 0x6071, 0x6072, 0x6074, 0x6075,
        0x6091, 0x6092, 0x6093, 0x6094, 0x60A5, 0x60A6, 0x60D2, 0x60D3, 0x60D6, 0x60D7, 0x60DE, 0x60DF,
        0x60E5, 0x60E6, 0x60FD, 0x60FE, 0x6102, 0x6103, 0x6107, 0x6108, 0x6111, 0x6112, 0x611E, 0x611F,
        0x6131, 0x6132, 0x6133, 0x6134, 0x6135, 0x6136, 0x6138, 0x613A, 0x6160, 0x6161, 0x617B, 0x617C,
        0x617F, 0x6180, 0x6186, 0x6187, 0x6197, 0x6198, 0x619C, 0x619D, 0x61B9, 0x61BA, 0x61BB, 0x61BC,
        0x61D3, 0x61D4, 0x61D5, 0x61D6, 0x61EC, 0x61ED, 0x61EF, 0x61F0, 0x6205, 0x6206, 0x6235, 0x6236,
        0x6239, 0x623A, 0x6257, 0x6258, 0x628D, 0x628E, 0x629D, 0x629E, 0x62DE, 0x62DF, 0x62EA, 0x62EB,
        0x630A, 0x630B, 0x6317, 0x6318, 0x6331, 0x6332, 0x6337, 0x6338, 0x635B, 0x635C, 0x638B, 0x638C,
        0x6393, 0x6394, 0x63D1, 0x63D2, 0x643B, 0x643D, 0x6449, 0x644A, 0x645A, 0x645B, 0x647E, 0x647F,
        0x6486, 0x6487, 0x64A1, 0x64A2, 0x64AF, 0x64B0, 0x64B6, 0x64B7, 0x64C8, 0x64C9, 0x64D5, 0x64D6,
        0x64EE, 0x64EF, 0x64F5, 0x64F6, 0x64F9, 0x64FA, 0x6502, 0x6503, 0x650A, 0x650B, 0x651F, 0x6520,
        0x6528, 0x6529, 0x6540, 0x6541, 0x6542, 0x6543, 0x655A, 0x655B, 0x655F, 0x6560, 0x657D, 0x657E,
        0x658A, 0x658B, 0x659A, 0x659B, 0x65B5, 0x65B6, 0x65BE, 0x65BF, 0x65C8, 0x65CA, 0x65D1, 0x65D2,
        0x65D8, 0x65D9, 0x65DC, 0x65DD, 0x65E4, 0x65E5, 0x65EA, 0x65EB, 0x65F9, 0x65FA, 0x65FE, 0x65FF,
        0x6617, 0x6618, 0x662C, 0x662D, 0x6637, 0x6639, 0x6648, 0x6649, 0x664D, 0x664E, 0x6660, 0x6661,
        0x6663, 0x6664, 0x6692, 0x6693, 0x669C, 0x669D, 0x669E, 0x669F, 0x66AC, 0x66AE, 0x66D0, 0x66D1,
        0x66D3, 0x66D4, 0x66D7, 0x66D8, 0x66DF, 0x66E0, 0x66EF, 0x66F0, 0x6702, 0x6703, 0x6707, 0x6708,
        0x6719, 0x671A, 0x6724, 0x6725, 0x6729, 0x672A, 0x6767, 0x6768, 0x6788, 0x6789, 0x6796, 0x6797,
        0x67BD, 0x67BE, 0x67BF, 0x67C0, 0x67D5, 0x67D6, 0x67D7, 0x67D8, 0x67F9, 0x67FA, 0x6801, 0x6802,
        0x6815, 0x6816, 0x6827, 0x6828, 0x6830, 0x6831, 0x6858, 0x6859, 0x685A, 0x685B, 0x685E, 0x685F,
        0x687A, 0x687B, 0x6895, 0x6896, 0x6899, 0x689A, 0x68A5, 0x68A6, 0x68B8, 0x68B9, 0x68C3, 0x68C4,
        0x68D9, 0x68DA, 0x68E2, 0x68E3, 0x68E5, 0x68E6, 0x6909, 0x690A, 0x693E, 0x693F, 0x694D, 0x694E,
        0x699F, 0x69A0, 0x69A2, 0x69A3, 0x69C0, 0x69C1, 0x69D1, 0x69D3, 0x69D5, 0x69D8, 0x6A03, 0x6A04,
        0x6A1C, 0x6A1D, 0x6A24, 0x6A25, 0x6A37, 0x6A38, 0x6A4A, 0x6A4B, 0x6A5C, 0x6A5D, 0x6A6E, 0x6A6F,
        0x6A70, 0x6A71, 0x6A86, 0x6A87, 0x6A8A, 0x6A8B, 0x6A8F, 0x6A90, 0x6A99, 0x6A9A, 0x6A9D, 0x6A9E,
        0x6AB1, 0x6AB2, 0x6ABE, 0x6ABF, 0x6AC0, 0x6AC1, 0x6AC4, 0x6AC5, 0x6AC9, 0x6ACA, 0x6AD8, 0x6AD9,
        0x6AE9, 0x6AEA, 0x6B0E, 0x6B0F, 0x6B1B, 0x6B1C, 0x6B2E, 0x6B2F, 0x6B35, 0x6B36, 0x6B40, 0x6B41,
        0x6B57, 0x6B59, 0x6B5D, 0x6B5E, 0x6B68, 0x6B69, 0x6B6C, 0x6B6D, 0x6B6E, 0x6B6F, 0x6B71, 0x6B72,
        0x6B75, 0x6B76, 0x6B7D, 0x6B7E, 0x6BB8, 0x6BB9, 0x6BE9, 0x6BEA, 0x6BF1, 0x6BF2, 0x6BF4, 0x6BF5,
        0x6BFA, 0x6BFB, 0x6C0A, 0x6C0B, 0x6C1C, 0x6C1D, 0x6C2D, 0x6C2E, 0x6C3C, 0x6C3D, 0x6C45, 0x6C46,
        0x6C6C, 0x6C6D, 0x6C6E, 0x6C6F, 0x6CA0, 0x6CA1, 0x6CD8, 0x6CD9, 0x6CF4, 0x6CF5, 0x6D02, 0x6D03,
        0x6D1C, 0x6D1D, 0x6D24, 0x6D25, 0x6D71, 0x6D72, 0x6D81, 0x6D82, 0x6D96, 0x6D97, 0x6DB0, 0x6DB2,
        0x6DB6, 0x6DB7, 0x6DFE, 0x6E00, 0x6E01, 0x6E03, 0x6E06, 0x6E07, 0x6E12, 0x6E13, 0x6E18, 0x6E19,
        0x6E2A, 0x6E2B, 0x6E4C, 0x6E4D, 0x6E6C, 0x6E6D, 0x6E7B, 0x6E7E, 0x6E8B, 0x6E8C, 0x6E95, 0x6E96,
        0x6EDB, 0x6EDC, 0x6EE3, 0x6EE4, 0x6F04, 0x6F05, 0x6F0B, 0x6F0C, 0x6F42, 0x6F43, 0x6F48, 0x6F49,
        0x6F4A, 0x6F4B, 0x6F79, 0x6F7A, 0x6F98, 0x6F99, 0x6F9A, 0x6F9B, 0x6F9F, 0x6FA0, 0x6FB7, 0x6FB8,
        0x6FC5, 0x6FC6, 0x6FD0, 0x6FD1, 0x6FD3, 0x6FD4, 0x6FF5, 0x6FF6, 0x6FFD, 0x6FFE, 0x7010, 0x7011,
        0x7013, 0x7014, 0x7047, 0x7048, 0x704B, 0x704C, 0x704E, 0x704F, 0x7072, 0x7074, 0x707B, 0x707C,
        0x7081, 0x7082, 0x708D, 0x708E, 0x7097, 0x7098, 0x709B, 0x709C, 0x70AA, 0x70AB, 0x70B2, 0x70B3,
        0x70B6, 0x70B7, 0x70D5, 0x70D6, 0x70FE, 0x70FF, 0x7108, 0x7109, 0x7124, 0x7125, 0x7133, 0x7135,
        0x7157, 0x7158, 0x716B, 0x716C, 0x716D, 0x716E, 0x718D, 0x718E, 0x7196, 0x7197, 0x71A6, 0x71A7,
        0x71AB, 0x71AC, 0x71B6, 0x71B7, 0x71CC, 0x71CD, 0x71D3, 0x71D4, 0x71F3, 0x71F4, 0x71FA, 0x71FB,
        0x720B, 0x720C, 0x7211, 0x7212, 0x7215, 0x7216, 0x7217, 0x7218, 0x7220, 0x7221, 0x7224, 0x7226,
        0x722F, 0x7230, 0x7234, 0x7235, 0x7245, 0x7246, 0x724E, 0x724F, 0x7250, 0x7251, 0x7255, 0x7256,
        0x72AB, 0x72AC, 0x72BE, 0x72BF, 0x7302, 0x7303, 0x7310, 0x7311, 0x7328, 0x7329, 0x7353, 0x7354,
        0x739C, 0x739D, 0x73C1, 0x73C2, 0x73F3, 0x73F4, 0x73FB, 0x73FC, 0x7418, 0x7419, 0x7439, 0x743A,
        0x743E, 0x743F, 0x7447, 0x7448, 0x7449, 0x744A, 0x7458, 0x7459, 0x747B, 0x747C, 0x7484, 0x7485,
        0x7496, 0x7497, 0x749D, 0x749E, 0x74C7, 0x74C8, 0x74C9, 0x74CA, 0x74CC, 0x74CD, 0x74EB, 0x74EC,
        0x7520, 0x7521, 0x7541, 0x7542, 0x7552, 0x7553, 0x7555, 0x7556, 0x755E, 0x755F, 0x7561, 0x7562,
        0x7571, 0x7572, 0x757B, 0x757C, 0x7585, 0x7586, 0x75A9, 0x75AA, 0x75B7, 0x75B8, 0x75DC, 0x75DD,
        0x75EE, 0x75EF, 0x762C, 0x762D, 0x7644, 0x7646, 0x7651, 0x7652, 0x7655, 0x7656, 0x7673, 0x7674,
        0x768D, 0x768E, 0x76A1, 0x76A3, 0x76A5, 0x76A6, 0x76A8, 0x76A9, 0x76B3, 0x76B4, 0x76B6, 0x76B7,
        0x76C1, 0x76C2, 0x76CB, 0x76CC, 0x76D9, 0x76DA, 0x76EB, 0x76EC, 0x7700, 0x7701, 0x7702, 0x7703,
        0x770E, 0x770F, 0x7721, 0x7722, 0x772B, 0x772C, 0x773F, 0x7740, 0x7742, 0x7743, 0x7764, 0x7765,
        0x7796, 0x7797, 0x77A4, 0x77A5, 0x77BE, 0x77BF, 0x77C1, 0x77C2, 0x77D2, 0x77D3, 0x77DD, 0x77DE,
        0x77E4, 0x77E5, 0x77E6, 0x77E7, 0x77F4, 0x77F6, 0x7824, 0x7825, 0x7836, 0x7837, 0x7842, 0x7843,
        0x7846, 0x7847, 0x784B, 0x784C, 0x7876, 0x7877, 0x7888, 0x7889, 0x78C2, 0x78C3, 0x78C7, 0x78C8,
        0x78D2, 0x78D3, 0x78F0, 0x78F1, 0x78F8, 0x78F9, 0x7900, 0x7901, 0x7908, 0x7909, 0x790D, 0x790E,
        0x7915, 0x7916, 0x791F, 0x7921, 0x7932, 0x7933, 0x7936, 0x7937, 0x7959, 0x795A, 0x796C, 0x796D,
        0x796E, 0x796F, 0x7975, 0x7977, 0x7986, 0x7988, 0x799E, 0x799F, 0x79A9, 0x79AA, 0x79BC, 0x79BD,
        0x79C4, 0x79C5, 0x79C7, 0x79C8, 0x79CC, 0x79CD, 0x79D4, 0x79D5, 0x79D7, 0x79D8, 0x7A01, 0x7A02,
        0x7A07, 0x7A08, 0x7A09, 0x7A0A, 0x7A2C, 0x7A2D, 0x7A38, 0x7A39, 0x7A3A, 0x7A3B, 0x7A64, 0x7A65,
        0x7A6A, 0x7A6B, 0x7A6F, 0x7A70, 0x7A82, 0x7A83, 0x7A9A, 0x7A9C, 0x7AB9, 0x7ABA, 0x7ABB, 0x7ABE,
        0x7AC2, 0x7AC3, 0x7AC6, 0x7AC7, 0x7AE9, 0x7AEA, 0x7AF5, 0x7AF6, 0x7AFC, 0x7AFD, 0x7B07, 0x7B08,
        0x7B1F, 0x7B20, 0x7B27, 0x7B28, 0x7B29, 0x7B2A, 0x7B42, 0x7B43, 0x7B53, 0x7B54, 0x7BA3, 0x7BA4,
        0x7BA5, 0x7BA6, 0x7BB0, 0x7BB1, 0x7BB2, 0x7BB3, 0x7BFA, 0x7BFB, 0x7C1B, 0x7C1C, 0x7C2E, 0x7C30,
        0x7C52, 0x7C53, 0x7C55, 0x7C56, 0x7C5D, 0x7C5E, 0x7C76, 0x7C77, 0x7C87, 0x7C88, 0x7C93, 0x7C94,
        0x7C9A, 0x7C9B, 0x7CAC, 0x7CAD, 0x7CD3, 0x7CD4, 0x7CDA, 0x7CDC, 0x7CE1, 0x7CE2, 0x7CE3, 0x7CE4,
        0x7CE5, 0x7CE7, 0x7CFC, 0x7CFD, 0x7CFF, 0x7D00, 0x7D23, 0x7D24, 0x7D2A, 0x7D2B, 0x7D2D, 0x7D2E,
        0x7D48, 0x7D49, 0x7D4D, 0x7D4E, 0x7D5A, 0x7D5B, 0x7D64, 0x7D65, 0x7D78, 0x7D79, 0x7D82, 0x7D83,
        0x7D95, 0x7D96, 0x7D98, 0x7D99, 0x7DA4, 0x7DA5, 0x7DA8, 0x7DA9, 0x7DCD, 0x7DCE, 0x7DD3, 0x7DD4,
        0x7DE5, 0x7DE6, 0x7DEB, 0x7DEC, 0x7DFD, 0x7E00, 0x7E18, 0x7E19, 0x7E5B, 0x7E5C, 0x7E64, 0x7E65,
        0x7E9D, 0x7E9E, 0x7F3B, 0x7F3D, 0x7F41, 0x7F42, 0x7F46, 0x7F47, 0x7F59, 0x7F5A, 0x7F84, 0x7F85,
        0x7F90, 0x7F91, 0x7F97, 0x7F98, 0x7F99, 0x7F9A, 0x7FB4, 0x7FB5, 0x7FD6, 0x7FD7, 0x7FDD, 0x7FDE,
        0x7FE4, 0x7FE5, 0x800A, 0x800B, 0x802F, 0x8030, 0x803C, 0x803D, 0x8040, 0x8041, 0x8066, 0x8067,
        0x8088, 0x8089, 0x808E, 0x808F, 0x8094, 0x8095, 0x80A6, 0x80A9, 0x80B3, 0x80B4, 0x80B9, 0x80BA,
        0x80DF, 0x80E0, 0x8103, 0x8105, 0x8134, 0x8136, 0x8184, 0x8185, 0x8190, 0x8191, 0x8196, 0x8197,
        0x81CB, 0x81CC, 0x81E4, 0x81E5, 0x81EF, 0x81F1, 0x8213, 0x8214, 0x8224, 0x8225, 0x8241, 0x8242,
        0x8265, 0x8266, 0x828C, 0x828D, 0x82B2, 0x82B3, 0x82E2, 0x82E3, 0x82FC, 0x82FD, 0x830A, 0x830B,
        0x8310, 0x8311, 0x8330, 0x8331, 0x8355, 0x8356, 0x83BE, 0x83BF, 0x83E6, 0x83E7, 0x83ED, 0x83EE,
        0x8414, 0x8415, 0x8416, 0x8418, 0x841F, 0x8420, 0x8458, 0x8459, 0x8483, 0x8484, 0x8495, 0x8496,
        0x84B7, 0x84B8, 0x84C3, 0x84C4, 0x84ED, 0x84EE, 0x8505, 0x8506, 0x8510, 0x8511, 0x8532, 0x8534,
        0x854C, 0x854D, 0x8550, 0x8551, 0x857F, 0x8580, 0x8593, 0x8594, 0x85B2, 0x85B3, 0x85BB, 0x85BC,
        0x85CC, 0x85CD, 0x85EE, 0x85EF, 0x85F3, 0x85F4, 0x85FC, 0x85FD, 0x8603, 0x8604, 0x860D, 0x860F,
        0x8610, 0x8611, 0x8615, 0x8616, 0x861D, 0x861E, 0x8637, 0x8638, 0x8657, 0x8658, 0x8675, 0x8676,
        0x8689, 0x868A, 0x8692, 0x8693, 0x86A0, 0x86A1, 0x86A6, 0x86A7, 0x86D5, 0x86D6, 0x86E0, 0x86E1,
        0x86E7, 0x86E8, 0x86FD, 0x86FE, 0x871D, 0x871E, 0x872F, 0x8730, 0x873D, 0x873E, 0x8745, 0x8746,
        0x8771, 0x8772, 0x878E, 0x878F, 0x8799, 0x879A, 0x87DA, 0x87DB, 0x87F0, 0x87F1, 0x8807, 0x8808,
        0x8812, 0x8813, 0x882D, 0x882E, 0x883A, 0x883B, 0x8847, 0x8848, 0x8858, 0x8859, 0x885C, 0x885D,
        0x885F, 0x8860, 0x887A, 0x887B, 0x88E6, 0x88E7, 0x88E9, 0x88EA, 0x88ED, 0x88EE, 0x8903, 0x8904,
        0x890F, 0x8910, 0x8924, 0x8925, 0x8965, 0x8966, 0x8975, 0x8976, 0x897D, 0x897E, 0x898D, 0x898E,
        0x8990, 0x8991, 0x8994, 0x8995, 0x8999, 0x899A, 0x89B0, 0x89B1, 0x89B4, 0x89B5, 0x89BB, 0x89BD,
        0x89EE, 0x89EF, 0x89F5, 0x89F6, 0x89F9, 0x89FA, 0x89FD, 0x89FE, 0x8A05, 0x8A07, 0x8A14, 0x8A15,
        0x8A19, 0x8A1A, 0x8A20, 0x8A22, 0x8A2B, 0x8A2C, 0x8A3D, 0x8A3E, 0x8A4B, 0x8A4C, 0x8A64, 0x8A65,
        0x8A78, 0x8A79, 0x8A7D, 0x8A7E, 0x8A88, 0x8A89, 0x8A9F, 0x8AA0, 0x8AAF, 0x8AB0, 0x8AB7, 0x8AB8,
        0x8AD0, 0x8AD1, 0x8AEC, 0x8AED, 0x8B29, 0x8B2A, 0x8B32, 0x8B33, 0x8B38, 0x8B39, 0x8B3F, 0x8B40,
        0x8B61, 0x8B63, 0x8B69, 0x8B6A, 0x8B75, 0x8B76, 0x8B7C, 0x8B7D, 0x8B81, 0x8B82, 0x8B87, 0x8B88,
        0x8B8D, 0x8B8E, 0x8B8F, 0x8B90, 0x8B9B, 0x8B9C, 0x8C38, 0x8C39, 0x8C40, 0x8C41, 0x8C44, 0x8C45,
        0x8C51, 0x8C54, 0x8C58, 0x8C59, 0x8C74, 0x8C75, 0x8C7F, 0x8C80, 0x8C83, 0x8C84, 0x8C87, 0x8C88,
        0x8C8B, 0x8C8C, 0x8C9B, 0x8C9C, 0x8CA6, 0x8CA7, 0x8CCB, 0x8CCC, 0x8CD6, 0x8CD7, 0x8CD8, 0x8CD9,
        0x8CE9, 0x8CEA, 0x8CF7, 0x8CF8, 0x8D01, 0x8D02, 0x8D11, 0x8D13, 0x8D7C, 0x8D7D, 0x8DA6, 0x8DA7,
        0x8DC0, 0x8DC1, 0x8DE5, 0x8DE6, 0x8E01, 0x8E02, 0x8E0B, 0x8E0C, 0x8E32, 0x8E33, 0x8E46, 0x8E47,
        0x8E4F, 0x8E50, 0x8E6E, 0x8E6F, 0x8E75, 0x8E76, 0x8E77, 0x8E78, 0x8E79, 0x8E7A, 0x8E9B, 0x8E9C,
        0x8EA2, 0x8EA3, 0x8EB3, 0x8EB4, 0x8EB6, 0x8EB8, 0x8EC1, 0x8EC2, 0x8EC4, 0x8EC5, 0x8ED9, 0x8EDA,
        0x8EF0, 0x8EF1, 0x8F0F, 0x8F10, 0x8F2D, 0x8F2E, 0x8F3A, 0x8F3B, 0x8F41, 0x8F42, 0x8F9D, 0x8F9E,
        0x8FA4, 0x8FA5, 0x8FB3, 0x8FB4, 0x8FC3, 0x8FC4, 0x8FCA, 0x8FCB, 0x8FE7, 0x8FE8, 0x902A, 0x902B,
        0x902C, 0x902D, 0x9037, 0x9038, 0x9040, 0x9041, 0x9046, 0x9047, 0x90AB, 0x90AC, 0x90CC, 0x90CE,
        0x90D2, 0x90D3, 0x90F6, 0x90F7, 0x910A, 0x910B, 0x913C, 0x913E, 0x9159, 0x915A, 0x917B, 0x917C,
        0x9195, 0x9196, 0x9198, 0x9199, 0x91A9, 0x91AA, 0x91BF, 0x91C0, 0x91C4, 0x91C5, 0x91E0, 0x91E1,
        0x91EF, 0x91F0, 0x9213, 0x9214, 0x921F, 0x9220, 0x9222, 0x9223, 0x9243, 0x9244, 0x9269, 0x926B,
        0x9281, 0x9282, 0x9284, 0x9285, 0x929E, 0x929F, 0x92BD, 0x92BE, 0x92D4, 0x92D5, 0x92DB, 0x92DC,
        0x92E2, 0x92E3, 0x931C, 0x931D, 0x9330, 0x9332, 0x9362, 0x9363, 0x9368, 0x9369, 0x936B, 0x936C,
        0x936F, 0x9370, 0x9373, 0x9374, 0x9378, 0x9379, 0x937F, 0x9380, 0x9381, 0x9382, 0x938B, 0x938C,
        0x939C, 0x939D, 0x93A0, 0x93A1, 0x93AB, 0x93AC, 0x93BB, 0x93BC, 0x93E0, 0x93E1, 0x93F3, 0x93F4,
        0x9402, 0x9403, 0x9417, 0x9418, 0x941C, 0x941D, 0x941E, 0x9420, 0x9424, 0x9425, 0x9443, 0x9444,
        0x944E, 0x944F, 0x946C, 0x946D, 0x947B, 0x947C, 0x9578, 0x957A, 0x957E, 0x957F, 0x9585, 0x9586,
        0x9597, 0x9598, 0x95B3, 0x95B5, 0x95B8, 0x95B9, 0x95C1, 0x95C2, 0x95D9, 0x95DA, 0x95DD, 0x95DE,
        0x9625, 0x9627, 0x9629, 0x962A, 0x963E, 0x963F, 0x9656, 0x9658, 0x9679, 0x967A, 0x967B, 0x967C,
        0x967F, 0x9680, 0x9681, 0x9683, 0x968C, 0x968D, 0x9696, 0x9697, 0x969A, 0x969B, 0x969D, 0x969E,
        0x969F, 0x96A0, 0x96AB, 0x96AC, 0x96AF, 0x96B0, 0x96B5, 0x96B6, 0x96E4, 0x96E5, 0x96E6, 0x96E8,
        0x96FC, 0x96FD, 0x9714, 0x9715, 0x9717, 0x9718, 0x971A, 0x971C, 0x9733, 0x9735, 0x9737, 0x9738,
        0x9740, 0x9742, 0x974D, 0x974E, 0x9757, 0x9758, 0x9763, 0x9764, 0x9775, 0x9776, 0x9787, 0x9788,
        0x9789, 0x978A, 0x979B, 0x979C, 0x97A9, 0x97AA, 0x97B0, 0x97B2, 0x97B5, 0x97B6, 0x97BE, 0x97BF,
        0x97C0, 0x97C1, 0x97D2, 0x97D3, 0x97FC, 0x97FD, 0x981F, 0x9820, 0x9825, 0x9826, 0x982A, 0x982B,
        0x9833, 0x9834, 0x983A, 0x983B, 0x983E, 0x983F, 0x9842, 0x9843, 0x9847, 0x9848, 0x9856, 0x9857,
        0x9866, 0x9867, 0x9868, 0x9869, 0x98B7, 0x98B8, 0x98CA, 0x98CB, 0x98E4, 0x98E5, 0x98EC, 0x98ED,
        0x98F1, 0x98F2, 0x98F8, 0x98F9, 0x98FB, 0x98FC, 0x9919, 0x991A, 0x993B, 0x993C, 0x9944, 0x9945,
        0x995A, 0x995B, 0x995D, 0x995E, 0x99BF, 0x99C0, 0x99E0, 0x99E1, 0x99E6, 0x99E7, 0x99EB, 0x99EC,
        0x99F5, 0x99F6, 0x9A10, 0x9A11, 0x9A17, 0x9A19, 0x9A3B, 0x9A3C, 0x9A51, 0x9A52, 0x9A58, 0x9A59,
        0x9A5D, 0x9A5E, 0x9A63, 0x9A64, 0x9AA9, 0x9AAA, 0x9ABD, 0x9ABE, 0x9AC8, 0x9AC9, 0x9AD7, 0x9AD8,
        0x9AE0, 0x9AE1, 0x9AE4, 0x9AE5, 0x9AE8, 0x9AEA, 0x9AF0, 0x9AF1, 0x9B00, 0x9B01, 0x9B02, 0x9B03,
        0x9B09, 0x9B0A, 0x9B14, 0x9B15, 0x9B1B, 0x9B1C, 0x9B34, 0x9B35, 0x9B3D, 0x9B3E, 0x9B40, 0x9B41,
        0x9B50, 0x9B51, 0x9B57, 0x9B58, 0x9B62, 0x9B63, 0x9B72, 0x9B73, 0x9B89, 0x9B8A, 0x9B8C, 0x9B8D,
        0x9B99, 0x9B9A, 0x9BC2, 0x9BC3, 0x9BF6, 0x9BF7, 0x9C00, 0x9C02, 0x9C03, 0x9C04, 0x9C42, 0x9C43,
        0x9C4F, 0x9C50, 0x9C51, 0x9C52, 0x9C61, 0x9C62, 0x9C64, 0x9C65, 0x9C7B, 0x9C7C, 0x9D0C, 0x9D0E,
        0x9D11, 0x9D12, 0x9D27, 0x9D28, 0x9D35, 0x9D36, 0x9D3C, 0x9D3D, 0x9D6D, 0x9D6E, 0x9D95, 0x9D96,
        0x9DAE, 0x9DAF, 0x9DBD, 0x9DBE, 0x9DC0, 0x9DC1, 0x9DEA, 0x9DEB, 0x9DFC, 0x9DFD, 0x9E0E, 0x9E0F,
        0x9E16, 0x9E17, 0x9E1C, 0x9E1D, 0x9E7B, 0x9E7C, 0x9E8F, 0x9E91, 0x9E98, 0x9E99, 0x9E9E, 0x9E9F,
        0x9EA2, 0x9EA3, 0x9EAB, 0x9EAD, 0x9EB1, 0x9EB2, 0x9EEC, 0x9EED, 0x9EF1, 0x9EF2, 0x9F03, 0x9F04,
        0x9F11, 0x9F12, 0x9F14, 0x9F15, 0x9F26, 0x9F27, 0x9F45, 0x9F46, 0x9F53, 0x9F54, 0x9F6D, 0x9F6E,
        0x9FA1, 0x9FA2, 0x9FA3, 0x9FA4, 0x9FA6, 0xA000, 0xA48D, 0xA490, 0xA4C7, 0xA4D0, 0xA4FE, 0xA500,
        0xA60D, 0xA610, 0xA613, 0xA62A, 0xA62C, 0xA640, 0xA66F, 0xA670, 0xA674, 0xA67C, 0xA67E, 0xA67F,
        0xA69C, 0xA69E, 0xA69F, 0xA6A0, 0xA6F2, 0xA6F8, 0xA700, 0xA708, 0xA717, 0xA720, 0xA722, 0xA730,
        0xA770, 0xA771, 0xA788, 0xA789, 0xA78B, 0xA78D, 0xA78E, 0xA78F, 0xA790, 0xA792, 0xA794, 0xA7AA,
        0xA7AB, 0xA7AE, 0xA7B0, 0xA7B2, 0xA7BA, 0xA7C0, 0xA7C2, 0xA7C4, 0xA7C5, 0xA7C7, 0xA7CB, 0xA7D0,
        0xA7DA, 0xA7DD, 0xA7F1, 0xA7F5, 0xA7F8, 0xA7FA, 0xA7FB, 0xA800, 0xA828, 0xA82C, 0xA82D, 0xA830,
        0xA83A, 0xA840, 0xA874, 0xA878, 0xA880, 0xA8C6, 0xA8CE, 0xA8D0, 0xA8DA, 0xA8E0, 0xA8F8, 0xA8FB,
        0xA8FC, 0xA8FD, 0xA8FE, 0xA900, 0xA92E, 0xA92F, 0xA930, 0xA954, 0xA95F, 0xA960, 0xA97D, 0xA980,
        0xA9C1, 0xA9CE, 0xA9CF, 0xA9D0, 0xA9DA, 0xA9DE, 0xA9E0, 0xA9E7, 0xA9FF, 0xAA00, 0xAA37, 0xAA40,
        0xAA4E, 0xAA50, 0xAA5A, 0xAA5C, 0xAA60, 0xAA77, 0xAA7A, 0xAA7B, 0xAA7C, 0xAA80, 0xAAC3, 0xAADB,
        0xAADE, 0xAAE0, 0xAAF0, 0xAAF2, 0xAAF7, 0xAB01, 0xAB07, 0xAB09, 0xAB0F, 0xAB11, 0xAB17, 0xAB20,
        0xAB27, 0xAB28, 0xAB2F, 0xAB30, 0xAB5B, 0xAB5C, 0xAB60, 0xAB64, 0xAB66, 0xAB68, 0xAB69, 0xAB6A,
        0xAB6C, 0xAB70, 0xABEB, 0xABEC, 0xABEE, 0xABF0, 0xABFA, 0xAC00, 0xD7A4, 0xD7B0, 0xD7C7, 0xD7CB,
        0xD7FC, 0xF900, 0xFA0E, 0xFA10, 0xFA11, 0xFA12, 0xFA13, 0xFA15, 0xFA1F, 0xFA20, 0xFA21, 0xFA22,
        0xFA23, 0xFA25, 0xFA27, 0xFA2A, 0xFA6E, 0xFA70, 0xFADA, 0xFB00, 0xFB07, 0xFB13, 0xFB18, 0xFB1D,
        0xFB1E, 0xFB1F, 0xFB37, 0xFB38, 0xFB3D, 0xFB3E, 0xFB3F, 0xFB40, 0xFB42, 0xFB43, 0xFB45, 0xFB46,
        0xFBB2, 0xFBD3, 0xFD3E, 0xFD50, 0xFD90, 0xFD92, 0xFDC8, 0xFDD0, 0xFDF0, 0xFDFD, 0xFE00, 0xFE10,
        0xFE1A, 0xFE20, 0xFE2E, 0xFE30, 0xFE45, 0xFE47, 0xFE53, 0xFE54, 0xFE67, 0xFE68, 0xFE6C, 0xFE70,
        0xFE73, 0xFE74, 0xFE75, 0xFE76, 0xFEFD, 0xFEFF, 0xFF00, 0xFF01, 0xFFA0, 0xFFA1, 0xFFBF, 0xFFC2,
        0xFFC8, 0xFFCA, 0xFFD0, 0xFFD2, 0xFFD8, 0xFFDA, 0xFFDD, 0xFFE0, 0xFFE7, 0xFFE8, 0xFFEF, 0xFFF9,
        0xFFFE, 0x10000, 0x1000C, 0x1000D, 0x10027, 0x10028, 0x1003B, 0x1003C, 0x1003E, 0x1003F, 0x1004E, 0x10050,
        0x1005E, 0x10080, 0x100FB, 0x10100, 0x10103, 0x10107, 0x10134, 0x10137, 0x10140, 0x10175, 0x1018F, 0x10190,
        0x1019D, 0x101A0, 0x101A1, 0x101D0, 0x101FD, 0x101FE, 0x10280, 0x1029D, 0x102A0, 0x102D1, 0x102E0, 0x102E1,
        0x102FC, 0x10300, 0x10320, 0x10324, 0x1032D, 0x1034B, 0x10350, 0x1037B, 0x10380, 0x1039E, 0x1039F, 0x103A0,
        0x103C4, 0x103C8, 0x103D0, 0x103D1, 0x103D6, 0x10400, 0x1049E, 0x104A0, 0x104AA, 0x104B0, 0x104D4, 0x104D8,
        0x104FC, 0x10500, 0x10528, 0x10530, 0x10564, 0x1056F, 0x10570, 0x1057B, 0x1057C, 0x1058B, 0x1058C, 0x10593,
        0x10594, 0x10596, 0x10597, 0x105A2, 0x105A3, 0x105B2, 0x105B3, 0x105BA, 0x105BB, 0x105BD, 0x105C0, 0x105F4,
        0x10600, 0x10737, 0x10740, 0x10756, 0x10760, 0x10768, 0x10780, 0x10781, 0x10786, 0x10787, 0x107B1, 0x107B2,
        0x107BB, 0x10800, 0x10806, 0x10808, 0x10809, 0x1080A, 0x10836, 0x10837, 0x10839, 0x1083C, 0x1083D, 0x1083F,
        0x10856, 0x10857, 0x10860, 0x10877, 0x10880, 0x1089F, 0x108A7, 0x108B0, 0x108E0, 0x108F3, 0x108F4, 0x108F6,
        0x108FB, 0x10900, 0x10916, 0x1091C, 0x1091F, 0x10920, 0x1093A, 0x1093F, 0x10940, 0x1095A, 0x10980, 0x109B8,
        0x109BC, 0x109BE, 0x109C0, 0x109D0, 0x109D2, 0x10A00, 0x10A04, 0x10A05, 0x10A07, 0x10A0C, 0x10A14, 0x10A15,
        0x10A18, 0x10A19, 0x10A36, 0x10A38, 0x10A3B, 0x10A3F, 0x10A40, 0x10A49, 0x10A50, 0x10A59, 0x10A60, 0x10A7D,
        0x10A80, 0x10A9D, 0x10AA0, 0x10AC0, 0x10AC8, 0x10AC9, 0x10AE7, 0x10AEB, 0x10AF7, 0x10B00, 0x10B36, 0x10B39,
        0x10B40, 0x10B56, 0x10B58, 0x10B60, 0x10B73, 0x10B78, 0x10B80, 0x10B92, 0x10B99, 0x10B9D, 0x10BA9, 0x10BB0,
        0x10C00, 0x10C49, 0x10C80, 0x10CB3, 0x10CC0, 0x10CF3, 0x10CFA, 0x10D00, 0x10D28, 0x10D30, 0x10D3A, 0x10D40,
        0x10D66, 0x10D69, 0x10D6E, 0x10D6F, 0x10D86, 0x10D8E, 0x10D90, 0x10E60, 0x10E7F, 0x10E80, 0x10EAA, 0x10EAB,
        0x10EAD, 0x10EAE, 0x10EB0, 0x10EB2, 0x10EC2, 0x10EC5, 0x10EC7, 0x10EC8, 0x10ED0, 0x10ED9, 0x10EFA, 0x10EFB,
        0x10EFC, 0x10F00, 0x10F1D, 0x10F27, 0x10F28, 0x10F30, 0x10F51, 0x10F5A, 0x10F70, 0x10F86, 0x10F8A, 0x10FB0,
        0x10FC5, 0x10FCC, 0x10FE0, 0x10FF7, 0x11000, 0x11047, 0x1104E, 0x11052, 0x11066, 0x11076, 0x1107F, 0x110BB,
        0x110C2, 0x110C3, 0x110CD, 0x110CE, 0x110D0, 0x110E9, 0x110F0, 0x110FA, 0x11100, 0x11135, 0x11136, 0x11140,
        0x11144, 0x11148, 0x11150, 0x11174, 0x11176, 0x11177, 0x11180, 0x111C5, 0x111C9, 0x111CD, 0x111CE, 0x111DB,
        0x111DC, 0x111DD, 0x111E0, 0x111E1, 0x111F5, 0x11200, 0x11212, 0x11213, 0x11238, 0x1123E, 0x11242, 0x11280,
        0x11287, 0x11288, 0x11289, 0x1128A, 0x1128E, 0x1128F, 0x1129E, 0x1129F, 0x112A9, 0x112AA, 0x112B0, 0x112EB,
        0x112F0, 0x112FA, 0x11300, 0x11301, 0x11302, 0x11303, 0x11304, 0x11305, 0x1130D, 0x1130F, 0x11311, 0x11313,
        0x11329, 0x1132A, 0x11331, 0x11332, 0x11334, 0x11335, 0x1133A, 0x1133B, 0x1133C, 0x1133D, 0x11345, 0x11347,
        0x11349, 0x1134B, 0x1134E, 0x11350, 0x11351, 0x11357, 0x11358, 0x1135D, 0x11364, 0x11366, 0x1136D, 0x11370,
        0x11375, 0x11380, 0x1138A, 0x1138B, 0x1138C, 0x1138E, 0x1138F, 0x11390, 0x113B6, 0x113B7, 0x113C1, 0x113C2,
        0x113C3, 0x113C5, 0x113C6, 0x113C7, 0x113CB, 0x113CC, 0x113D4, 0x113D6, 0x113D7, 0x113D9, 0x113E1, 0x113E3,
        0x11400, 0x1144B, 0x11450, 0x1145A, 0x1145C, 0x1145D, 0x1145E, 0x11462, 0x11480, 0x114C6, 0x114C7, 0x114C8,
        0x114D0, 0x114DA, 0x11580, 0x115B6, 0x115B8, 0x115C1, 0x115D8, 0x115DE, 0x11600, 0x11641, 0x11644, 0x11645,
        0x11650, 0x1165A, 0x11660, 0x1166D, 0x11680, 0x116B9, 0x116BA, 0x116C0, 0x116CA, 0x116D0, 0x116E4, 0x11700,
        0x1171B, 0x1171D, 0x1172C, 0x11730, 0x1173A, 0x11740, 0x11747, 0x11800, 0x1183B, 0x1183C, 0x118A0, 0x118EA,
        0x118F3, 0x118FF, 0x11907, 0x11909, 0x1190A, 0x1190C, 0x11914, 0x11915, 0x11917, 0x11918, 0x11936, 0x11937,
        0x11939, 0x1193B, 0x11944, 0x11947, 0x11950, 0x1195A, 0x119A0, 0x119A8, 0x119AA, 0x119D8, 0x119DA, 0x119E2,
        0x119E3, 0x119E5, 0x11A00, 0x11A3F, 0x11A47, 0x11A48, 0x11A50, 0x11A9A, 0x11A9D, 0x11A9E, 0x11AA3, 0x11AB0,
        0x11AC0, 0x11AF9, 0x11B00, 0x11B0A, 0x11B60, 0x11B68, 0x11BC0, 0x11BE1, 0x11BE2, 0x11BF0, 0x11BFA, 0x11C00,
        0x11C09, 0x11C0A, 0x11C37, 0x11C38, 0x11C41, 0x11C46, 0x11C50, 0x11C5A, 0x11C6D, 0x11C70, 0x11C72, 0x11C90,
        0x11C92, 0x11CA8, 0x11CA9, 0x11CB7, 0x11D00, 0x11D07, 0x11D08, 0x11D0A, 0x11D0B, 0x11D37, 0x11D3A, 0x11D3B,
        0x11D3C, 0x11D3E, 0x11D3F, 0x11D48, 0x11D50, 0x11D5A, 0x11D60, 0x11D66, 0x11D67, 0x11D69, 0x11D6A, 0x11D8F,
        0x11D90, 0x11D92, 0x11D93, 0x11D99, 0x11DA0, 0x11DAA, 0x11DB0, 0x11DDC, 0x11DE0, 0x11DEA, 0x11EE0, 0x11EF7,
        0x11EF9, 0x11F00, 0x11F11, 0x11F12, 0x11F3B, 0x11F3E, 0x11F43, 0x11F50, 0x11F5B, 0x11FB0, 0x11FB1, 0x11FC0,
        0x11FF2, 0x11FFF, 0x12000, 0x1239A, 0x12400, 0x1246F, 0x12470, 0x12475, 0x12480, 0x12544, 0x12F90, 0x12FF1,
        0x12FF3, 0x13000, 0x13430, 0x13440, 0x13456, 0x13460, 0x143FB, 0x14400, 0x14647, 0x16100, 0x1613A, 0x16800,
        0x16A39, 0x16A40, 0x16A5F, 0x16A60, 0x16A6A, 0x16A6E, 0x16A70, 0x16ABF, 0x16AC0, 0x16ACA, 0x16AD0, 0x16AEE,
        0x16AF0, 0x16AF5, 0x16AF6, 0x16B00, 0x16B37, 0x16B40, 0x16B44, 0x16B46, 0x16B50, 0x16B5A, 0x16B5B, 0x16B62,
        0x16B63, 0x16B78, 0x16B7D, 0x16B90, 0x16D40, 0x16D6D, 0x16D70, 0x16D7A, 0x16E40, 0x16E80, 0x16E9B, 0x16EA0,
        0x16EB9, 0x16EBB, 0x16ED4, 0x16F00, 0x16F4B, 0x16F4F, 0x16F88, 0x16F8F, 0x16FA0, 0x16FE0, 0x16FE2, 0x16FE3,
        0x16FE4, 0x16FE5, 0x16FF0, 0x16FF2, 0x16FF7, 0x17000, 0x18CD6, 0x18CFF, 0x18D1F, 0x18D80, 0x18DF3, 0x1AFF0,
        0x1AFF4, 0x1AFF5, 0x1AFFC, 0x1AFFD, 0x1AFFF, 0x1B000, 0x1B123, 0x1B132, 0x1B133, 0x1B150, 0x1B153, 0x1B155,
        0x1B156, 0x1B164, 0x1B168, 0x1B170, 0x1B2FC, 0x1BC00, 0x1BC6B, 0x1BC70, 0x1BC7D, 0x1BC80, 0x1BC89, 0x1BC90,
        0x1BC9A, 0x1BC9C, 0x1BC9D, 0x1BC9F, 0x1BCA0, 0x1BCA4, 0x1CC00, 0x1CCD6, 0x1CCFA, 0x1CCFD, 0x1CD00, 0x1CEB4,
        0x1CEBA, 0x1CED1, 0x1CEE0, 0x1CEF1, 0x1CF00, 0x1CF2E, 0x1CF30, 0x1CF47, 0x1CF50, 0x1CFC4, 0x1D000, 0x1D0F6,
        0x1D100, 0x1D127, 0x1D129, 0x1D15E, 0x1D165, 0x1D16A, 0x1D16D, 0x1D173, 0x1D17B, 0x1D183, 0x1D185, 0x1D18C,
        0x1D1AA, 0x1D1AE, 0x1D1BB, 0x1D1C1, 0x1D1DE, 0x1D1E9, 0x1D1EB, 0x1D200, 0x1D242, 0x1D245, 0x1D246, 0x1D2C0,
        0x1D2D4, 0x1D2E0, 0x1D2F4, 0x1D300, 0x1D357, 0x1D360, 0x1D379, 0x1D400, 0x1D455, 0x1D456, 0x1D49D, 0x1D49E,
        0x1D4A0, 0x1D4A2, 0x1D4A3, 0x1D4A5, 0x1D4A7, 0x1D4A9, 0x1D4AD, 0x1D4AE, 0x1D4BA, 0x1D4BB, 0x1D4BC, 0x1D4BD,
        0x1D4C4, 0x1D4C5, 0x1D506, 0x1D507, 0x1D50B, 0x1D50D, 0x1D515, 0x1D516, 0x1D51D, 0x1D51E, 0x1D53A, 0x1D53B,
        0x1D53F, 0x1D540, 0x1D545, 0x1D546, 0x1D547, 0x1D54A, 0x1D551, 0x1D552, 0x1D6A6, 0x1D6A8, 0x1D7CC, 0x1D7CE,
        0x1D800, 0x1DA00, 0x1DA37, 0x1DA3B, 0x1DA6D, 0x1DA75, 0x1DA76, 0x1DA84, 0x1DA85, 0x1DA8C, 0x1DA9B, 0x1DAA0,
        0x1DAA1, 0x1DAB0, 0x1DF00, 0x1DF1F, 0x1DF25, 0x1DF2B, 0x1E000, 0x1E007, 0x1E008, 0x1E019, 0x1E01B, 0x1E022,
        0x1E023, 0x1E025, 0x1E026, 0x1E02B, 0x1E030, 0x1E06E, 0x1E08F, 0x1E090, 0x1E100, 0x1E12D, 0x1E130, 0x1E13E,
        0x1E140, 0x1E14A, 0x1E14E, 0x1E14F, 0x1E150, 0x1E290, 0x1E2AF, 0x1E2C0, 0x1E2FA, 0x1E2FF, 0x1E300, 0x1E4D0,
        0x1E4FA, 0x1E5D0, 0x1E5FB, 0x1E5FF, 0x1E600, 0x1E6C0, 0x1E6DF, 0x1E6E0, 0x1E6F6, 0x1E6FE, 0x1E700, 0x1E7E0,
        0x1E7E7, 0x1E7E8, 0x1E7EC, 0x1E7ED, 0x1E7EF, 0x1E7F0, 0x1E7FF, 0x1E800, 0x1E8C5, 0x1E8C7, 0x1E8D0, 0x1E8D7,
        0x1E900, 0x1E94C, 0x1E950, 0x1E95A, 0x1E95E, 0x1E960, 0x1EC71, 0x1ECB5, 0x1ED01, 0x1ED3E, 0x1EE00, 0x1EE04,
        0x1EE05, 0x1EE20, 0x1EE21, 0x1EE23, 0x1EE24, 0x1EE25, 0x1EE27, 0x1EE28, 0x1EE29, 0x1EE33, 0x1EE34, 0x1EE38,
        0x1EE39, 0x1EE3A, 0x1EE3B, 0x1EE3C, 0x1EE42, 0x1EE43, 0x1EE47, 0x1EE48, 0x1EE49, 0x1EE4A, 0x1EE4B, 0x1EE4C,
        0x1EE4D, 0x1EE50, 0x1EE51, 0x1EE53, 0x1EE54, 0x1EE55, 0x1EE57, 0x1EE58, 0x1EE59, 0x1EE5A, 0x1EE5B, 0x1EE5C,
        0x1EE5D, 0x1EE5E, 0x1EE5F, 0x1EE60, 0x1EE61, 0x1EE63, 0x1EE64, 0x1EE65, 0x1EE67, 0x1EE6B, 0x1EE6C, 0x1EE73,
        0x1EE74, 0x1EE78, 0x1EE79, 0x1EE7D, 0x1EE7E, 0x1EE7F, 0x1EE80, 0x1EE8A, 0x1EE8B, 0x1EE9C, 0x1EEA1, 0x1EEA4,
        0x1EEA5, 0x1EEAA, 0x1EEAB, 0x1EEBC, 0x1EEF0, 0x1EEF2, 0x1F000, 0x1F02C, 0x1F030, 0x1F094, 0x1F0A0, 0x1F0AF,
        0x1F0B1, 0x1F0C0, 0x1F0C1, 0x1F0D0, 0x1F0D1, 0x1F0F6, 0x1F100, 0x1F10B, 0x1F110, 0x1F12F, 0x1F130, 0x1F150,
        0x1F16A, 0x1F16D, 0x1F190, 0x1F191, 0x1F1AE, 0x1F1E6, 0x1F200, 0x1F203, 0x1F210, 0x1F23C, 0x1F240, 0x1F249,
        0x1F250, 0x1F252, 0x1F260, 0x1F266, 0x1F300, 0x1F54F, 0x1F550, 0x1F6D9, 0x1F6DC, 0x1F6ED, 0x1F6F0, 0x1F6FD,
        0x1F700, 0x1F7DA, 0x1F7E0, 0x1F7EC, 0x1F7F0, 0x1F7F1, 0x1F800, 0x1F80C, 0x1F810, 0x1F848, 0x1F850, 0x1F85A,
        0x1F860, 0x1F888, 0x1F890, 0x1F8AE, 0x1F8B0, 0x1F8BC, 0x1F8C0, 0x1F8C2, 0x1F8D0, 0x1F8D9, 0x1F900, 0x1FA58,
        0x1FA60, 0x1FA6E, 0x1FA70, 0x1FA7D, 0x1FA80, 0x1FA8B, 0x1FA8E, 0x1FAC7, 0x1FAC8, 0x1FAC9, 0x1FACD, 0x1FADD,
        0x1FADF, 0x1FAEB, 0x1FAEF, 0x1FAF9, 0x1FB00, 0x1FB93, 0x1FB94, 0x1FBF0, 0x1FBFA, 0x1FBFB, 0x20000, 0x2070E,
        0x2070F, 0x20731, 0x20732, 0x20779, 0x2077A, 0x20C53, 0x20C54, 0x20C78, 0x20C79, 0x20C96, 0x20C97, 0x20CCF,
        0x20CD0, 0x20CD5, 0x20CD6, 0x20D15, 0x20D16, 0x20D7C, 0x20D7D, 0x20D7F, 0x20D80, 0x20E0E, 0x20E10, 0x20E77,
        0x20E78, 0x20E9D, 0x20E9E, 0x20EA2, 0x20EA3, 0x20ED7, 0x20ED8, 0x20EF9, 0x20EFB, 0x20F2D, 0x20F2F, 0x20F4C,
        0x20F4D, 0x20FB4, 0x20FB5, 0x20FBC, 0x20FBD, 0x20FEA, 0x20FEB, 0x2105C, 0x2105D, 0x2106F, 0x21070, 0x21075,
        0x21077, 0x2107B, 0x2107C, 0x210C1, 0x210C2, 0x210C9, 0x210CA, 0x211D9, 0x211DA, 0x220C7, 0x220C8, 0x227B5,
        0x227B6, 0x22AD5, 0x22AD6, 0x22B43, 0x22B44, 0x22BCA, 0x22BCB, 0x22C51, 0x22C52, 0x22C55, 0x22C56, 0x22CC2,
        0x22CC3, 0x22D08, 0x22D09, 0x22D4C, 0x22D4D, 0x22D67, 0x22D68, 0x22EB3, 0x22EB4, 0x23CB7, 0x23CB8, 0x244D3,
        0x244D4, 0x24DB8, 0x24DB9, 0x24DEA, 0x24DEB, 0x2512B, 0x2512C, 0x26258, 0x26259, 0x267CC, 0x267CD, 0x269F2,
        0x269F3, 0x269FA, 0x269FB, 0x27A3E, 0x27A3F, 0x2815D, 0x2815E, 0x28207, 0x28208, 0x282E2, 0x282E3, 0x28CCA,
        0x28CCB, 0x28CCD, 0x28CCE, 0x28CD2, 0x28CD3, 0x29D98, 0x29D99, 0x2A6E0, 0x2A700, 0x2B81E, 0x2B820, 0x2CEAE,
        0x2CEB0, 0x2EBE1, 0x2EBF0, 0x2EE5E, 0x2F800, 0x2FA1E, 0x30000, 0x3134B, 0x31350, 0x3347A, 0xE0001, 0xE0002,
        0xE0020, 0xE0080, 0xE0100, 0xE01F0,
    ];

    internal static readonly ushort[] TypeRunValues =
    [
        1, 16, 1, 16, 1024, 16, 1024, 16, 2048, 1024, 16, 2048,
        16, 2048, 16, 2048, 16, 1, 16, 1, 8, 16, 8, 16,
        8, 16, 4, 16, 8, 16, 8, 16, 1024, 8, 16, 8,
        16, 2048, 16, 2048, 16, 2048, 256, 2048, 256, 2048, 8, 2048,
        64, 2048, 8, 2048, 2, 2048, 256, 2048, 256, 2048, 256, 2048,
        8, 128, 2048, 256, 2048, 256, 2048, 256, 192, 2048, 256, 2048,
        256, 2048, 256, 2048, 256, 2048, 256, 192, 256, 2048, 256, 2048,
        256, 2048, 256, 64, 192, 256, 192, 64, 128, 8, 2048, 256,
        2048, 256, 2048, 256, 2048, 256, 8, 256, 64, 2048, 256, 128,
        2048, 64, 256, 128, 256, 2048, 256, 2048, 256, 128, 2048, 128,
        2048, 128, 2048, 128, 2048, 128, 2048, 128, 2048, 128, 2048, 128,
        192, 128, 192, 128, 2048, 128, 2048, 128, 2048, 128, 192, 128,
        8, 128, 1024, 128, 16, 128, 16, 8, 16, 8, 16, 528,
        128, 16, 128, 16, 2048, 256, 2048, 256, 128, 256, 128, 2048,
        128, 256, 2048, 128, 2048, 128, 2048, 256, 128, 256, 128, 256,
        128, 8, 128, 8, 64, 128, 4, 128, 256, 128, 64, 8,
        144, 64, 1, 8, 64, 8, 64, 1, 8, 2048, 8, 2048,
        1, 2048, 1, 2048, 1, 2048, 128, 8, 128, 64, 32, 8,
        192, 8, 16, 64, 8, 64, 192, 64, 256, 2048, 256, 2048,
        256, 2048, 256, 2048, 64, 80, 64, 192, 80, 256, 2048, 64,
        2048, 64, 2048, 64, 2048, 256, 2048, 256, 2048, 256, 2048, 256,
        2048, 256, 64, 256, 64, 2048, 64, 1, 2048, 1, 128, 16,
        128, 2048, 8, 128, 16, 1024, 1, 16, 1, 256, 320, 256,
        16, 256, 16, 256, 16, 256, 320, 80, 384, 1, 2048, 1,
        256, 1024, 1, 16, 256, 16, 4, 16, 2048, 64, 2048, 64,
        2048, 384, 2048, 256, 2048, 16, 64, 2048, 128, 2048, 2, 2048,
        8, 2048, 64, 2048, 256, 2048, 256, 2048, 256, 2048, 64, 2048,
        256, 2048, 256, 2048, 256, 2048, 256, 2048, 16, 2048, 256, 16,
        256, 128, 256, 16, 256, 2048, 256, 1024, 2048, 528, 1, 528,
        512, 640, 1, 512, 256, 2048, 256, 2048, 256, 2048, 256, 2048,
        256, 2048, 256, 2048, 256, 2048, 256, 64, 2048, 1, 512, 576,
        512, 528, 576, 1, 512, 528, 32, 1, 48, 1, 512, 1,
        528, 1, 512, 1, 128, 144, 256, 64, 2048, 16, 1, 256,
        2048, 256, 2048, 256, 64, 256, 64, 256, 2048, 256, 2048, 256,
        128, 256, 16, 256, 2048, 256, 2048, 64, 2048, 256, 2048, 256,
        2048, 64, 2048, 256, 2048, 64, 2048, 128, 64, 128, 256, 2048,
        8, 64, 16, 2048, 16, 64, 2048, 64, 256, 2048, 128, 2048,
        64, 2048, 1, 2048, 256, 1, 2048, 1, 2048, 1, 2048, 1,
        2048, 1, 2048, 1, 2048, 64, 2048, 1, 2048, 1, 2048, 1,
        256, 1, 8, 1, 8, 64, 1, 2048, 16, 64, 16, 256,
        1, 256, 2048, 256, 1, 2048, 1, 2048, 1, 2048, 1, 2048,
        1, 2048, 8, 1, 2048, 8, 1, 2048, 1, 2048, 1, 2048,
        1, 2048, 1, 2048, 1, 256, 1, 8, 2048, 1, 8, 1,
        256, 2048, 256, 128, 256, 16, 1, 256, 2048, 1, 2048, 1,
        2048, 1, 2048, 1, 2048, 1, 2048, 1, 2048, 1, 2048, 64,
        2048, 1, 2048, 1, 2048, 1, 128, 1, 64, 1, 2048, 16,
        1, 256, 1, 2048, 1, 2048, 256, 1, 2048, 1, 2048, 1,
        2048, 1, 2048, 1, 256, 2048, 1, 2048, 64, 2048, 256, 1,
        2048, 1, 2048, 1, 256, 2048, 256, 1, 8, 1, 2048, 64,
        256, 1, 256, 16, 2048, 16, 1, 128, 2048, 1, 2048, 1,
        2048, 1, 2048, 1, 2048, 1, 2048, 1, 2048, 1, 2048, 1,
        2048, 1, 2048, 1, 2048, 1, 2048, 1, 2048, 1, 128, 1,
        256, 1, 256, 16, 1, 64, 256, 2048, 256, 2048, 256, 1,
        2048, 1, 2048, 1, 2048, 256, 2048, 64, 2048, 1, 256, 64,
        2048, 1, 2048, 1, 2048, 1, 256, 1, 64, 256, 1, 64,
        256, 1, 64, 256, 1, 256, 1, 16, 256, 64, 2048, 16,
        2048, 64, 1, 2048, 1, 2048, 1, 2048, 64, 2048, 1, 2048,
        1, 256, 64, 2048, 256, 1, 2048, 1, 2048, 1, 256, 1,
        64, 256, 64, 1, 64, 1, 2048, 1, 64, 256, 1, 256,
        64, 2048, 192, 2048, 256, 1, 2048, 1, 2048, 256, 2048, 64,
        2048, 256, 1, 2048, 1, 2048, 64, 2048, 64, 16, 1, 256,
        2048, 16, 64, 256, 1, 256, 16, 2048, 1, 128, 2048, 1,
        2048, 256, 384, 2048, 1, 2048, 64, 2048, 1, 2048, 1, 2048,
        1, 2048, 1, 2048, 1, 2048, 1, 2048, 1, 2048, 384, 1,
        256, 1, 2048, 384, 16, 1, 2048, 8, 2048, 1, 16, 2048,
        256, 16, 2048, 16, 1, 2048, 1, 2048, 1, 256, 2048, 256,
        2048, 1, 256, 2048, 256, 2048, 256, 2048, 256, 2048, 1, 2048,
        1, 2048, 256, 2048, 256, 2048, 128, 2048, 8, 2048, 256, 2048,
        1, 2048, 1, 2048, 1, 2048, 256, 1, 2048, 1, 8, 256,
        1, 128, 16, 1024, 8, 16, 128, 16, 2048, 16, 128, 16,
        128, 16, 256, 16, 128, 2048, 8, 2048, 1, 2048, 8, 2048,
        8, 2048, 8, 2048, 8, 2048, 8, 320, 256, 1, 2048, 8,
        2048, 8, 2, 8, 2, 2048, 8, 320, 2048, 16, 64, 2048,
        8, 2048, 1, 2048, 8, 2048, 8, 2048, 8, 2048, 8, 2048,
        256, 2048, 8, 2048, 1, 16, 384, 16, 1, 16, 1, 2048,
        16, 320, 2048, 256, 2048, 256, 2048, 256, 16, 64, 1, 2048,
        1, 2048, 1, 2048, 64, 256, 384, 16, 8, 256, 64, 4,
        64, 2048, 256, 2048, 1, 2048, 1, 2048, 1, 2048, 1, 2048,
        1, 2048, 256, 2048, 1, 2048, 1, 2048, 256, 2048, 1, 2048,
        1, 2048, 1, 2048, 1, 2048, 1, 2048, 1, 2048, 256, 2048,
        256, 2048, 1, 2048, 1, 2048, 256, 2048, 256, 2048, 256, 1,
        256, 16, 64, 16, 1, 256, 16, 1, 512, 1, 512, 1,
        528, 512, 528, 512, 48, 32, 48, 1, 32, 48, 32, 1,
        32, 1, 32, 48, 1, 32, 1, 32, 1, 32, 1, 32,
        1, 2048, 256, 2048, 2, 2048, 64, 256, 2048, 4, 2048, 128,
        2048, 192, 2048, 64, 16, 256, 80, 16, 64, 192, 1, 2048,
        1, 16, 1, 48, 4, 32, 1, 32, 1, 32, 288, 32,
        1, 512, 1, 512, 1, 512, 1, 512, 1, 528, 1, 528,
        512, 1, 512, 1, 512, 1, 512, 1, 512, 1, 528, 16,
        32, 1, 48, 512, 1, 512, 1, 512, 1, 512, 1, 528,
        512, 528, 1, 64, 16, 128, 256, 128, 1, 128, 1, 512,
        1, 528, 512, 528, 640, 528, 512, 1, 528, 512, 1, 528,
        512, 1, 512, 528, 64, 256, 1, 2048, 1, 2048, 528, 1,
        64, 80, 64, 32, 1, 128, 8, 128, 8, 128, 8, 128,
        8, 128, 8, 128, 8, 192, 128, 192, 128, 192, 128, 640,
        128, 256, 2048, 256, 2048, 256, 128, 256, 2048, 256, 2048, 256,
        128, 256, 2048, 256, 2048, 256, 2048, 256, 2048, 256, 2048, 256,
        2048, 256, 2048, 128, 256, 2048, 256, 2048, 256, 8, 128, 2048,
        128, 2048, 128, 64, 1, 64, 1, 64, 1, 64, 1, 64,
        1, 64, 1, 64, 1, 64, 1, 64, 8, 64, 8, 64,
        8, 64, 8, 64, 8, 64, 8, 64, 8, 1, 64, 2048,
        192, 2048, 1, 64, 8, 64, 8, 64, 1, 64, 8, 64,
        8, 64, 8, 64, 8, 1, 64, 8, 1, 8, 64, 8,
        64, 8, 2048, 8, 1, 64, 1, 64, 8, 64, 8, 64,
        8, 1, 8, 4, 1024, 8, 16, 8, 16, 1024, 16, 8,
        1024, 16, 4, 8, 16, 8, 16, 8, 16, 8, 16, 8,
        128, 16, 8, 16, 256, 16, 80, 8, 80, 8, 4, 1,
        4, 2, 8, 1, 8, 1, 8, 1, 16, 8, 16, 1,
        128, 144, 128, 144, 128, 1, 8, 16, 8, 16, 8, 16,
        8, 16, 128, 8, 16, 8, 16, 8, 16, 8, 80, 8,
        16, 8, 128, 8, 64, 8, 16, 8, 16, 8, 16, 64,
        80, 8, 192, 64, 8, 272, 1, 16, 8, 16, 8, 16,
        2, 16, 1, 16, 1, 8, 144, 16, 144, 16, 8, 16,
        8, 16, 8, 16, 1, 16, 272, 16, 32, 128, 256, 64,
        128, 8, 64, 32, 48, 32, 160, 32, 1, 48, 64, 1,
        128, 1, 128, 1, 512, 1, 8, 528, 1, 512, 256, 1,
        256, 1, 256, 1, 256, 1, 256, 1, 256, 1, 256, 1,
        256, 1, 256, 1, 64, 208, 80, 16, 80, 48, 80, 16,
        80, 16, 80, 16, 48, 16, 1, 16, 1, 16, 8, 16,
        8, 1, 8, 1, 16, 8, 16, 2048, 16, 80, 16, 128,
        192, 16, 128, 8, 16, 8, 128, 16, 1, 2048, 1, 256,
        8, 2048, 8, 1024, 2048, 1024, 2048, 8, 1, 512, 576, 512,
        1, 8, 4, 8, 1, 16, 8, 512, 16, 1, 16, 64,
        8, 1, 8, 16, 8, 144, 8, 256, 2048, 256, 2048, 256,
        2048, 256, 2048, 256, 2048, 256, 2048, 256, 2048, 256, 2048, 256,
        2048, 256, 2048, 256, 2048, 256, 2048, 256, 2048, 256, 2048, 256,
        2048, 256, 2048, 256, 2048, 256, 2048, 256, 2048, 256, 2048, 256,
        2048, 256, 2048, 256, 2048, 256, 2048, 256, 2048, 256, 2048, 256,
        2048, 256, 2048, 256, 2048, 256, 2048, 256, 2048, 256, 2048, 256,
        2048, 256, 2048, 256, 2048, 256, 2048, 256, 2048, 256, 2048, 256,
        2048, 256, 2048, 256, 2048, 256, 2048, 256, 2048, 256, 2048, 256,
        2048, 256, 2048, 256, 2048, 256, 2048, 256, 2048, 256, 2048, 256,
        2048, 256, 2048, 256, 2048, 256, 2048, 256, 2048, 256, 2048, 256,
        2048, 256, 2048, 256, 2048, 256, 2048, 256, 2048, 256, 2048, 256,
        2048, 256, 2048, 256, 2048, 256, 2048, 256, 2048, 256, 2048, 256,
        2048, 256, 2048, 256, 2048, 256, 2048, 256, 2048, 256, 2048, 256,
        2048, 256, 2048, 256, 144, 2048, 256, 2048, 256, 2048, 256, 2048,
        256, 2048, 256, 2048, 256, 2048, 256, 2048, 256, 2048, 256, 2048,
        256, 2048, 256, 2048, 256, 2048, 256, 2048, 256, 2048, 256, 2048,
        256, 2048, 256, 2048, 256, 2048, 256, 2048, 256, 2048, 256, 2048,
        256, 2048, 256, 2048, 256, 2048, 256, 2048, 256, 2048, 256, 2048,
        256, 2048, 256, 2048, 256, 2048, 256, 2048, 256, 2048, 256, 2048,
        256, 2048, 256, 2048, 256, 2048, 256, 2048, 256, 2048, 256, 2048,
        256, 2048, 256, 2048, 256, 2048, 256, 2048, 256, 2048, 256, 2048,
        256, 2048, 256, 2048, 256, 2048, 256, 2048, 256, 2048, 256, 2048,
        256, 2048, 256, 2048, 256, 2048, 256, 2048, 256, 2048, 256, 2048,
        256, 2048, 256, 2048, 256, 2048, 256, 2048, 256, 2048, 256, 2048,
        256, 2048, 256, 2048, 256, 2048, 256, 2048, 256, 2048, 256, 2048,
        256, 2048, 256, 2048, 256, 2048, 256, 2048, 256, 2048, 256, 2048,
        256, 2048, 256, 2048, 256, 2048, 256, 2048, 256, 2048, 256, 2048,
        256, 2048, 256, 2048, 256, 2048, 256, 2048, 256, 2048, 256, 2048,
        256, 2048, 256, 2048, 256, 2048, 256, 2048, 256, 2048, 256, 2048,
        256, 2048, 256, 2048, 256, 2048, 256, 2048, 256, 2048, 256, 2048,
        256, 2048, 256, 2048, 256, 2048, 256, 2048, 256, 2048, 256, 2048,
        256, 2048, 256, 2048, 256, 2048, 256, 2048, 256, 2048, 256, 2048,
        256, 2048, 256, 2048, 256, 2048, 256, 2048, 256, 2048, 256, 2048,
        256, 2048, 256, 2048, 256, 2048, 256, 2048, 256, 2048, 256, 2048,
        256, 2048, 256, 2048, 256, 2048, 256, 2048, 256, 2048, 256, 2048,
        256, 2048, 256, 2048, 256, 2048, 256, 2048, 256, 2048, 256, 2048,
        256, 2048, 256, 2048, 256, 2048, 256, 2048, 256, 2048, 256, 2048,
        256, 2048, 256, 2048, 256, 2048, 256, 2048, 256, 2048, 256, 2048,
        256, 2048, 256, 2048, 256, 2048, 256, 2048, 256, 2048, 256, 2048,
        256, 2048, 256, 2048, 256, 2048, 256, 2048, 256, 2048, 256, 2048,
        256, 2048, 256, 2048, 256, 2048, 256, 2048, 256, 2048, 256, 2048,
        256, 2048, 256, 2048, 256, 2048, 256, 2048, 256, 2048, 256, 2048,
        256, 2048, 256, 2048, 256, 2048, 256, 2048, 256, 2048, 256, 2048,
        256, 2048, 256, 2048, 256, 2048, 256, 2048, 256, 2048, 256, 2048,
        256, 2048, 256, 2048, 256, 2048, 256, 2048, 256, 2048, 256, 2048,
        256, 2048, 256, 2048, 256, 2048, 256, 2048, 256, 2048, 256, 2048,
        256, 2048, 256, 2048, 256, 2048, 256, 2048, 256, 2048, 256, 2048,
        256, 2048, 256, 2048, 256, 2048, 256, 2048, 256, 2048, 256, 2048,
        256, 2048, 256, 2048, 256, 2048, 256, 2048, 256, 2048, 256, 2048,
        256, 2048, 256, 2048, 256, 2048, 256, 2048, 256, 2048, 256, 2048,
        256, 2048, 256, 2048, 256, 2048, 256, 2048, 256, 2048, 256, 2048,
        256, 2048, 256, 2048, 256, 2048, 256, 2048, 256, 2048, 256, 2048,
        256, 2048, 256, 2048, 256, 2048, 256, 2048, 256, 2048, 256, 2048,
        256, 2048, 256, 2048, 256, 2048, 256, 2048, 256, 2048, 256, 2048,
        256, 2048, 256, 2048, 256, 2048, 256, 2048, 256, 2048, 256, 2048,
        256, 2048, 256, 2048, 256, 2048, 256, 2048, 256, 2048, 256, 2048,
        256, 2048, 256, 2048, 256, 2048, 256, 2048, 256, 2048, 256, 2048,
        256, 2048, 256, 2048, 256, 2048, 256, 2048, 256, 2048, 256, 2048,
        256, 2048, 256, 2048, 256, 2048, 256, 2048, 256, 2048, 256, 2048,
        256, 2048, 256, 2048, 256, 2048, 256, 2048, 256, 2048, 256, 2048,
        256, 2048, 256, 2048, 256, 2048, 256, 2048, 256, 2048, 256, 2048,
        256, 2048, 256, 2048, 256, 2048, 256, 2048, 256, 2048, 256, 2048,
        256, 2048, 256, 2048, 256, 2048, 256, 2048, 256, 2048, 256, 2048,
        256, 2048, 256, 2048, 256, 2048, 256, 2048, 256, 2048, 256, 2048,
        256, 2048, 256, 2048, 256, 2048, 256, 2048, 256, 2048, 256, 2048,
        256, 2048, 256, 2048, 256, 2048, 256, 2048, 256, 2048, 256, 2048,
        256, 2048, 256, 2048, 256, 2048, 256, 2048, 256, 2048, 256, 2048,
        256, 2048, 256, 2048, 256, 2048, 256, 2048, 256, 2048, 256, 2048,
        256, 2048, 256, 2048, 256, 2048, 256, 2048, 256, 2048, 256, 2048,
        256, 2048, 256, 2048, 256, 2048, 256, 2048, 256, 2048, 256, 2048,
        256, 2048, 256, 2048, 256, 2048, 256, 2048, 256, 2048, 256, 2048,
        256, 2048, 256, 2048, 256, 2048, 256, 2048, 256, 2048, 256, 2048,
        256, 2048, 256, 2048, 256, 2048, 256, 2048, 256, 2048, 256, 2048,
        256, 2048, 256, 2048, 256, 2048, 256, 2048, 256, 2048, 256, 2048,
        256, 2048, 256, 2048, 256, 2048, 256, 2048, 256, 2048, 256, 2048,
        256, 2048, 256, 2048, 256, 2048, 256, 2048, 256, 2048, 256, 2048,
        256, 2048, 256, 2048, 256, 2048, 256, 2048, 256, 2048, 256, 2048,
        256, 2048, 256, 2048, 256, 2048, 256, 2048, 256, 2048, 256, 2048,
        256, 2048, 256, 2048, 256, 2048, 256, 2048, 256, 2048, 256, 2048,
        256, 2048, 256, 2048, 256, 2048, 256, 2048, 256, 2048, 256, 2048,
        256, 2048, 256, 2048, 256, 2048, 256, 2048, 256, 2048, 256, 2048,
        256, 2048, 256, 2048, 256, 2048, 256, 2048, 256, 2048, 256, 2048,
        256, 2048, 256, 2048, 256, 2048, 256, 2048, 256, 2048, 256, 2048,
        256, 2048, 256, 2048, 256, 2048, 256, 2048, 256, 2048, 256, 2048,
        256, 2048, 256, 2048, 256, 2048, 256, 2048, 256, 2048, 256, 2048,
        256, 2048, 256, 2048, 256, 2048, 256, 2048, 256, 2048, 256, 2048,
        256, 2048, 256, 2048, 256, 2048, 256, 2048, 256, 2048, 256, 2048,
        256, 2048, 256, 2048, 256, 2048, 256, 2048, 256, 2048, 256, 2048,
        256, 2048, 256, 2048, 256, 2048, 256, 2048, 256, 2048, 256, 2048,
        256, 2048, 256, 2048, 256, 2048, 256, 2048, 256, 2048, 256, 2048,
        256, 2048, 256, 2048, 256, 2048, 256, 2048, 256, 2048, 256, 2048,
        256, 2048, 256, 2048, 256, 2048, 256, 2048, 256, 2048, 256, 2048,
        256, 2048, 256, 2048, 256, 2048, 256, 2048, 256, 2048, 256, 2048,
        256, 2048, 256, 2048, 256, 2048, 256, 2048, 256, 2048, 256, 2048,
        256, 2048, 256, 2048, 256, 2048, 256, 2048, 256, 2048, 256, 2048,
        256, 2048, 256, 2048, 256, 2048, 256, 2048, 256, 2048, 256, 2048,
        256, 2048, 256, 2048, 256, 2048, 256, 2048, 256, 2048, 256, 2048,
        256, 2048, 256, 2048, 256, 2048, 256, 2048, 256, 2048, 256, 2048,
        256, 2048, 256, 2048, 256, 2048, 256, 2048, 256, 2048, 256, 2048,
        256, 2048, 256, 2048, 256, 2048, 256, 2048, 256, 2048, 256, 2048,
        256, 2048, 256, 2048, 256, 2048, 256, 2048, 256, 2048, 256, 2048,
        256, 2048, 256, 2048, 256, 2048, 256, 2048, 256, 2048, 256, 2048,
        256, 2048, 256, 2048, 256, 2048, 256, 2048, 256, 2048, 256, 2048,
        256, 2048, 256, 2048, 256, 2048, 256, 2048, 256, 2048, 256, 2048,
        256, 2048, 256, 2048, 256, 2048, 256, 2048, 256, 2048, 256, 2048,
        256, 2048, 256, 2048, 256, 2048, 256, 2048, 256, 2048, 256, 2048,
        256, 2048, 256, 2048, 256, 2048, 256, 2048, 256, 2048, 256, 2048,
        256, 2048, 256, 2048, 256, 2048, 256, 2048, 256, 2048, 256, 2048,
        256, 2048, 256, 2048, 256, 2048, 256, 2048, 256, 2048, 256, 2048,
        256, 2048, 256, 2048, 256, 2048, 256, 2048, 256, 2048, 256, 2048,
        256, 2048, 256, 2048, 256, 2048, 256, 2048, 256, 2048, 256, 2048,
        256, 2048, 256, 2048, 256, 2048, 256, 2048, 256, 2048, 256, 2048,
        256, 2048, 256, 2048, 256, 2048, 256, 2048, 256, 2048, 256, 2048,
        256, 2048, 256, 2048, 256, 2048, 256, 2048, 256, 2048, 256, 2048,
        256, 2048, 256, 2048, 256, 2048, 256, 2048, 256, 2048, 256, 2048,
        256, 2048, 256, 2048, 256, 2048, 256, 2048, 256, 2048, 256, 2048,
        256, 2048, 256, 2048, 256, 2048, 256, 2048, 256, 2048, 256, 2048,
        256, 2048, 256, 2048, 256, 2048, 256, 2048, 256, 2048, 256, 2048,
        256, 2048, 256, 2048, 256, 2048, 256, 2048, 256, 2048, 256, 2048,
        256, 2048, 256, 2048, 256, 2048, 256, 2048, 256, 2048, 256, 2048,
        256, 2048, 256, 2048, 256, 2048, 256, 2048, 256, 2048, 256, 2048,
        256, 2048, 256, 2048, 256, 2048, 256, 2048, 256, 2048, 256, 2048,
        256, 2048, 256, 2048, 256, 2048, 256, 2048, 256, 2048, 256, 2048,
        256, 2048, 256, 2048, 256, 2048, 256, 2048, 256, 2048, 256, 2048,
        256, 2048, 256, 2048, 256, 2048, 256, 2048, 256, 2048, 256, 2048,
        256, 2048, 256, 2048, 256, 2048, 256, 2048, 256, 2048, 256, 2048,
        256, 2048, 256, 2048, 256, 2048, 256, 2048, 256, 2048, 256, 2048,
        256, 2048, 256, 2048, 256, 2048, 256, 2048, 256, 2048, 256, 2048,
        256, 2048, 256, 2048, 256, 2048, 256, 2048, 256, 2048, 256, 2048,
        256, 2048, 256, 2048, 256, 2048, 256, 2048, 256, 2048, 256, 2048,
        256, 2048, 256, 2048, 256, 2048, 256, 2048, 256, 2048, 256, 2048,
        256, 2048, 256, 2048, 256, 2048, 256, 2048, 256, 2048, 256, 2048,
        256, 2048, 256, 2048, 256, 2048, 256, 2048, 256, 2048, 256, 2048,
        256, 2048, 256, 2048, 256, 2048, 256, 2048, 256, 2048, 256, 2048,
        256, 2048, 256, 2048, 256, 2048, 256, 2048, 256, 2048, 256, 2048,
        256, 2048, 256, 2048, 256, 2048, 256, 2048, 256, 2048, 256, 2048,
        256, 2048, 256, 2048, 256, 2048, 256, 2048, 256, 2048, 256, 2048,
        256, 2048, 256, 2048, 256, 2048, 256, 2048, 256, 2048, 256, 2048,
        256, 2048, 256, 2048, 256, 2048, 256, 2048, 256, 2048, 256, 2048,
        256, 2048, 256, 2048, 256, 2048, 256, 2048, 256, 2048, 256, 2048,
        256, 2048, 256, 2048, 256, 2048, 256, 2048, 256, 2048, 256, 2048,
        256, 2048, 256, 2048, 256, 2048, 256, 2048, 256, 2048, 256, 2048,
        256, 2048, 256, 2048, 256, 2048, 256, 2048, 256, 2048, 256, 2048,
        256, 2048, 256, 2048, 256, 2048, 256, 2048, 256, 2048, 256, 2048,
        256, 2048, 256, 2048, 256, 2048, 256, 2048, 256, 2048, 256, 2048,
        256, 2048, 256, 2048, 256, 2048, 256, 2048, 256, 2048, 256, 2048,
        256, 2048, 256, 2048, 256, 2048, 256, 2048, 256, 2048, 256, 2048,
        256, 2048, 256, 2048, 256, 2048, 256, 2048, 256, 2048, 256, 2048,
        256, 2048, 256, 2048, 256, 2048, 256, 2048, 256, 2048, 256, 2048,
        256, 2048, 256, 2048, 256, 2048, 256, 2048, 256, 2048, 256, 2048,
        256, 2048, 256, 2048, 256, 2048, 256, 2048, 256, 2048, 256, 2048,
        256, 2048, 256, 2048, 256, 2048, 256, 2048, 256, 2048, 256, 2048,
        256, 2048, 256, 2048, 256, 2048, 256, 2048, 256, 2048, 256, 2048,
        256, 2048, 256, 2048, 256, 2048, 256, 2048, 256, 2048, 256, 2048,
        256, 2048, 256, 2048, 256, 2048, 256, 2048, 256, 2048, 256, 2048,
        256, 2048, 256, 2048, 256, 2048, 256, 2048, 256, 2048, 256, 2048,
        256, 2048, 256, 2048, 256, 2048, 256, 2048, 256, 2048, 256, 2048,
        256, 2048, 256, 2048, 256, 2048, 256, 2048, 256, 2048, 256, 2048,
        256, 2048, 256, 2048, 256, 2048, 256, 2048, 256, 2048, 256, 2048,
        256, 2048, 256, 2048, 256, 2048, 256, 2048, 256, 2048, 256, 2048,
        256, 2048, 256, 2048, 256, 2048, 256, 2048, 256, 2048, 256, 2048,
        256, 2048, 256, 2048, 256, 2048, 256, 2048, 256, 2048, 256, 2048,
        256, 2048, 256, 2048, 256, 2048, 256, 2048, 256, 2048, 256, 2048,
        256, 2048, 256, 2048, 256, 2048, 256, 2048, 256, 2048, 256, 2048,
        256, 2048, 256, 2048, 256, 2048, 256, 2048, 256, 2048, 256, 2048,
        256, 2048, 256, 2048, 256, 2048, 256, 2048, 256, 2048, 256, 2048,
        256, 2048, 256, 2048, 256, 2048, 256, 2048, 256, 2048, 256, 2048,
        256, 2048, 256, 2048, 256, 2048, 256, 2048, 256, 2048, 256, 2048,
        256, 2048, 256, 2048, 256, 2048, 256, 2048, 256, 2048, 256, 2048,
        256, 2048, 256, 2048, 256, 2048, 256, 2048, 256, 2048, 256, 2048,
        256, 2048, 256, 2048, 256, 2048, 256, 2048, 256, 2048, 256, 2048,
        256, 2048, 256, 2048, 256, 2048, 256, 2048, 256, 2048, 256, 2048,
        256, 2048, 256, 2048, 256, 2048, 256, 2048, 256, 2048, 256, 2048,
        256, 2048, 256, 2048, 256, 2048, 256, 2048, 256, 2048, 256, 2048,
        256, 2048, 256, 2048, 256, 2048, 256, 2048, 256, 2048, 256, 2048,
        256, 2048, 256, 2048, 256, 2048, 256, 2048, 256, 2048, 256, 2048,
        256, 2048, 256, 2048, 256, 2048, 256, 2048, 256, 2048, 256, 2048,
        256, 2048, 256, 2048, 256, 2048, 256, 2048, 256, 2048, 256, 2048,
        256, 2048, 256, 2048, 256, 2048, 256, 2048, 256, 2048, 256, 2048,
        256, 2048, 256, 2048, 256, 2048, 256, 2048, 256, 2048, 256, 2048,
        256, 2048, 256, 2048, 256, 2048, 256, 2048, 256, 2048, 256, 2048,
        256, 2048, 256, 2048, 256, 2048, 256, 2048, 256, 2048, 256, 2048,
        256, 2048, 256, 2048, 256, 2048, 256, 2048, 256, 2048, 256, 2048,
        256, 2048, 256, 2048, 256, 2048, 256, 2048, 256, 2048, 256, 2048,
        256, 2048, 256, 2048, 256, 2048, 256, 2048, 256, 2048, 256, 2048,
        256, 2048, 256, 2048, 256, 2048, 256, 2048, 256, 2048, 256, 2048,
        256, 2048, 256, 2048, 256, 2048, 256, 2048, 256, 2048, 256, 2048,
        256, 2048, 256, 2048, 256, 2048, 256, 2048, 256, 2048, 256, 2048,
        256, 2048, 256, 2048, 256, 2048, 256, 2048, 256, 2048, 256, 2048,
        256, 2048, 256, 2048, 256, 2048, 256, 2048, 256, 2048, 256, 2048,
        256, 2048, 256, 2048, 256, 2048, 256, 2048, 256, 2048, 256, 2048,
        256, 2048, 256, 2048, 256, 2048, 256, 2048, 256, 2048, 256, 2048,
        256, 2048, 256, 2048, 256, 2048, 256, 2048, 256, 2048, 256, 2048,
        256, 2048, 256, 2048, 256, 2048, 256, 2048, 256, 2048, 256, 2048,
        256, 2048, 256, 2048, 256, 2048, 256, 2048, 256, 2048, 256, 2048,
        256, 2048, 256, 2048, 256, 2048, 256, 2048, 256, 2048, 256, 2048,
        256, 2048, 256, 2048, 256, 2048, 256, 2048, 256, 2048, 256, 2048,
        256, 2048, 256, 2048, 256, 2048, 256, 2048, 256, 2048, 256, 2048,
        256, 2048, 256, 2048, 256, 2048, 256, 2048, 256, 2048, 256, 2048,
        256, 2048, 256, 2048, 256, 2048, 256, 2048, 256, 2048, 256, 2048,
        256, 2048, 256, 2048, 256, 512, 1, 528, 1, 512, 528, 512,
        528, 576, 512, 576, 1, 64, 256, 80, 64, 256, 16, 64,
        8, 320, 64, 512, 528, 1, 80, 144, 128, 16, 192, 64,
        8, 64, 128, 16, 256, 2048, 128, 256, 64, 256, 64, 2048,
        64, 128, 64, 256, 128, 64, 256, 64, 128, 64, 256, 64,
        256, 1, 8, 64, 8, 128, 64, 512, 528, 512, 1, 16,
        1, 32, 48, 1, 512, 1, 528, 512, 1, 64, 80, 64,
        336, 320, 64, 512, 16, 528, 32, 1, 48, 64, 1, 512,
        528, 1, 768, 512, 1, 528, 64, 256, 1, 512, 1, 512,
        1, 512, 1, 528, 256, 16, 256, 2048, 256, 512, 1, 512,
        528, 512, 528, 512, 1, 256, 1, 256, 1, 256, 1, 256,
        1, 256, 1, 64, 16, 8, 256, 64, 256, 128, 8, 16,
        1, 512, 528, 512, 1, 512, 1, 2048, 1, 64, 1, 64,
        1, 8, 256, 8, 256, 8, 256, 8, 256, 8, 256, 8,
        256, 8, 256, 8, 1, 8, 1, 8, 1, 8, 1, 8,
        384, 8, 1, 8, 1, 8, 1, 8, 1, 8, 1, 8,
        144, 8, 144, 8, 144, 8, 144, 1, 8, 144, 4, 8,
        1, 128, 384, 8, 144, 8, 1, 8, 1, 8, 1, 8,
        128, 8, 1, 8, 1, 4, 1, 8, 4, 8, 1, 8,
        1, 8, 1, 8, 1, 8, 1, 8, 1, 8, 1, 16,
        1, 32, 1, 32, 1, 32, 1, 32, 1, 32, 1, 32,
        1, 32, 1, 48, 1, 48, 1, 48, 64, 16, 1, 16,
        1, 16, 1, 80, 64, 1, 32, 1, 32, 1, 64, 80,
        1, 32, 48, 1, 32, 1, 32, 1, 32, 1, 48, 32,
        1, 32, 48, 32, 1, 32, 1, 32, 1, 512, 1, 512,
        1, 32, 1, 32, 1, 48, 32, 1, 32, 1, 32, 1,
        32, 1, 32, 1, 32, 1, 32, 1, 32, 1, 32, 1,
        32, 1, 32, 1, 32, 1, 256, 8, 1, 8, 1, 8,
        1, 32, 1, 32, 1, 32, 1, 32, 1, 32, 1, 32,
        1, 48, 32, 48, 32, 1, 48, 1, 32, 1, 32, 1,
        48, 32, 48, 1, 48, 32, 1, 48, 32, 1, 32, 1,
        48, 32, 48, 1, 48, 32, 1, 32, 1, 32, 1, 32,
        1, 32, 1, 32, 1, 32, 48, 1, 48, 1, 32, 48,
        32, 48, 1, 32, 48, 32, 1, 48, 1, 32, 1, 48,
        32, 1, 48, 32, 1, 48, 32, 1, 48, 1, 48, 1,
        32, 1, 32, 1, 32, 1, 48, 512, 1, 512, 1, 32,
        1, 32, 48, 32, 1, 48, 1, 16, 1, 32, 1, 32,
        48, 1, 32, 1, 256, 128, 256, 1, 16, 1, 256, 128,
        256, 32, 48, 32, 1, 32, 48, 1, 32, 48, 1, 32,
        48, 1, 32, 1, 32, 48, 1, 48, 32, 1, 32, 48,
        32, 1, 48, 1, 32, 1, 32, 1, 512, 1, 512, 528,
        512, 1, 32, 48, 32, 1, 32, 48, 32, 48, 32, 48,
        32, 48, 1, 16, 1, 32, 1, 32, 48, 32, 1, 32,
        1, 32, 1, 32, 1, 32, 1, 32, 48, 1, 32, 1,
        32, 1, 32, 2048, 32, 2048, 1, 32, 1, 32, 1, 32,
        1, 32, 1, 32, 1, 32, 1, 256, 2048, 32, 1, 32,
        1, 32, 1, 32, 1, 32, 1, 32, 1, 32, 1, 32,
        1, 32, 1, 32, 1, 32, 1, 32, 1, 32, 1, 32,
        1, 32, 1, 32, 1, 32, 48, 1, 48, 1, 32, 1,
        512, 528, 512, 528, 1, 528, 512, 1, 32, 48, 32, 1,
        32, 1, 32, 1, 32, 48, 32, 1, 32, 48, 32, 1,
        32, 1, 48, 1, 32, 48, 1, 32, 1, 256, 1, 32,
        1, 32, 1, 32, 48, 32, 1, 32, 48, 1, 32, 48,
        1, 32, 1, 32, 1, 32, 1, 32, 1, 32, 1, 32,
        1, 32, 48, 1, 32, 1, 32, 1, 32, 1, 32, 48,
        32, 1, 32, 48, 32, 1, 32, 48, 32, 48, 1, 512,
        32, 1, 16, 1, 32, 1, 32, 48, 1, 32, 1, 32,
        1, 32, 1, 32, 48, 1, 32, 48, 1, 48, 32, 1,
        32, 1, 32, 1, 32, 1, 32, 1, 32, 1, 32, 1,
        32, 1, 32, 1, 32, 1, 32, 1, 32, 1, 32, 1,
        32, 1, 32, 1, 32, 1, 32, 1, 32, 1, 32, 48,
        1, 32, 1, 32, 1, 32, 48, 32, 1, 512, 1, 16,
        1, 16, 32, 1, 32, 1, 48, 1, 32, 1, 32, 48,
        1, 32, 48, 32, 1, 32, 1, 32, 1, 32, 1, 512,
        1, 288, 1, 288, 1, 48, 32, 1, 32, 1, 32, 1,
        32, 48, 1, 32, 48, 32, 48, 1, 32, 1, 48, 1,
        32, 1, 32, 1, 32, 48, 32, 1, 32, 48, 1, 32,
        1, 32, 1, 512, 1, 512, 1, 512, 1, 32, 16, 64,
        32, 1, 64, 128, 1, 32, 1, 32, 1, 32, 1, 256,
        1, 256, 1, 256, 1, 64, 1, 64, 1, 64, 1, 64,
        1, 64, 1, 32, 1, 32, 1, 32, 1, 32, 1, 32,
        1, 48, 32, 48, 4, 1, 16, 8, 16, 1, 16, 1,
        16, 1, 16, 1, 128, 1, 128, 1, 144, 1, 144, 1,
        144, 1, 144, 8, 128, 144, 128, 4, 128, 144, 128, 144,
        128, 144, 8, 144, 400, 144, 1, 80, 192, 80, 1, 16,
        1, 16, 1, 144, 1, 16, 1, 8, 1, 8, 1, 8,
        1, 8, 1, 8, 1, 8, 1, 8, 1, 8, 1, 8,
        1, 8, 1, 8, 1, 8, 1, 8, 1, 8, 1, 8,
        1, 8, 1, 8, 1, 8, 1, 8, 1, 8, 1, 8,
        48, 32, 48, 32, 48, 32, 48, 32, 48, 1, 32, 1,
        32, 1, 128, 1, 128, 1, 32, 1, 32, 1, 32, 1,
        32, 1, 32, 1, 8, 1, 64, 1, 512, 1, 512, 1,
        512, 1, 512, 528, 1, 32, 1, 512, 1, 528, 1, 32,
        1, 32, 1, 48, 1, 32, 1, 32, 1, 32, 1, 2048,
        1, 2048, 1, 2048, 1, 2048, 1, 32, 1, 48, 32, 1,
        512, 1, 512, 1, 528, 1, 16, 1, 16, 1, 8, 1,
        8, 1, 8, 1, 8, 1, 8, 1, 8, 1, 8, 1,
        8, 1, 8, 1, 8, 1, 8, 1, 8, 1, 8, 1,
        8, 1, 8, 1, 8, 1, 8, 1, 8, 1, 8, 1,
        8, 1, 8, 1, 8, 1, 8, 1, 8, 1, 8, 1,
        8, 1, 8, 1, 8, 1, 8, 1, 8, 1, 8, 1,
        8, 1, 8, 1, 16, 1, 16, 1, 16, 1, 16, 1,
        16, 1, 16, 1, 16, 1, 8, 16, 8, 16, 8, 16,
        8, 16, 8, 16, 1, 16, 8, 1, 8, 1, 8, 1,
        8, 1, 16, 1, 16, 272, 16, 1, 16, 1, 16, 1,
        16, 1, 16, 1, 16, 1, 16, 1, 16, 1, 16, 1,
        16, 1, 16, 1, 16, 1, 16, 1, 16, 1, 16, 1,
        16, 1, 16, 1, 16, 1, 16, 1, 16, 1, 16, 1,
        16, 1, 16, 1, 16, 1, 16, 8, 16, 1, 256, 2048,
        256, 2048, 256, 2048, 256, 2048, 256, 2048, 256, 2048, 256, 2048,
        256, 2048, 256, 2048, 256, 2048, 256, 2048, 256, 2048, 256, 2048,
        256, 2048, 256, 2048, 256, 2048, 256, 2048, 256, 2048, 256, 2048,
        256, 2048, 256, 2048, 256, 2048, 256, 2048, 256, 2048, 256, 2048,
        256, 2048, 256, 2048, 256, 2048, 256, 2048, 256, 2048, 256, 2048,
        256, 2048, 256, 2048, 256, 2048, 256, 2048, 256, 2048, 256, 2048,
        256, 2048, 256, 2048, 256, 2048, 256, 2048, 256, 2048, 256, 2048,
        256, 2048, 256, 2048, 256, 2048, 256, 2048, 256, 2048, 256, 2048,
        256, 2048, 256, 2048, 256, 2048, 256, 2048, 256, 2048, 256, 2048,
        256, 2048, 256, 2048, 256, 2048, 256, 1, 256, 1, 256, 1,
        256, 1, 256, 1, 8, 1, 256, 1, 256, 1, 2, 1,
        4, 1, 4, 1,
    ];

    internal static readonly int[] AllowedStarts =
    [
        0x27, 0x2D, 0x30, 0x41, 0x5F, 0x61, 0xB7, 0xC0, 0xD8, 0xF8, 0x116, 0x12E,
        0x134, 0x139, 0x141, 0x14A, 0x150, 0x158, 0x164, 0x181, 0x186, 0x189, 0x18E, 0x194,
        0x196, 0x19D, 0x1A0, 0x1AF, 0x1B2, 0x1B7, 0x1CD, 0x1DD, 0x1E6, 0x1EE, 0x1F8, 0x218,
        0x244, 0x24C, 0x253, 0x256, 0x259, 0x25B, 0x263, 0x268, 0x272, 0x289, 0x28B, 0x292,
        0x2BB, 0x300, 0x306, 0x31B, 0x323, 0x326, 0x331, 0x386, 0x388, 0x38C, 0x38E, 0x3A3,
        0x401, 0x40E, 0x451, 0x45E, 0x490, 0x49E, 0x4A8, 0x4BA, 0x4CF, 0x4D0, 0x4DC, 0x4EE,
        0x4F8, 0x524, 0x531, 0x561, 0x58A, 0x5D0, 0x5F3, 0x620, 0x621, 0x63D, 0x641, 0x654,
        0x660, 0x670, 0x672, 0x674, 0x679, 0x691, 0x69F, 0x6A2, 0x6A4, 0x6AD, 0x6B3, 0x6B5,
        0x6BA, 0x6C0, 0x6CF, 0x6D0, 0x6D5, 0x6EE, 0x6F0, 0x6FD, 0x6FF, 0x751, 0x756, 0x760,
        0x762, 0x766, 0x76A, 0x76E, 0x780, 0x7B1, 0x88F, 0x8A0, 0x8A2, 0x8BB, 0x8BE, 0x8C7,
        0x901, 0x905, 0x90D, 0x92A, 0x935, 0x93A, 0x93C, 0x93E, 0x945, 0x94F, 0x956, 0x966,
        0x972, 0x973, 0x97B, 0x97E, 0x981, 0x985, 0x98F, 0x993, 0x9AA, 0x9B2, 0x9B6, 0x9BC,
        0x9BE, 0x9C7, 0x9CB, 0x9CE, 0x9E6, 0xA02, 0xA05, 0xA0F, 0xA13, 0xA2A, 0xA32, 0xA35,
        0xA38, 0xA3C, 0xA3E, 0xA47, 0xA4B, 0xA5C, 0xA70, 0xA82, 0xA85, 0xA8C, 0xA8D, 0xA8F,
        0xA93, 0xAAA, 0xAB2, 0xAB5, 0xABC, 0xABE, 0xAC7, 0xACB, 0xAE6, 0xB01, 0xB05, 0xB0F,
        0xB13, 0xB2A, 0xB32, 0xB36, 0xB3C, 0xB3E, 0xB47, 0xB4B, 0xB56, 0xB5F, 0xB71, 0xB83,
        0xB85, 0xB8E, 0xB92, 0xB99, 0xB9C, 0xB9E, 0xBA3, 0xBA8, 0xBAE, 0xBB6, 0xBB7, 0xBBE,
        0xBC6, 0xBCA, 0xC02, 0xC05, 0xC0E, 0xC12, 0xC2A, 0xC32, 0xC35, 0xC3E, 0xC46, 0xC4A,
        0xC82, 0xC85, 0xC8E, 0xC92, 0xCAA, 0xCB2, 0xCB5, 0xCBE, 0xCC6, 0xCCA, 0xCE6, 0xD02,
        0xD05, 0xD0E, 0xD12, 0xD2A, 0xD3E, 0xD46, 0xD4A, 0xD4D, 0xD57, 0xD7A, 0xD82, 0xD85,
        0xD91, 0xD9A, 0xD9F, 0xDB3, 0xDBD, 0xDC0, 0xDCA, 0xDCF, 0xDD6, 0xDD8, 0xDF2, 0xE01,
        0xE34, 0xE40, 0xE50, 0xE81, 0xE84, 0xE87, 0xE8A, 0xE8D, 0xE94, 0xE99, 0xEA1, 0xEA5,
        0xEA7, 0xEAA, 0xEAD, 0xEB0, 0xEB4, 0xEBB, 0xEC0, 0xEC6, 0xEC8, 0xED0, 0xF0B, 0xF20,
        0xF40, 0xF44, 0xF49, 0xF4E, 0xF53, 0xF58, 0xF5D, 0xF71, 0xF74, 0xF7A, 0xF84, 0xF90,
        0xF94, 0xF96, 0xF97, 0xF99, 0xF9E, 0xFA3, 0xFA8, 0xFAD, 0xFB1, 0xFB8, 0xFBA, 0x1000,
        0x1022, 0x1023, 0x1028, 0x1029, 0x102B, 0x102C, 0x1033, 0x1036, 0x103A, 0x1040, 0x105A, 0x1075,
        0x108F, 0x10C7, 0x10CD, 0x10D0, 0x1200, 0x1208, 0x1247, 0x1248, 0x124A, 0x1250, 0x1258, 0x125A,
        0x1260, 0x1288, 0x128A, 0x1290, 0x12B0, 0x12B2, 0x12B8, 0x12C0, 0x12C2, 0x12C8, 0x12CF, 0x12D0,
        0x12D8, 0x12EF, 0x12F0, 0x1300, 0x1310, 0x1312, 0x1318, 0x1320, 0x1348, 0x1780, 0x179F, 0x17A5,
        0x17AA, 0x17B6, 0x17D0, 0x17D2, 0x17E0, 0x1C90, 0x1CBD, 0x1E0C, 0x1E12, 0x1E20, 0x1E24, 0x1E36,
        0x1E3C, 0x1E42, 0x1E5A, 0x1E62, 0x1E6C, 0x1E70, 0x1E8C, 0x1E92, 0x1E9E, 0x1EA0, 0x1FA0, 0x1FB2,
        0x1FEC, 0x2010, 0x2019, 0x2027, 0x3005, 0x3041, 0x3095, 0x309D, 0x30A0, 0x30A1, 0x3447, 0x3473,
        0x34E4, 0x3577, 0x359E, 0x35A1, 0x35AD, 0x35BF, 0x35CE, 0x35F3, 0x35FE, 0x360E, 0x361A, 0x3918,
        0x3960, 0x396E, 0x39CF, 0x39DB, 0x39DF, 0x39F8, 0x39FE, 0x3A18, 0x3A52, 0x3A5C, 0x3A67, 0x3A73,
        0x3B39, 0x3B4E, 0x3BA3, 0x3C6E, 0x3CE0, 0x3DE7, 0x3DEB, 0x3E74, 0x3ED0, 0x4056, 0x4065, 0x406A,
        0x40BB, 0x40DF, 0x4137, 0x415F, 0x4337, 0x43AC, 0x43B1, 0x43D3, 0x43DD, 0x4443, 0x44D6, 0x44EA,
        0x4606, 0x464C, 0x4661, 0x4723, 0x4729, 0x477C, 0x478D, 0x47F4, 0x4882, 0x4947, 0x497A, 0x497D,
        0x4982, 0x4985, 0x499B, 0x499F, 0x49B6, 0x4A12, 0x4AB8, 0x4C77, 0x4C7D, 0x4C81, 0x4C85, 0x4C9D,
        0x4D13, 0x4DAE, 0x4E00, 0x4E13, 0x4E2A, 0x4E69, 0x4E7A, 0x4E97, 0x4EA4, 0x4EBD, 0x4ECD, 0x4EE8,
        0x4EFB, 0x4EFD, 0x4EFF, 0x4F08, 0x4F17, 0x4F29, 0x4F32, 0x4F36, 0x4F38, 0x4F41, 0x4F45, 0x4F72,
        0x4F8D, 0x4F8F, 0x4FA3, 0x4FBE, 0x4FC7, 0x4FC9, 0x4FCD, 0x4FE3, 0x4FFE, 0x5011, 0x5035, 0x5039,
        0x503E, 0x5043, 0x5053, 0x5059, 0x507D, 0x5082, 0x5094, 0x5098, 0x50A2, 0x50BA, 0x50C4, 0x50D9,
        0x50E0, 0x50E3, 0x50EC, 0x50F5, 0x50F8, 0x511C, 0x5129, 0x512C, 0x5143, 0x514B, 0x5150, 0x5154,
        0x5159, 0x5161, 0x5165, 0x5173, 0x517F, 0x5185, 0x518F, 0x51A2, 0x51A4, 0x51AE, 0x51B9, 0x51BB,
        0x51C3, 0x51D4, 0x51E0, 0x51ED, 0x51EF, 0x51F3, 0x5254, 0x5267, 0x527A, 0x5286, 0x528F, 0x52C5,
        0x52C9, 0x52CD, 0x52CF, 0x52D2, 0x52D5, 0x52E2, 0x52E6, 0x52EF, 0x5305, 0x5319, 0x531C, 0x531F,
        0x5328, 0x532A, 0x5333, 0x5337, 0x5343, 0x535C, 0x535E, 0x536B, 0x536E, 0x5381, 0x53A2, 0x53AC,
        0x53B0, 0x53BB, 0x53C6, 0x53D0, 0x53DF, 0x53E8, 0x5401, 0x541B, 0x5423, 0x544D, 0x545E, 0x546A,
        0x548B, 0x54B6, 0x54F7, 0x5516, 0x551A, 0x5548, 0x5561, 0x557B, 0x55E1, 0x55F9, 0x560C, 0x5621,
        0x562C, 0x5638, 0x563D, 0x5645, 0x564C, 0x5652, 0x5657, 0x5660, 0x5662, 0x5676, 0x567E, 0x5689,
        0x568C, 0x5697, 0x569F, 0x56BB, 0x56D0, 0x56DA, 0x56E7, 0x56F7, 0x56F9, 0x56FD, 0x5706, 0x5712,
        0x5718, 0x5722, 0x5725, 0x573E, 0x5744, 0x5749, 0x5757, 0x5759, 0x5764, 0x5779, 0x5782, 0x5788,
        0x5797, 0x57A9, 0x57CB, 0x57D2, 0x57DC, 0x5819, 0x5851, 0x5857, 0x5861, 0x5868, 0x5878, 0x5896,
        0x58AB, 0x58B7, 0x58C1, 0x58C5, 0x58CE, 0x58D1, 0x58E2, 0x58E7, 0x58F6, 0x5902, 0x5906, 0x5909,
        0x5912, 0x5914, 0x5924, 0x5934, 0x5937, 0x595A, 0x595C, 0x59B8, 0x59E8, 0x5A25, 0x5A27, 0x5A2D,
        0x5A31, 0x5A55, 0x5A5A, 0x5A70, 0x5A72, 0x5A88, 0x5A8E, 0x5AAC, 0x5AD4, 0x5AF1, 0x5B0B, 0x5B0E,
        0x5B3A, 0x5B47, 0x5B50, 0x5B53, 0x5B62, 0x5B70, 0x5B7A, 0x5B7F, 0x5B87, 0x5B91, 0x5BAA, 0x5BB3,
        0x5BB8, 0x5BBD, 0x5BC9, 0x5BDB, 0x5C01, 0x5C1C, 0x5C24, 0x5C27, 0x5C2A, 0x5C37, 0x5C5B, 0x5C86,
        0x5CB5, 0x5CBA, 0x5CD6, 0x5CDE, 0x5CF6, 0x5D2C, 0x5D30, 0x5D3C, 0x5D54, 0x5D58, 0x5D61, 0x5D84,
        0x5D97, 0x5DA5, 0x5DAC, 0x5DB4, 0x5DBA, 0x5DC5, 0x5DD8, 0x5DDB, 0x5DDD, 0x5DF7, 0x5E13, 0x5E49,
        0x5E52, 0x5E93, 0x5EBB, 0x5EC1, 0x5EEC, 0x5EFA, 0x5F0F, 0x5F3C, 0x5F3E, 0x5F90, 0x5F9B, 0x5FA5,
        0x5FB1, 0x5FC3, 0x5FCF, 0x5FDC, 0x5FE3, 0x5FED, 0x5FFD, 0x6024, 0x6057, 0x6062, 0x6072, 0x6075,
        0x6092, 0x6094, 0x60A6, 0x60D3, 0x60D7, 0x60DF, 0x60E6, 0x60FE, 0x6103, 0x6108, 0x6112, 0x611F,
        0x6132, 0x6134, 0x6136, 0x613A, 0x6161, 0x617C, 0x6180, 0x6187, 0x6198, 0x619D, 0x61BA, 0x61BC,
        0x61D4, 0x61D6, 0x61ED, 0x61F0, 0x6206, 0x6236, 0x623A, 0x6258, 0x628E, 0x629E, 0x62DF, 0x62EB,
        0x630B, 0x6318, 0x6332, 0x6338, 0x635C, 0x638C, 0x6394, 0x63D2, 0x643D, 0x644A, 0x645B, 0x647F,
        0x6487, 0x64A2, 0x64B0, 0x64B7, 0x64C9, 0x64D6, 0x64EF, 0x64F6, 0x64FA, 0x6503, 0x650B, 0x6520,
        0x6529, 0x6541, 0x6543, 0x655B, 0x6560, 0x657E, 0x658B, 0x659B, 0x65B6, 0x65BF, 0x65CA, 0x65D2,
        0x65D9, 0x65DD, 0x65E5, 0x65EB, 0x65FA, 0x65FF, 0x6618, 0x662D, 0x6639, 0x6649, 0x664E, 0x6661,
        0x6664, 0x6693, 0x669D, 0x669F, 0x66AE, 0x66D1, 0x66D4, 0x66D8, 0x66E0, 0x66F0, 0x6703, 0x6708,
        0x671A, 0x6725, 0x672A, 0x6768, 0x6789, 0x6797, 0x67BE, 0x67C0, 0x67D6, 0x67D8, 0x67FA, 0x6802,
        0x6816, 0x6828, 0x6831, 0x6859, 0x685B, 0x685F, 0x687B, 0x6896, 0x689A, 0x68A6, 0x68B9, 0x68C4,
        0x68DA, 0x68E3, 0x68E6, 0x690A, 0x693F, 0x694E, 0x69A0, 0x69A3, 0x69C1, 0x69D3, 0x69D8, 0x6A04,
        0x6A1D, 0x6A25, 0x6A38, 0x6A4B, 0x6A5D, 0x6A6F, 0x6A71, 0x6A87, 0x6A8B, 0x6A90, 0x6A9A, 0x6A9E,
        0x6AB2, 0x6ABF, 0x6AC1, 0x6AC5, 0x6ACA, 0x6AD9, 0x6AEA, 0x6B0F, 0x6B1C, 0x6B2F, 0x6B36, 0x6B41,
        0x6B59, 0x6B5E, 0x6B69, 0x6B6D, 0x6B6F, 0x6B72, 0x6B76, 0x6B7E, 0x6BB9, 0x6BEA, 0x6BF2, 0x6BF5,
        0x6BFB, 0x6C0B, 0x6C1D, 0x6C2E, 0x6C3D, 0x6C46, 0x6C6D, 0x6C6F, 0x6CA1, 0x6CD9, 0x6CF5, 0x6D03,
        0x6D1D, 0x6D25, 0x6D72, 0x6D82, 0x6D97, 0x6DB2, 0x6DB7, 0x6E00, 0x6E03, 0x6E07, 0x6E13, 0x6E19,
        0x6E2B, 0x6E4D, 0x6E6D, 0x6E7E, 0x6E8C, 0x6E96, 0x6EDC, 0x6EE4, 0x6F05, 0x6F0C, 0x6F43, 0x6F49,
        0x6F4B, 0x6F7A, 0x6F99, 0x6F9B, 0x6FA0, 0x6FB8, 0x6FC6, 0x6FD1, 0x6FD4, 0x6FF6, 0x6FFE, 0x7011,
        0x7014, 0x7048, 0x704C, 0x704F, 0x7074, 0x707C, 0x7082, 0x708E, 0x7098, 0x709C, 0x70AB, 0x70B3,
        0x70B7, 0x70D6, 0x70FF, 0x7109, 0x7125, 0x7135, 0x7158, 0x716C, 0x716E, 0x718E, 0x7197, 0x71A7,
        0x71AC, 0x71B7, 0x71CD, 0x71D4, 0x71F4, 0x71FB, 0x720C, 0x7212, 0x7216, 0x7218, 0x7221, 0x7226,
        0x7230, 0x7235, 0x7246, 0x724F, 0x7251, 0x7256, 0x72AC, 0x72BF, 0x7303, 0x7311, 0x7329, 0x7354,
        0x739D, 0x73C2, 0x73F4, 0x73FC, 0x7419, 0x743A, 0x743F, 0x7448, 0x744A, 0x7459, 0x747C, 0x7485,
        0x7497, 0x749E, 0x74C8, 0x74CA, 0x74CD, 0x74EC, 0x7521, 0x7542, 0x7553, 0x7556, 0x755F, 0x7562,
        0x7572, 0x757C, 0x7586, 0x75AA, 0x75B8, 0x75DD, 0x75EF, 0x762D, 0x7646, 0x7652, 0x7656, 0x7674,
        0x768E, 0x76A3, 0x76A6, 0x76A9, 0x76B4, 0x76B7, 0x76C2, 0x76CC, 0x76DA, 0x76EC, 0x7701, 0x7703,
        0x770F, 0x7722, 0x772C, 0x7740, 0x7743, 0x7765, 0x7797, 0x77A5, 0x77BF, 0x77C2, 0x77D3, 0x77DE,
        0x77E5, 0x77E7, 0x77F6, 0x7825, 0x7837, 0x7843, 0x7847, 0x784C, 0x7877, 0x7889, 0x78C3, 0x78C8,
        0x78D3, 0x78F1, 0x78F9, 0x7901, 0x7909, 0x790E, 0x7916, 0x7921, 0x7933, 0x7937, 0x795A, 0x796D,
        0x796F, 0x7977, 0x7988, 0x799F, 0x79AA, 0x79BD, 0x79C5, 0x79C8, 0x79CD, 0x79D5, 0x79D8, 0x7A02,
        0x7A08, 0x7A0A, 0x7A2D, 0x7A39, 0x7A3B, 0x7A65, 0x7A6B, 0x7A70, 0x7A83, 0x7A9C, 0x7ABA, 0x7ABE,
        0x7AC3, 0x7AC7, 0x7AEA, 0x7AF6, 0x7AFD, 0x7B08, 0x7B20, 0x7B28, 0x7B2A, 0x7B43, 0x7B54, 0x7BA4,
        0x7BA6, 0x7BB1, 0x7BB3, 0x7BFB, 0x7C1C, 0x7C30, 0x7C53, 0x7C56, 0x7C5E, 0x7C77, 0x7C88, 0x7C94,
        0x7C9B, 0x7CAD, 0x7CD4, 0x7CDC, 0x7CE2, 0x7CE4, 0x7CE7, 0x7CFD, 0x7D00, 0x7D24, 0x7D2B, 0x7D2E,
        0x7D49, 0x7D4E, 0x7D5B, 0x7D65, 0x7D79, 0x7D83, 0x7D96, 0x7D99, 0x7DA5, 0x7DA9, 0x7DCE, 0x7DD4,
        0x7DE6, 0x7DEC, 0x7E00, 0x7E19, 0x7E5C, 0x7E65, 0x7E9E, 0x7F3D, 0x7F42, 0x7F47, 0x7F5A, 0x7F85,
        0x7F91, 0x7F98, 0x7F9A, 0x7FB5, 0x7FD7, 0x7FDE, 0x7FE5, 0x800B, 0x8030, 0x803D, 0x8041, 0x8067,
        0x8089, 0x808F, 0x8095, 0x80A9, 0x80B4, 0x80BA, 0x80E0, 0x8105, 0x8136, 0x8185, 0x8191, 0x8197,
        0x81CC, 0x81E5, 0x81F1, 0x8214, 0x8225, 0x8242, 0x8266, 0x828D, 0x82B3, 0x82E3, 0x82FD, 0x830B,
        0x8311, 0x8331, 0x8356, 0x83BF, 0x83E7, 0x83EE, 0x8415, 0x8418, 0x8420, 0x8459, 0x8484, 0x8496,
        0x84B8, 0x84C4, 0x84EE, 0x8506, 0x8511, 0x8534, 0x854D, 0x8551, 0x8580, 0x8594, 0x85B3, 0x85BC,
        0x85CD, 0x85EF, 0x85F4, 0x85FD, 0x8604, 0x860F, 0x8611, 0x8616, 0x861E, 0x8638, 0x8658, 0x8676,
        0x868A, 0x8693, 0x86A1, 0x86A7, 0x86D6, 0x86E1, 0x86E8, 0x86FE, 0x871E, 0x8730, 0x873E, 0x8746,
        0x8772, 0x878F, 0x879A, 0x87DB, 0x87F1, 0x8808, 0x8813, 0x882E, 0x883B, 0x8848, 0x8859, 0x885D,
        0x8860, 0x887B, 0x88E7, 0x88EA, 0x88EE, 0x8904, 0x8910, 0x8925, 0x8966, 0x8976, 0x897E, 0x898E,
        0x8991, 0x8995, 0x899A, 0x89B1, 0x89B5, 0x89BD, 0x89EF, 0x89F6, 0x89FA, 0x89FE, 0x8A07, 0x8A15,
        0x8A1A, 0x8A22, 0x8A2C, 0x8A3E, 0x8A4C, 0x8A65, 0x8A79, 0x8A7E, 0x8A89, 0x8AA0, 0x8AB0, 0x8AB8,
        0x8AD1, 0x8AED, 0x8B2A, 0x8B33, 0x8B39, 0x8B40, 0x8B63, 0x8B6A, 0x8B76, 0x8B7D, 0x8B82, 0x8B88,
        0x8B8E, 0x8B90, 0x8B9C, 0x8C39, 0x8C41, 0x8C45, 0x8C54, 0x8C59, 0x8C75, 0x8C80, 0x8C84, 0x8C88,
        0x8C8C, 0x8C9C, 0x8CA7, 0x8CCC, 0x8CD7, 0x8CD9, 0x8CEA, 0x8CF8, 0x8D02, 0x8D13, 0x8D7D, 0x8DA7,
        0x8DC1, 0x8DE6, 0x8E02, 0x8E0C, 0x8E33, 0x8E47, 0x8E50, 0x8E6F, 0x8E76, 0x8E78, 0x8E7A, 0x8E9C,
        0x8EA3, 0x8EB4, 0x8EB8, 0x8EC2, 0x8EC5, 0x8EDA, 0x8EF1, 0x8F10, 0x8F2E, 0x8F3B, 0x8F42, 0x8F9E,
        0x8FA5, 0x8FB4, 0x8FC4, 0x8FCB, 0x8FE8, 0x902B, 0x902D, 0x9038, 0x9041, 0x9047, 0x90AC, 0x90CE,
        0x90D3, 0x90F7, 0x910B, 0x913E, 0x915A, 0x917C, 0x9196, 0x9199, 0x91AA, 0x91C0, 0x91C5, 0x91E1,
        0x91F0, 0x9214, 0x9220, 0x9223, 0x9244, 0x926B, 0x9282, 0x9285, 0x929F, 0x92BE, 0x92D5, 0x92DC,
        0x92E3, 0x931D, 0x9332, 0x9363, 0x9369, 0x936C, 0x9370, 0x9374, 0x9379, 0x9380, 0x9382, 0x938C,
        0x939D, 0x93A1, 0x93AC, 0x93BC, 0x93E1, 0x93F4, 0x9403, 0x9418, 0x941D, 0x9420, 0x9425, 0x9444,
        0x944F, 0x946D, 0x947C, 0x957A, 0x957F, 0x9586, 0x9598, 0x95B5, 0x95B9, 0x95C2, 0x95DA, 0x95DE,
        0x9627, 0x962A, 0x963F, 0x9658, 0x967A, 0x967C, 0x9680, 0x9683, 0x968D, 0x9697, 0x969B, 0x969E,
        0x96A0, 0x96AC, 0x96B0, 0x96B6, 0x96E5, 0x96E8, 0x96FD, 0x9715, 0x9718, 0x971C, 0x9735, 0x9738,
        0x9742, 0x974E, 0x9758, 0x9764, 0x9776, 0x9788, 0x978A, 0x979C, 0x97AA, 0x97B2, 0x97B6, 0x97BF,
        0x97C1, 0x97D3, 0x97FD, 0x9820, 0x9826, 0x982B, 0x9834, 0x983B, 0x983F, 0x9843, 0x9848, 0x9857,
        0x9867, 0x9869, 0x98B8, 0x98CB, 0x98E5, 0x98ED, 0x98F2, 0x98F9, 0x98FC, 0x991A, 0x993C, 0x9945,
        0x995B, 0x995E, 0x99C0, 0x99E1, 0x99E7, 0x99EC, 0x99F6, 0x9A11, 0x9A19, 0x9A3C, 0x9A52, 0x9A59,
        0x9A5E, 0x9A64, 0x9AAA, 0x9ABE, 0x9AC9, 0x9AD8, 0x9AE1, 0x9AE5, 0x9AEA, 0x9AF1, 0x9B01, 0x9B03,
        0x9B0A, 0x9B15, 0x9B1C, 0x9B35, 0x9B3E, 0x9B41, 0x9B51, 0x9B58, 0x9B63, 0x9B73, 0x9B8A, 0x9B8D,
        0x9B9A, 0x9BC3, 0x9BF7, 0x9C02, 0x9C04, 0x9C43, 0x9C50, 0x9C52, 0x9C62, 0x9C65, 0x9C7C, 0x9D0E,
        0x9D12, 0x9D28, 0x9D36, 0x9D3D, 0x9D6E, 0x9D96, 0x9DAF, 0x9DBE, 0x9DC1, 0x9DEB, 0x9DFD, 0x9E0F,
        0x9E17, 0x9E1D, 0x9E7C, 0x9E91, 0x9E99, 0x9E9F, 0x9EA3, 0x9EAD, 0x9EB2, 0x9EED, 0x9EF2, 0x9F04,
        0x9F12, 0x9F15, 0x9F27, 0x9F46, 0x9F54, 0x9F6E, 0x9FA2, 0x9FA4, 0xA78D, 0xA7AA, 0xAA7B, 0xAC00,
        0x11301, 0x11303, 0x1133C, 0x1E7E0, 0x1E7E8, 0x1E7ED, 0x1E7F0, 0x2070E, 0x20731, 0x20779, 0x20C53, 0x20C78,
        0x20C96, 0x20CCF, 0x20CD5, 0x20D15, 0x20D7C, 0x20D7F, 0x20E0E, 0x20E77, 0x20E9D, 0x20EA2, 0x20ED7, 0x20EF9,
        0x20F2D, 0x20F4C, 0x20FB4, 0x20FBC, 0x20FEA, 0x2105C, 0x2106F, 0x21075, 0x2107B, 0x210C1, 0x210C9, 0x211D9,
        0x220C7, 0x227B5, 0x22AD5, 0x22B43, 0x22BCA, 0x22C51, 0x22C55, 0x22CC2, 0x22D08, 0x22D4C, 0x22D67, 0x22EB3,
        0x23CB7, 0x244D3, 0x24DB8, 0x24DEA, 0x2512B, 0x26258, 0x267CC, 0x269F2, 0x269FA, 0x27A3E, 0x2815D, 0x28207,
        0x282E2, 0x28CCA, 0x28CCD, 0x28CD2, 0x29D98,
    ];

    internal static readonly int[] AllowedEnds =
    [
        0x27, 0x2E, 0x3A, 0x5A, 0x5F, 0x7A, 0xB7, 0xD6, 0xF6, 0x113, 0x12B, 0x131,
        0x137, 0x13E, 0x148, 0x14D, 0x155, 0x161, 0x17E, 0x181, 0x186, 0x18A, 0x192, 0x194,
        0x199, 0x19D, 0x1A1, 0x1B0, 0x1B4, 0x1B7, 0x1D4, 0x1DD, 0x1E9, 0x1EF, 0x1F9, 0x21B,
        0x244, 0x24D, 0x254, 0x257, 0x259, 0x25B, 0x263, 0x269, 0x272, 0x289, 0x28B, 0x292,
        0x2BC, 0x304, 0x30C, 0x31B, 0x323, 0x328, 0x331, 0x386, 0x38A, 0x38C, 0x3A1, 0x3CE,
        0x40C, 0x44F, 0x45C, 0x45F, 0x49B, 0x4A5, 0x4B7, 0x4C0, 0x4CF, 0x4D9, 0x4E9, 0x4F5,
        0x4F9, 0x525, 0x556, 0x586, 0x58A, 0x5EA, 0x5F4, 0x620, 0x63A, 0x63D, 0x652, 0x655,
        0x669, 0x670, 0x672, 0x674, 0x68F, 0x69A, 0x6A0, 0x6A2, 0x6AB, 0x6B1, 0x6B3, 0x6B7,
        0x6BE, 0x6CE, 0x6CF, 0x6D3, 0x6D5, 0x6EF, 0x6F9, 0x6FE, 0x6FF, 0x752, 0x756, 0x760,
        0x763, 0x768, 0x76A, 0x771, 0x7B0, 0x7B1, 0x88F, 0x8A0, 0x8A9, 0x8BD, 0x8C2, 0x8C7,
        0x903, 0x90B, 0x928, 0x933, 0x939, 0x93B, 0x93C, 0x943, 0x94D, 0x94F, 0x957, 0x96F,
        0x972, 0x977, 0x97C, 0x97F, 0x983, 0x98B, 0x990, 0x9A8, 0x9B0, 0x9B2, 0x9B9, 0x9BC,
        0x9C4, 0x9C8, 0x9CD, 0x9CE, 0x9F1, 0xA02, 0xA0A, 0xA10, 0xA28, 0xA30, 0xA32, 0xA35,
        0xA39, 0xA3C, 0xA42, 0xA48, 0xA4D, 0xA5C, 0xA71, 0xA83, 0xA8B, 0xA8C, 0xA8D, 0xA91,
        0xAA8, 0xAB0, 0xAB3, 0xAB9, 0xABC, 0xAC5, 0xAC9, 0xACD, 0xAEF, 0xB03, 0xB0B, 0xB10,
        0xB28, 0xB30, 0xB33, 0xB39, 0xB3C, 0xB43, 0xB48, 0xB4D, 0xB56, 0xB5F, 0xB71, 0xB83,
        0xB8A, 0xB90, 0xB95, 0xB9A, 0xB9C, 0xB9F, 0xBA4, 0xBAA, 0xBB5, 0xBB6, 0xBB9, 0xBC2,
        0xBC8, 0xBCD, 0xC03, 0xC0B, 0xC10, 0xC28, 0xC30, 0xC33, 0xC39, 0xC44, 0xC48, 0xC4D,
        0xC83, 0xC8B, 0xC90, 0xCA8, 0xCB0, 0xCB3, 0xCB9, 0xCC3, 0xCC8, 0xCCD, 0xCEF, 0xD03,
        0xD0B, 0xD10, 0xD28, 0xD39, 0xD43, 0xD48, 0xD4B, 0xD4D, 0xD57, 0xD7F, 0xD83, 0xD8D,
        0xD96, 0xD9D, 0xDB1, 0xDBB, 0xDBD, 0xDC6, 0xDCA, 0xDD4, 0xDD6, 0xDDE, 0xDF2, 0xE32,
        0xE3A, 0xE4D, 0xE59, 0xE82, 0xE84, 0xE88, 0xE8A, 0xE8D, 0xE97, 0xE9F, 0xEA3, 0xEA5,
        0xEA7, 0xEAB, 0xEAE, 0xEB2, 0xEB9, 0xEBD, 0xEC4, 0xEC6, 0xECD, 0xED9, 0xF0B, 0xF29,
        0xF42, 0xF47, 0xF4C, 0xF51, 0xF56, 0xF5B, 0xF68, 0xF72, 0xF74, 0xF80, 0xF84, 0xF92,
        0xF95, 0xF96, 0xF97, 0xF9C, 0xFA1, 0xFA6, 0xFAB, 0xFAD, 0xFB7, 0xFB8, 0xFBC, 0x1021,
        0x1022, 0x1027, 0x1028, 0x102A, 0x102B, 0x1032, 0x1035, 0x1039, 0x103F, 0x1049, 0x1064, 0x108A,
        0x108F, 0x10C7, 0x10CD, 0x10F0, 0x1206, 0x1246, 0x1247, 0x1248, 0x124D, 0x1256, 0x1258, 0x125D,
        0x1286, 0x1288, 0x128D, 0x12AE, 0x12B0, 0x12B5, 0x12BE, 0x12C0, 0x12C5, 0x12CE, 0x12CF, 0x12D6,
        0x12EE, 0x12EF, 0x12F7, 0x130E, 0x1310, 0x1315, 0x131E, 0x1346, 0x1359, 0x179C, 0x17A2, 0x17A7,
        0x17B3, 0x17CD, 0x17D0, 0x17D2, 0x17E9, 0x1CBA, 0x1CBF, 0x1E0D, 0x1E13, 0x1E21, 0x1E25, 0x1E37,
        0x1E3F, 0x1E4B, 0x1E5B, 0x1E63, 0x1E6D, 0x1E71, 0x1E8D, 0x1E93, 0x1E9E, 0x1EF9, 0x1FAF, 0x1FB4,
        0x1FEC, 0x2010, 0x2019, 0x2027, 0x3007, 0x3094, 0x3096, 0x309E, 0x30A0, 0x30FE, 0x3447, 0x3473,
        0x34E4, 0x3577, 0x359E, 0x35A1, 0x35AD, 0x35BF, 0x35CE, 0x35F3, 0x35FE, 0x360E, 0x361A, 0x3918,
        0x3960, 0x396E, 0x39D0, 0x39DB, 0x39DF, 0x39F8, 0x39FE, 0x3A18, 0x3A52, 0x3A5C, 0x3A67, 0x3A73,
        0x3B39, 0x3B4E, 0x3BA3, 0x3C6E, 0x3CE0, 0x3DE7, 0x3DEB, 0x3E74, 0x3ED0, 0x4056, 0x4065, 0x406A,
        0x40BB, 0x40DF, 0x4137, 0x415F, 0x4337, 0x43AC, 0x43B1, 0x43D3, 0x43DD, 0x4443, 0x44D6, 0x44EA,
        0x4606, 0x464C, 0x4661, 0x4723, 0x4729, 0x477C, 0x478D, 0x47F4, 0x4882, 0x4947, 0x497A, 0x497D,
        0x4983, 0x4986, 0x499B, 0x499F, 0x49B7, 0x4A12, 0x4AB8, 0x4C77, 0x4C7D, 0x4C81, 0x4C85, 0x4CA3,
        0x4D19, 0x4DAE, 0x4E11, 0x4E28, 0x4E67, 0x4E78, 0x4E95, 0x4EA2, 0x4EBB, 0x4ECB, 0x4EE6, 0x4EF7,
        0x4EFB, 0x4EFD, 0x4F06, 0x4F15, 0x4F27, 0x4F30, 0x4F34, 0x4F36, 0x4F3F, 0x4F43, 0x4F70, 0x4F8B,
        0x4F8D, 0x4FA1, 0x4FBC, 0x4FC5, 0x4FC7, 0x4FCB, 0x4FE1, 0x4FFB, 0x500F, 0x5033, 0x5037, 0x503C,
        0x5041, 0x5051, 0x5057, 0x507B, 0x5080, 0x5092, 0x5096, 0x509E, 0x50B8, 0x50C2, 0x50D7, 0x50DE,
        0x50E0, 0x50EA, 0x50F3, 0x50F6, 0x511A, 0x5127, 0x512A, 0x5141, 0x5149, 0x514E, 0x5152, 0x5157,
        0x515F, 0x5163, 0x5171, 0x517D, 0x5182, 0x518D, 0x51A0, 0x51A2, 0x51AC, 0x51B7, 0x51B9, 0x51C1,
        0x51D1, 0x51DE, 0x51EB, 0x51ED, 0x51F1, 0x5252, 0x5265, 0x5278, 0x5284, 0x528D, 0x52C3, 0x52C7,
        0x52CB, 0x52CD, 0x52D0, 0x52D3, 0x52E0, 0x52E4, 0x52ED, 0x5302, 0x5317, 0x531A, 0x531D, 0x5326,
        0x5328, 0x5331, 0x5334, 0x5341, 0x535A, 0x535C, 0x5369, 0x536C, 0x537F, 0x53A0, 0x53A9, 0x53AE,
        0x53B9, 0x53C4, 0x53CE, 0x53DC, 0x53E6, 0x53FE, 0x5419, 0x5421, 0x544B, 0x545C, 0x5468, 0x5489,
        0x54B4, 0x54F5, 0x5514, 0x5517, 0x5546, 0x555F, 0x5579, 0x55DF, 0x55F7, 0x5609, 0x561F, 0x562A,
        0x5636, 0x563B, 0x5643, 0x564A, 0x5650, 0x5655, 0x565E, 0x5660, 0x5674, 0x567C, 0x5687, 0x568A,
        0x5695, 0x569D, 0x56B9, 0x56CE, 0x56D8, 0x56E5, 0x56F5, 0x56F7, 0x56FA, 0x5704, 0x5710, 0x5716,
        0x5720, 0x5723, 0x573C, 0x5742, 0x5747, 0x5754, 0x5757, 0x5762, 0x5777, 0x5780, 0x5786, 0x5795,
        0x57A7, 0x57C9, 0x57D0, 0x57DA, 0x5816, 0x584F, 0x5855, 0x585F, 0x5865, 0x5876, 0x5894, 0x58A9,
        0x58B5, 0x58BF, 0x58C2, 0x58CC, 0x58CF, 0x58E0, 0x58E5, 0x58F4, 0x5900, 0x5904, 0x5907, 0x5910,
        0x5912, 0x5922, 0x5932, 0x5935, 0x5958, 0x595A, 0x59B6, 0x59E6, 0x5A23, 0x5A25, 0x5A2B, 0x5A2F,
        0x5A53, 0x5A58, 0x5A6E, 0x5A70, 0x5A86, 0x5A8C, 0x5AAA, 0x5AD2, 0x5AEE, 0x5B09, 0x5B0C, 0x5B38,
        0x5B45, 0x5B4E, 0x5B51, 0x5B5F, 0x5B6E, 0x5B78, 0x5B7D, 0x5B85, 0x5B8F, 0x5BA8, 0x5BB1, 0x5BB6,
        0x5BBB, 0x5BC7, 0x5BD9, 0x5BFF, 0x5C1A, 0x5C22, 0x5C25, 0x5C28, 0x5C35, 0x5C59, 0x5C84, 0x5CB3,
        0x5CB8, 0x5CD4, 0x5CDC, 0x5CF4, 0x5D2A, 0x5D2E, 0x5D3A, 0x5D52, 0x5D56, 0x5D5F, 0x5D82, 0x5D95,
        0x5DA2, 0x5DAA, 0x5DB2, 0x5DB8, 0x5DC3, 0x5DD6, 0x5DD9, 0x5DDB, 0x5DF5, 0x5E11, 0x5E47, 0x5E50,
        0x5E91, 0x5EB9, 0x5EBF, 0x5EEA, 0x5EF8, 0x5F0D, 0x5F3A, 0x5F3C, 0x5F8E, 0x5F99, 0x5FA2, 0x5FAF,
        0x5FC1, 0x5FCD, 0x5FDA, 0x5FE1, 0x5FEB, 0x5FFB, 0x6022, 0x6055, 0x6060, 0x6070, 0x6073, 0x6090,
        0x6092, 0x60A4, 0x60D1, 0x60D5, 0x60DD, 0x60E4, 0x60FC, 0x6101, 0x6106, 0x6110, 0x611D, 0x6130,
        0x6132, 0x6134, 0x6137, 0x615F, 0x617A, 0x617E, 0x6185, 0x6196, 0x619B, 0x61B8, 0x61BA, 0x61D2,
        0x61D4, 0x61EB, 0x61EE, 0x6204, 0x6234, 0x6238, 0x6256, 0x628C, 0x629C, 0x62DD, 0x62E9, 0x6309,
        0x6316, 0x6330, 0x6336, 0x635A, 0x638A, 0x6392, 0x63D0, 0x643A, 0x6448, 0x6459, 0x647D, 0x6485,
        0x64A0, 0x64AE, 0x64B5, 0x64C7, 0x64D4, 0x64ED, 0x64F4, 0x64F8, 0x6501, 0x6509, 0x651E, 0x6527,
        0x653F, 0x6541, 0x6559, 0x655E, 0x657C, 0x6589, 0x6599, 0x65B4, 0x65BD, 0x65C7, 0x65D0, 0x65D7,
        0x65DB, 0x65E3, 0x65E9, 0x65F8, 0x65FD, 0x6616, 0x662B, 0x6636, 0x6647, 0x664C, 0x665F, 0x6662,
        0x6691, 0x669B, 0x669D, 0x66AB, 0x66CF, 0x66D2, 0x66D6, 0x66DE, 0x66EE, 0x6701, 0x6706, 0x6718,
        0x6723, 0x6728, 0x6766, 0x6787, 0x6795, 0x67BC, 0x67BE, 0x67D4, 0x67D6, 0x67F8, 0x6800, 0x6814,
        0x6826, 0x682F, 0x6857, 0x6859, 0x685D, 0x6879, 0x6894, 0x6898, 0x68A4, 0x68B7, 0x68C2, 0x68D8,
        0x68E1, 0x68E4, 0x6908, 0x693D, 0x694C, 0x699E, 0x69A1, 0x69BF, 0x69D0, 0x69D4, 0x6A02, 0x6A1B,
        0x6A23, 0x6A36, 0x6A49, 0x6A5B, 0x6A6D, 0x6A6F, 0x6A85, 0x6A89, 0x6A8E, 0x6A98, 0x6A9C, 0x6AB0,
        0x6ABD, 0x6ABF, 0x6AC3, 0x6AC8, 0x6AD7, 0x6AE8, 0x6B0D, 0x6B1A, 0x6B2D, 0x6B34, 0x6B3F, 0x6B56,
        0x6B5C, 0x6B67, 0x6B6B, 0x6B6D, 0x6B70, 0x6B74, 0x6B7C, 0x6BB7, 0x6BE8, 0x6BF0, 0x6BF3, 0x6BF9,
        0x6C09, 0x6C1B, 0x6C2C, 0x6C3B, 0x6C44, 0x6C6B, 0x6C6D, 0x6C9F, 0x6CD7, 0x6CF3, 0x6D01, 0x6D1B,
        0x6D23, 0x6D70, 0x6D80, 0x6D95, 0x6DAF, 0x6DB5, 0x6DFD, 0x6E00, 0x6E05, 0x6E11, 0x6E17, 0x6E29,
        0x6E4B, 0x6E6B, 0x6E7A, 0x6E8A, 0x6E94, 0x6EDA, 0x6EE2, 0x6F03, 0x6F0A, 0x6F41, 0x6F47, 0x6F49,
        0x6F78, 0x6F97, 0x6F99, 0x6F9E, 0x6FB6, 0x6FC4, 0x6FCF, 0x6FD2, 0x6FF4, 0x6FFC, 0x700F, 0x7012,
        0x7046, 0x704A, 0x704D, 0x7071, 0x707A, 0x7080, 0x708C, 0x7096, 0x709A, 0x70A9, 0x70B1, 0x70B5,
        0x70D4, 0x70FD, 0x7107, 0x7123, 0x7132, 0x7156, 0x716A, 0x716C, 0x718C, 0x7195, 0x71A5, 0x71AA,
        0x71B5, 0x71CB, 0x71D2, 0x71F2, 0x71F9, 0x720A, 0x7210, 0x7214, 0x7216, 0x721F, 0x7223, 0x722E,
        0x7233, 0x7244, 0x724D, 0x724F, 0x7254, 0x72AA, 0x72BD, 0x7301, 0x730F, 0x7327, 0x7352, 0x739B,
        0x73C0, 0x73F2, 0x73FA, 0x7417, 0x7438, 0x743D, 0x7446, 0x7448, 0x7457, 0x747A, 0x7483, 0x7495,
        0x749C, 0x74C6, 0x74C8, 0x74CB, 0x74EA, 0x751F, 0x7540, 0x7551, 0x7554, 0x755D, 0x7560, 0x7570,
        0x757A, 0x7584, 0x75A8, 0x75B6, 0x75DB, 0x75ED, 0x762B, 0x7643, 0x7650, 0x7654, 0x7672, 0x768C,
        0x76A0, 0x76A4, 0x76A7, 0x76B2, 0x76B5, 0x76C0, 0x76CA, 0x76D8, 0x76EA, 0x76FF, 0x7701, 0x770D,
        0x7720, 0x772A, 0x773E, 0x7741, 0x7763, 0x7795, 0x77A3, 0x77BD, 0x77C0, 0x77D1, 0x77DC, 0x77E3,
        0x77E5, 0x77F3, 0x7823, 0x7835, 0x7841, 0x7845, 0x784A, 0x7875, 0x7887, 0x78C1, 0x78C6, 0x78D1,
        0x78EF, 0x78F7, 0x78FF, 0x7907, 0x790C, 0x7914, 0x791E, 0x7931, 0x7935, 0x7958, 0x796B, 0x796D,
        0x7974, 0x7985, 0x799D, 0x79A8, 0x79BB, 0x79C3, 0x79C6, 0x79CB, 0x79D3, 0x79D6, 0x7A00, 0x7A06,
        0x7A08, 0x7A2B, 0x7A37, 0x7A39, 0x7A63, 0x7A69, 0x7A6E, 0x7A81, 0x7A99, 0x7AB8, 0x7ABA, 0x7AC1,
        0x7AC5, 0x7AE8, 0x7AF4, 0x7AFB, 0x7B06, 0x7B1E, 0x7B26, 0x7B28, 0x7B41, 0x7B52, 0x7BA2, 0x7BA4,
        0x7BAF, 0x7BB1, 0x7BF9, 0x7C1A, 0x7C2D, 0x7C51, 0x7C54, 0x7C5C, 0x7C75, 0x7C86, 0x7C92, 0x7C99,
        0x7CAB, 0x7CD2, 0x7CD9, 0x7CE0, 0x7CE2, 0x7CE4, 0x7CFB, 0x7CFE, 0x7D22, 0x7D29, 0x7D2C, 0x7D47,
        0x7D4C, 0x7D59, 0x7D63, 0x7D77, 0x7D81, 0x7D94, 0x7D97, 0x7DA3, 0x7DA7, 0x7DCC, 0x7DD2, 0x7DE4,
        0x7DEA, 0x7DFC, 0x7E17, 0x7E5A, 0x7E63, 0x7E9C, 0x7F3A, 0x7F40, 0x7F45, 0x7F58, 0x7F83, 0x7F8F,
        0x7F96, 0x7F98, 0x7FB3, 0x7FD5, 0x7FDC, 0x7FE3, 0x8009, 0x802E, 0x803B, 0x803F, 0x8065, 0x8087,
        0x808D, 0x8093, 0x80A5, 0x80B2, 0x80B8, 0x80DE, 0x8102, 0x8133, 0x8183, 0x818F, 0x8195, 0x81CA,
        0x81E3, 0x81EE, 0x8212, 0x8223, 0x8240, 0x8264, 0x828B, 0x82B1, 0x82E1, 0x82FB, 0x8309, 0x830F,
        0x832F, 0x8354, 0x83BD, 0x83E5, 0x83EC, 0x8413, 0x8415, 0x841E, 0x8457, 0x8482, 0x8494, 0x84B6,
        0x84C2, 0x84EC, 0x8504, 0x850F, 0x8531, 0x854B, 0x854F, 0x857E, 0x8592, 0x85B1, 0x85BA, 0x85CB,
        0x85ED, 0x85F2, 0x85FB, 0x8602, 0x860C, 0x860F, 0x8614, 0x861C, 0x8636, 0x8656, 0x8674, 0x8688,
        0x8691, 0x869F, 0x86A5, 0x86D4, 0x86DF, 0x86E6, 0x86FC, 0x871C, 0x872E, 0x873C, 0x8744, 0x8770,
        0x878D, 0x8798, 0x87D9, 0x87EF, 0x8806, 0x8811, 0x882C, 0x8839, 0x8846, 0x8857, 0x885B, 0x885E,
        0x8879, 0x88E5, 0x88E8, 0x88EC, 0x8902, 0x890E, 0x8923, 0x8964, 0x8974, 0x897C, 0x898C, 0x898F,
        0x8993, 0x8998, 0x89AF, 0x89B3, 0x89BA, 0x89ED, 0x89F4, 0x89F8, 0x89FC, 0x8A04, 0x8A13, 0x8A18,
        0x8A1F, 0x8A2A, 0x8A3C, 0x8A4A, 0x8A63, 0x8A77, 0x8A7C, 0x8A87, 0x8A9E, 0x8AAE, 0x8AB6, 0x8ACF,
        0x8AEB, 0x8B28, 0x8B31, 0x8B37, 0x8B3E, 0x8B60, 0x8B68, 0x8B74, 0x8B7B, 0x8B80, 0x8B86, 0x8B8C,
        0x8B8E, 0x8B9A, 0x8C37, 0x8C3F, 0x8C43, 0x8C50, 0x8C57, 0x8C73, 0x8C7E, 0x8C82, 0x8C86, 0x8C8A,
        0x8C9A, 0x8CA5, 0x8CCA, 0x8CD5, 0x8CD7, 0x8CE8, 0x8CF6, 0x8D00, 0x8D10, 0x8D7B, 0x8DA5, 0x8DBF,
        0x8DE4, 0x8E00, 0x8E0A, 0x8E31, 0x8E45, 0x8E4E, 0x8E6D, 0x8E74, 0x8E76, 0x8E78, 0x8E9A, 0x8EA1,
        0x8EB2, 0x8EB5, 0x8EC0, 0x8EC3, 0x8ED8, 0x8EEF, 0x8F0E, 0x8F2C, 0x8F39, 0x8F40, 0x8F9C, 0x8FA3,
        0x8FB2, 0x8FC2, 0x8FC9, 0x8FE6, 0x9029, 0x902B, 0x9036, 0x903F, 0x9045, 0x90AA, 0x90CB, 0x90D1,
        0x90F5, 0x9109, 0x913B, 0x9158, 0x917A, 0x9194, 0x9197, 0x91A8, 0x91BE, 0x91C3, 0x91DF, 0x91EE,
        0x9212, 0x921E, 0x9221, 0x9242, 0x9268, 0x9280, 0x9283, 0x929D, 0x92BC, 0x92D3, 0x92DA, 0x92E1,
        0x931B, 0x932F, 0x9361, 0x9367, 0x936A, 0x936E, 0x9372, 0x9377, 0x937E, 0x9380, 0x938A, 0x939B,
        0x939F, 0x93AA, 0x93BA, 0x93DF, 0x93F2, 0x9401, 0x9416, 0x941B, 0x941D, 0x9423, 0x9442, 0x944D,
        0x946B, 0x947A, 0x9577, 0x957D, 0x9584, 0x9596, 0x95B2, 0x95B7, 0x95C0, 0x95D8, 0x95DC, 0x9624,
        0x9628, 0x963D, 0x9655, 0x9678, 0x967A, 0x967E, 0x9680, 0x968B, 0x9695, 0x9699, 0x969C, 0x969E,
        0x96AA, 0x96AE, 0x96B4, 0x96E3, 0x96E5, 0x96FB, 0x9713, 0x9716, 0x9719, 0x9732, 0x9736, 0x973F,
        0x974C, 0x9756, 0x9762, 0x9774, 0x9786, 0x9788, 0x979A, 0x97A8, 0x97AF, 0x97B4, 0x97BD, 0x97BF,
        0x97D1, 0x97FB, 0x981E, 0x9824, 0x9829, 0x9832, 0x9839, 0x983D, 0x9841, 0x9846, 0x9855, 0x9865,
        0x9867, 0x98B6, 0x98C9, 0x98E3, 0x98EB, 0x98F0, 0x98F7, 0x98FA, 0x9918, 0x993A, 0x9943, 0x9959,
        0x995C, 0x99BE, 0x99DF, 0x99E5, 0x99EA, 0x99F4, 0x9A0F, 0x9A16, 0x9A3A, 0x9A50, 0x9A57, 0x9A5C,
        0x9A62, 0x9AA8, 0x9ABC, 0x9AC7, 0x9AD6, 0x9ADF, 0x9AE3, 0x9AE7, 0x9AEF, 0x9AFF, 0x9B01, 0x9B08,
        0x9B13, 0x9B1A, 0x9B33, 0x9B3C, 0x9B3F, 0x9B4F, 0x9B56, 0x9B61, 0x9B71, 0x9B88, 0x9B8B, 0x9B98,
        0x9BC1, 0x9BF5, 0x9BFF, 0x9C02, 0x9C41, 0x9C4E, 0x9C50, 0x9C60, 0x9C63, 0x9C7A, 0x9D0B, 0x9D10,
        0x9D26, 0x9D34, 0x9D3B, 0x9D6C, 0x9D94, 0x9DAD, 0x9DBC, 0x9DBF, 0x9DE9, 0x9DFB, 0x9E0D, 0x9E15,
        0x9E1B, 0x9E7A, 0x9E8E, 0x9E97, 0x9E9D, 0x9EA1, 0x9EAA, 0x9EB0, 0x9EEB, 0x9EF0, 0x9F02, 0x9F10,
        0x9F13, 0x9F25, 0x9F44, 0x9F52, 0x9F6C, 0x9FA0, 0x9FA2, 0x9FA5, 0xA78D, 0xA7AA, 0xAA7B, 0xD7A3,
        0x11301, 0x11303, 0x1133C, 0x1E7E6, 0x1E7EB, 0x1E7EE, 0x1E7FE, 0x2070E, 0x20731, 0x20779, 0x20C53, 0x20C78,
        0x20C96, 0x20CCF, 0x20CD5, 0x20D15, 0x20D7C, 0x20D7F, 0x20E0F, 0x20E77, 0x20E9D, 0x20EA2, 0x20ED7, 0x20EFA,
        0x20F2E, 0x20F4C, 0x20FB4, 0x20FBC, 0x20FEA, 0x2105C, 0x2106F, 0x21076, 0x2107B, 0x210C1, 0x210C9, 0x211D9,
        0x220C7, 0x227B5, 0x22AD5, 0x22B43, 0x22BCA, 0x22C51, 0x22C55, 0x22CC2, 0x22D08, 0x22D4C, 0x22D67, 0x22EB3,
        0x23CB7, 0x244D3, 0x24DB8, 0x24DEA, 0x2512B, 0x26258, 0x267CC, 0x269F2, 0x269FA, 0x27A3E, 0x2815D, 0x28207,
        0x282E2, 0x28CCA, 0x28CCD, 0x28CD2, 0x29D98,
    ];
}
