// <auto-generated/>
// SPDX-License-Identifier: MPL-2.0
// Copyright (c) 2026 Henrik O. Sørensen
// This Source Code Form is subject to the terms of the Mozilla Public License, v. 2.0. If a copy of
// the MPL was not distributed with this file, You can obtain one at https://mozilla.org/MPL/2.0/.
// Generated from Unicode data files, which are under the Unicode License v3 (LICENSE.unicode).
// Written by Squint.Generator from the files under ucd/. Do not edit; regenerate.
#nullable enable

namespace Squint.Uts39;

/// <summary>
/// Full canonical and compatibility decompositions, canonical combining classes, and the composition pairs, from UnicodeData.txt and DerivedNormalizationProps.txt.
/// </summary>
internal static class NormalizationData
{
    internal static readonly int[] DecompositionKeys =
    [
        0xC0, 0xC1, 0xC2, 0xC3, 0xC4, 0xC5, 0xC7, 0xC8, 0xC9, 0xCA, 0xCB, 0xCC,
        0xCD, 0xCE, 0xCF, 0xD1, 0xD2, 0xD3, 0xD4, 0xD5, 0xD6, 0xD9, 0xDA, 0xDB,
        0xDC, 0xDD, 0xE0, 0xE1, 0xE2, 0xE3, 0xE4, 0xE5, 0xE7, 0xE8, 0xE9, 0xEA,
        0xEB, 0xEC, 0xED, 0xEE, 0xEF, 0xF1, 0xF2, 0xF3, 0xF4, 0xF5, 0xF6, 0xF9,
        0xFA, 0xFB, 0xFC, 0xFD, 0xFF, 0x100, 0x101, 0x102, 0x103, 0x104, 0x105, 0x106,
        0x107, 0x108, 0x109, 0x10A, 0x10B, 0x10C, 0x10D, 0x10E, 0x10F, 0x112, 0x113, 0x114,
        0x115, 0x116, 0x117, 0x118, 0x119, 0x11A, 0x11B, 0x11C, 0x11D, 0x11E, 0x11F, 0x120,
        0x121, 0x122, 0x123, 0x124, 0x125, 0x128, 0x129, 0x12A, 0x12B, 0x12C, 0x12D, 0x12E,
        0x12F, 0x130, 0x134, 0x135, 0x136, 0x137, 0x139, 0x13A, 0x13B, 0x13C, 0x13D, 0x13E,
        0x143, 0x144, 0x145, 0x146, 0x147, 0x148, 0x14C, 0x14D, 0x14E, 0x14F, 0x150, 0x151,
        0x154, 0x155, 0x156, 0x157, 0x158, 0x159, 0x15A, 0x15B, 0x15C, 0x15D, 0x15E, 0x15F,
        0x160, 0x161, 0x162, 0x163, 0x164, 0x165, 0x168, 0x169, 0x16A, 0x16B, 0x16C, 0x16D,
        0x16E, 0x16F, 0x170, 0x171, 0x172, 0x173, 0x174, 0x175, 0x176, 0x177, 0x178, 0x179,
        0x17A, 0x17B, 0x17C, 0x17D, 0x17E, 0x1A0, 0x1A1, 0x1AF, 0x1B0, 0x1CD, 0x1CE, 0x1CF,
        0x1D0, 0x1D1, 0x1D2, 0x1D3, 0x1D4, 0x1D5, 0x1D6, 0x1D7, 0x1D8, 0x1D9, 0x1DA, 0x1DB,
        0x1DC, 0x1DE, 0x1DF, 0x1E0, 0x1E1, 0x1E2, 0x1E3, 0x1E6, 0x1E7, 0x1E8, 0x1E9, 0x1EA,
        0x1EB, 0x1EC, 0x1ED, 0x1EE, 0x1EF, 0x1F0, 0x1F4, 0x1F5, 0x1F8, 0x1F9, 0x1FA, 0x1FB,
        0x1FC, 0x1FD, 0x1FE, 0x1FF, 0x200, 0x201, 0x202, 0x203, 0x204, 0x205, 0x206, 0x207,
        0x208, 0x209, 0x20A, 0x20B, 0x20C, 0x20D, 0x20E, 0x20F, 0x210, 0x211, 0x212, 0x213,
        0x214, 0x215, 0x216, 0x217, 0x218, 0x219, 0x21A, 0x21B, 0x21E, 0x21F, 0x226, 0x227,
        0x228, 0x229, 0x22A, 0x22B, 0x22C, 0x22D, 0x22E, 0x22F, 0x230, 0x231, 0x232, 0x233,
        0x340, 0x341, 0x343, 0x344, 0x374, 0x37E, 0x385, 0x386, 0x387, 0x388, 0x389, 0x38A,
        0x38C, 0x38E, 0x38F, 0x390, 0x3AA, 0x3AB, 0x3AC, 0x3AD, 0x3AE, 0x3AF, 0x3B0, 0x3CA,
        0x3CB, 0x3CC, 0x3CD, 0x3CE, 0x3D3, 0x3D4, 0x400, 0x401, 0x403, 0x407, 0x40C, 0x40D,
        0x40E, 0x419, 0x439, 0x450, 0x451, 0x453, 0x457, 0x45C, 0x45D, 0x45E, 0x476, 0x477,
        0x4C1, 0x4C2, 0x4D0, 0x4D1, 0x4D2, 0x4D3, 0x4D6, 0x4D7, 0x4DA, 0x4DB, 0x4DC, 0x4DD,
        0x4DE, 0x4DF, 0x4E2, 0x4E3, 0x4E4, 0x4E5, 0x4E6, 0x4E7, 0x4EA, 0x4EB, 0x4EC, 0x4ED,
        0x4EE, 0x4EF, 0x4F0, 0x4F1, 0x4F2, 0x4F3, 0x4F4, 0x4F5, 0x4F8, 0x4F9, 0x622, 0x623,
        0x624, 0x625, 0x626, 0x6C0, 0x6C2, 0x6D3, 0x929, 0x931, 0x934, 0x958, 0x959, 0x95A,
        0x95B, 0x95C, 0x95D, 0x95E, 0x95F, 0x9CB, 0x9CC, 0x9DC, 0x9DD, 0x9DF, 0xA33, 0xA36,
        0xA59, 0xA5A, 0xA5B, 0xA5E, 0xB48, 0xB4B, 0xB4C, 0xB5C, 0xB5D, 0xB94, 0xBCA, 0xBCB,
        0xBCC, 0xC48, 0xCC0, 0xCC7, 0xCC8, 0xCCA, 0xCCB, 0xD4A, 0xD4B, 0xD4C, 0xDDA, 0xDDC,
        0xDDD, 0xDDE, 0xF43, 0xF4D, 0xF52, 0xF57, 0xF5C, 0xF69, 0xF73, 0xF75, 0xF76, 0xF78,
        0xF81, 0xF93, 0xF9D, 0xFA2, 0xFA7, 0xFAC, 0xFB9, 0x1026, 0x1B06, 0x1B08, 0x1B0A, 0x1B0C,
        0x1B0E, 0x1B12, 0x1B3B, 0x1B3D, 0x1B40, 0x1B41, 0x1B43, 0x1E00, 0x1E01, 0x1E02, 0x1E03, 0x1E04,
        0x1E05, 0x1E06, 0x1E07, 0x1E08, 0x1E09, 0x1E0A, 0x1E0B, 0x1E0C, 0x1E0D, 0x1E0E, 0x1E0F, 0x1E10,
        0x1E11, 0x1E12, 0x1E13, 0x1E14, 0x1E15, 0x1E16, 0x1E17, 0x1E18, 0x1E19, 0x1E1A, 0x1E1B, 0x1E1C,
        0x1E1D, 0x1E1E, 0x1E1F, 0x1E20, 0x1E21, 0x1E22, 0x1E23, 0x1E24, 0x1E25, 0x1E26, 0x1E27, 0x1E28,
        0x1E29, 0x1E2A, 0x1E2B, 0x1E2C, 0x1E2D, 0x1E2E, 0x1E2F, 0x1E30, 0x1E31, 0x1E32, 0x1E33, 0x1E34,
        0x1E35, 0x1E36, 0x1E37, 0x1E38, 0x1E39, 0x1E3A, 0x1E3B, 0x1E3C, 0x1E3D, 0x1E3E, 0x1E3F, 0x1E40,
        0x1E41, 0x1E42, 0x1E43, 0x1E44, 0x1E45, 0x1E46, 0x1E47, 0x1E48, 0x1E49, 0x1E4A, 0x1E4B, 0x1E4C,
        0x1E4D, 0x1E4E, 0x1E4F, 0x1E50, 0x1E51, 0x1E52, 0x1E53, 0x1E54, 0x1E55, 0x1E56, 0x1E57, 0x1E58,
        0x1E59, 0x1E5A, 0x1E5B, 0x1E5C, 0x1E5D, 0x1E5E, 0x1E5F, 0x1E60, 0x1E61, 0x1E62, 0x1E63, 0x1E64,
        0x1E65, 0x1E66, 0x1E67, 0x1E68, 0x1E69, 0x1E6A, 0x1E6B, 0x1E6C, 0x1E6D, 0x1E6E, 0x1E6F, 0x1E70,
        0x1E71, 0x1E72, 0x1E73, 0x1E74, 0x1E75, 0x1E76, 0x1E77, 0x1E78, 0x1E79, 0x1E7A, 0x1E7B, 0x1E7C,
        0x1E7D, 0x1E7E, 0x1E7F, 0x1E80, 0x1E81, 0x1E82, 0x1E83, 0x1E84, 0x1E85, 0x1E86, 0x1E87, 0x1E88,
        0x1E89, 0x1E8A, 0x1E8B, 0x1E8C, 0x1E8D, 0x1E8E, 0x1E8F, 0x1E90, 0x1E91, 0x1E92, 0x1E93, 0x1E94,
        0x1E95, 0x1E96, 0x1E97, 0x1E98, 0x1E99, 0x1E9B, 0x1EA0, 0x1EA1, 0x1EA2, 0x1EA3, 0x1EA4, 0x1EA5,
        0x1EA6, 0x1EA7, 0x1EA8, 0x1EA9, 0x1EAA, 0x1EAB, 0x1EAC, 0x1EAD, 0x1EAE, 0x1EAF, 0x1EB0, 0x1EB1,
        0x1EB2, 0x1EB3, 0x1EB4, 0x1EB5, 0x1EB6, 0x1EB7, 0x1EB8, 0x1EB9, 0x1EBA, 0x1EBB, 0x1EBC, 0x1EBD,
        0x1EBE, 0x1EBF, 0x1EC0, 0x1EC1, 0x1EC2, 0x1EC3, 0x1EC4, 0x1EC5, 0x1EC6, 0x1EC7, 0x1EC8, 0x1EC9,
        0x1ECA, 0x1ECB, 0x1ECC, 0x1ECD, 0x1ECE, 0x1ECF, 0x1ED0, 0x1ED1, 0x1ED2, 0x1ED3, 0x1ED4, 0x1ED5,
        0x1ED6, 0x1ED7, 0x1ED8, 0x1ED9, 0x1EDA, 0x1EDB, 0x1EDC, 0x1EDD, 0x1EDE, 0x1EDF, 0x1EE0, 0x1EE1,
        0x1EE2, 0x1EE3, 0x1EE4, 0x1EE5, 0x1EE6, 0x1EE7, 0x1EE8, 0x1EE9, 0x1EEA, 0x1EEB, 0x1EEC, 0x1EED,
        0x1EEE, 0x1EEF, 0x1EF0, 0x1EF1, 0x1EF2, 0x1EF3, 0x1EF4, 0x1EF5, 0x1EF6, 0x1EF7, 0x1EF8, 0x1EF9,
        0x1F00, 0x1F01, 0x1F02, 0x1F03, 0x1F04, 0x1F05, 0x1F06, 0x1F07, 0x1F08, 0x1F09, 0x1F0A, 0x1F0B,
        0x1F0C, 0x1F0D, 0x1F0E, 0x1F0F, 0x1F10, 0x1F11, 0x1F12, 0x1F13, 0x1F14, 0x1F15, 0x1F18, 0x1F19,
        0x1F1A, 0x1F1B, 0x1F1C, 0x1F1D, 0x1F20, 0x1F21, 0x1F22, 0x1F23, 0x1F24, 0x1F25, 0x1F26, 0x1F27,
        0x1F28, 0x1F29, 0x1F2A, 0x1F2B, 0x1F2C, 0x1F2D, 0x1F2E, 0x1F2F, 0x1F30, 0x1F31, 0x1F32, 0x1F33,
        0x1F34, 0x1F35, 0x1F36, 0x1F37, 0x1F38, 0x1F39, 0x1F3A, 0x1F3B, 0x1F3C, 0x1F3D, 0x1F3E, 0x1F3F,
        0x1F40, 0x1F41, 0x1F42, 0x1F43, 0x1F44, 0x1F45, 0x1F48, 0x1F49, 0x1F4A, 0x1F4B, 0x1F4C, 0x1F4D,
        0x1F50, 0x1F51, 0x1F52, 0x1F53, 0x1F54, 0x1F55, 0x1F56, 0x1F57, 0x1F59, 0x1F5B, 0x1F5D, 0x1F5F,
        0x1F60, 0x1F61, 0x1F62, 0x1F63, 0x1F64, 0x1F65, 0x1F66, 0x1F67, 0x1F68, 0x1F69, 0x1F6A, 0x1F6B,
        0x1F6C, 0x1F6D, 0x1F6E, 0x1F6F, 0x1F70, 0x1F71, 0x1F72, 0x1F73, 0x1F74, 0x1F75, 0x1F76, 0x1F77,
        0x1F78, 0x1F79, 0x1F7A, 0x1F7B, 0x1F7C, 0x1F7D, 0x1F80, 0x1F81, 0x1F82, 0x1F83, 0x1F84, 0x1F85,
        0x1F86, 0x1F87, 0x1F88, 0x1F89, 0x1F8A, 0x1F8B, 0x1F8C, 0x1F8D, 0x1F8E, 0x1F8F, 0x1F90, 0x1F91,
        0x1F92, 0x1F93, 0x1F94, 0x1F95, 0x1F96, 0x1F97, 0x1F98, 0x1F99, 0x1F9A, 0x1F9B, 0x1F9C, 0x1F9D,
        0x1F9E, 0x1F9F, 0x1FA0, 0x1FA1, 0x1FA2, 0x1FA3, 0x1FA4, 0x1FA5, 0x1FA6, 0x1FA7, 0x1FA8, 0x1FA9,
        0x1FAA, 0x1FAB, 0x1FAC, 0x1FAD, 0x1FAE, 0x1FAF, 0x1FB0, 0x1FB1, 0x1FB2, 0x1FB3, 0x1FB4, 0x1FB6,
        0x1FB7, 0x1FB8, 0x1FB9, 0x1FBA, 0x1FBB, 0x1FBC, 0x1FBE, 0x1FC1, 0x1FC2, 0x1FC3, 0x1FC4, 0x1FC6,
        0x1FC7, 0x1FC8, 0x1FC9, 0x1FCA, 0x1FCB, 0x1FCC, 0x1FCD, 0x1FCE, 0x1FCF, 0x1FD0, 0x1FD1, 0x1FD2,
        0x1FD3, 0x1FD6, 0x1FD7, 0x1FD8, 0x1FD9, 0x1FDA, 0x1FDB, 0x1FDD, 0x1FDE, 0x1FDF, 0x1FE0, 0x1FE1,
        0x1FE2, 0x1FE3, 0x1FE4, 0x1FE5, 0x1FE6, 0x1FE7, 0x1FE8, 0x1FE9, 0x1FEA, 0x1FEB, 0x1FEC, 0x1FED,
        0x1FEE, 0x1FEF, 0x1FF2, 0x1FF3, 0x1FF4, 0x1FF6, 0x1FF7, 0x1FF8, 0x1FF9, 0x1FFA, 0x1FFB, 0x1FFC,
        0x1FFD, 0x2000, 0x2001, 0x2126, 0x212A, 0x212B, 0x219A, 0x219B, 0x21AE, 0x21CD, 0x21CE, 0x21CF,
        0x2204, 0x2209, 0x220C, 0x2224, 0x2226, 0x2241, 0x2244, 0x2247, 0x2249, 0x2260, 0x2262, 0x226D,
        0x226E, 0x226F, 0x2270, 0x2271, 0x2274, 0x2275, 0x2278, 0x2279, 0x2280, 0x2281, 0x2284, 0x2285,
        0x2288, 0x2289, 0x22AC, 0x22AD, 0x22AE, 0x22AF, 0x22E0, 0x22E1, 0x22E2, 0x22E3, 0x22EA, 0x22EB,
        0x22EC, 0x22ED, 0x2329, 0x232A, 0x2ADC, 0x304C, 0x304E, 0x3050, 0x3052, 0x3054, 0x3056, 0x3058,
        0x305A, 0x305C, 0x305E, 0x3060, 0x3062, 0x3065, 0x3067, 0x3069, 0x3070, 0x3071, 0x3073, 0x3074,
        0x3076, 0x3077, 0x3079, 0x307A, 0x307C, 0x307D, 0x3094, 0x309E, 0x30AC, 0x30AE, 0x30B0, 0x30B2,
        0x30B4, 0x30B6, 0x30B8, 0x30BA, 0x30BC, 0x30BE, 0x30C0, 0x30C2, 0x30C5, 0x30C7, 0x30C9, 0x30D0,
        0x30D1, 0x30D3, 0x30D4, 0x30D6, 0x30D7, 0x30D9, 0x30DA, 0x30DC, 0x30DD, 0x30F4, 0x30F7, 0x30F8,
        0x30F9, 0x30FA, 0x30FE, 0xF900, 0xF901, 0xF902, 0xF903, 0xF904, 0xF905, 0xF906, 0xF907, 0xF908,
        0xF909, 0xF90A, 0xF90B, 0xF90C, 0xF90D, 0xF90E, 0xF90F, 0xF910, 0xF911, 0xF912, 0xF913, 0xF914,
        0xF915, 0xF916, 0xF917, 0xF918, 0xF919, 0xF91A, 0xF91B, 0xF91C, 0xF91D, 0xF91E, 0xF91F, 0xF920,
        0xF921, 0xF922, 0xF923, 0xF924, 0xF925, 0xF926, 0xF927, 0xF928, 0xF929, 0xF92A, 0xF92B, 0xF92C,
        0xF92D, 0xF92E, 0xF92F, 0xF930, 0xF931, 0xF932, 0xF933, 0xF934, 0xF935, 0xF936, 0xF937, 0xF938,
        0xF939, 0xF93A, 0xF93B, 0xF93C, 0xF93D, 0xF93E, 0xF93F, 0xF940, 0xF941, 0xF942, 0xF943, 0xF944,
        0xF945, 0xF946, 0xF947, 0xF948, 0xF949, 0xF94A, 0xF94B, 0xF94C, 0xF94D, 0xF94E, 0xF94F, 0xF950,
        0xF951, 0xF952, 0xF953, 0xF954, 0xF955, 0xF956, 0xF957, 0xF958, 0xF959, 0xF95A, 0xF95B, 0xF95C,
        0xF95D, 0xF95E, 0xF95F, 0xF960, 0xF961, 0xF962, 0xF963, 0xF964, 0xF965, 0xF966, 0xF967, 0xF968,
        0xF969, 0xF96A, 0xF96B, 0xF96C, 0xF96D, 0xF96E, 0xF96F, 0xF970, 0xF971, 0xF972, 0xF973, 0xF974,
        0xF975, 0xF976, 0xF977, 0xF978, 0xF979, 0xF97A, 0xF97B, 0xF97C, 0xF97D, 0xF97E, 0xF97F, 0xF980,
        0xF981, 0xF982, 0xF983, 0xF984, 0xF985, 0xF986, 0xF987, 0xF988, 0xF989, 0xF98A, 0xF98B, 0xF98C,
        0xF98D, 0xF98E, 0xF98F, 0xF990, 0xF991, 0xF992, 0xF993, 0xF994, 0xF995, 0xF996, 0xF997, 0xF998,
        0xF999, 0xF99A, 0xF99B, 0xF99C, 0xF99D, 0xF99E, 0xF99F, 0xF9A0, 0xF9A1, 0xF9A2, 0xF9A3, 0xF9A4,
        0xF9A5, 0xF9A6, 0xF9A7, 0xF9A8, 0xF9A9, 0xF9AA, 0xF9AB, 0xF9AC, 0xF9AD, 0xF9AE, 0xF9AF, 0xF9B0,
        0xF9B1, 0xF9B2, 0xF9B3, 0xF9B4, 0xF9B5, 0xF9B6, 0xF9B7, 0xF9B8, 0xF9B9, 0xF9BA, 0xF9BB, 0xF9BC,
        0xF9BD, 0xF9BE, 0xF9BF, 0xF9C0, 0xF9C1, 0xF9C2, 0xF9C3, 0xF9C4, 0xF9C5, 0xF9C6, 0xF9C7, 0xF9C8,
        0xF9C9, 0xF9CA, 0xF9CB, 0xF9CC, 0xF9CD, 0xF9CE, 0xF9CF, 0xF9D0, 0xF9D1, 0xF9D2, 0xF9D3, 0xF9D4,
        0xF9D5, 0xF9D6, 0xF9D7, 0xF9D8, 0xF9D9, 0xF9DA, 0xF9DB, 0xF9DC, 0xF9DD, 0xF9DE, 0xF9DF, 0xF9E0,
        0xF9E1, 0xF9E2, 0xF9E3, 0xF9E4, 0xF9E5, 0xF9E6, 0xF9E7, 0xF9E8, 0xF9E9, 0xF9EA, 0xF9EB, 0xF9EC,
        0xF9ED, 0xF9EE, 0xF9EF, 0xF9F0, 0xF9F1, 0xF9F2, 0xF9F3, 0xF9F4, 0xF9F5, 0xF9F6, 0xF9F7, 0xF9F8,
        0xF9F9, 0xF9FA, 0xF9FB, 0xF9FC, 0xF9FD, 0xF9FE, 0xF9FF, 0xFA00, 0xFA01, 0xFA02, 0xFA03, 0xFA04,
        0xFA05, 0xFA06, 0xFA07, 0xFA08, 0xFA09, 0xFA0A, 0xFA0B, 0xFA0C, 0xFA0D, 0xFA10, 0xFA12, 0xFA15,
        0xFA16, 0xFA17, 0xFA18, 0xFA19, 0xFA1A, 0xFA1B, 0xFA1C, 0xFA1D, 0xFA1E, 0xFA20, 0xFA22, 0xFA25,
        0xFA26, 0xFA2A, 0xFA2B, 0xFA2C, 0xFA2D, 0xFA2E, 0xFA2F, 0xFA30, 0xFA31, 0xFA32, 0xFA33, 0xFA34,
        0xFA35, 0xFA36, 0xFA37, 0xFA38, 0xFA39, 0xFA3A, 0xFA3B, 0xFA3C, 0xFA3D, 0xFA3E, 0xFA3F, 0xFA40,
        0xFA41, 0xFA42, 0xFA43, 0xFA44, 0xFA45, 0xFA46, 0xFA47, 0xFA48, 0xFA49, 0xFA4A, 0xFA4B, 0xFA4C,
        0xFA4D, 0xFA4E, 0xFA4F, 0xFA50, 0xFA51, 0xFA52, 0xFA53, 0xFA54, 0xFA55, 0xFA56, 0xFA57, 0xFA58,
        0xFA59, 0xFA5A, 0xFA5B, 0xFA5C, 0xFA5D, 0xFA5E, 0xFA5F, 0xFA60, 0xFA61, 0xFA62, 0xFA63, 0xFA64,
        0xFA65, 0xFA66, 0xFA67, 0xFA68, 0xFA69, 0xFA6A, 0xFA6B, 0xFA6C, 0xFA6D, 0xFA70, 0xFA71, 0xFA72,
        0xFA73, 0xFA74, 0xFA75, 0xFA76, 0xFA77, 0xFA78, 0xFA79, 0xFA7A, 0xFA7B, 0xFA7C, 0xFA7D, 0xFA7E,
        0xFA7F, 0xFA80, 0xFA81, 0xFA82, 0xFA83, 0xFA84, 0xFA85, 0xFA86, 0xFA87, 0xFA88, 0xFA89, 0xFA8A,
        0xFA8B, 0xFA8C, 0xFA8D, 0xFA8E, 0xFA8F, 0xFA90, 0xFA91, 0xFA92, 0xFA93, 0xFA94, 0xFA95, 0xFA96,
        0xFA97, 0xFA98, 0xFA99, 0xFA9A, 0xFA9B, 0xFA9C, 0xFA9D, 0xFA9E, 0xFA9F, 0xFAA0, 0xFAA1, 0xFAA2,
        0xFAA3, 0xFAA4, 0xFAA5, 0xFAA6, 0xFAA7, 0xFAA8, 0xFAA9, 0xFAAA, 0xFAAB, 0xFAAC, 0xFAAD, 0xFAAE,
        0xFAAF, 0xFAB0, 0xFAB1, 0xFAB2, 0xFAB3, 0xFAB4, 0xFAB5, 0xFAB6, 0xFAB7, 0xFAB8, 0xFAB9, 0xFABA,
        0xFABB, 0xFABC, 0xFABD, 0xFABE, 0xFABF, 0xFAC0, 0xFAC1, 0xFAC2, 0xFAC3, 0xFAC4, 0xFAC5, 0xFAC6,
        0xFAC7, 0xFAC8, 0xFAC9, 0xFACA, 0xFACB, 0xFACC, 0xFACD, 0xFACE, 0xFACF, 0xFAD0, 0xFAD1, 0xFAD2,
        0xFAD3, 0xFAD4, 0xFAD5, 0xFAD6, 0xFAD7, 0xFAD8, 0xFAD9, 0xFB1D, 0xFB1F, 0xFB2A, 0xFB2B, 0xFB2C,
        0xFB2D, 0xFB2E, 0xFB2F, 0xFB30, 0xFB31, 0xFB32, 0xFB33, 0xFB34, 0xFB35, 0xFB36, 0xFB38, 0xFB39,
        0xFB3A, 0xFB3B, 0xFB3C, 0xFB3E, 0xFB40, 0xFB41, 0xFB43, 0xFB44, 0xFB46, 0xFB47, 0xFB48, 0xFB49,
        0xFB4A, 0xFB4B, 0xFB4C, 0xFB4D, 0xFB4E, 0x105C9, 0x105E4, 0x1109A, 0x1109C, 0x110AB, 0x1112E, 0x1112F,
        0x1134B, 0x1134C, 0x11383, 0x11385, 0x1138E, 0x11391, 0x113C5, 0x113C7, 0x113C8, 0x114BB, 0x114BC, 0x114BE,
        0x115BA, 0x115BB, 0x11938, 0x16121, 0x16122, 0x16123, 0x16124, 0x16125, 0x16126, 0x16127, 0x16128, 0x16D68,
        0x16D69, 0x16D6A, 0x1D15E, 0x1D15F, 0x1D160, 0x1D161, 0x1D162, 0x1D163, 0x1D164, 0x1D1BB, 0x1D1BC, 0x1D1BD,
        0x1D1BE, 0x1D1BF, 0x1D1C0, 0x2F800, 0x2F801, 0x2F802, 0x2F803, 0x2F804, 0x2F805, 0x2F806, 0x2F807, 0x2F808,
        0x2F809, 0x2F80A, 0x2F80B, 0x2F80C, 0x2F80D, 0x2F80E, 0x2F80F, 0x2F810, 0x2F811, 0x2F812, 0x2F813, 0x2F814,
        0x2F815, 0x2F816, 0x2F817, 0x2F818, 0x2F819, 0x2F81A, 0x2F81B, 0x2F81C, 0x2F81D, 0x2F81E, 0x2F81F, 0x2F820,
        0x2F821, 0x2F822, 0x2F823, 0x2F824, 0x2F825, 0x2F826, 0x2F827, 0x2F828, 0x2F829, 0x2F82A, 0x2F82B, 0x2F82C,
        0x2F82D, 0x2F82E, 0x2F82F, 0x2F830, 0x2F831, 0x2F832, 0x2F833, 0x2F834, 0x2F835, 0x2F836, 0x2F837, 0x2F838,
        0x2F839, 0x2F83A, 0x2F83B, 0x2F83C, 0x2F83D, 0x2F83E, 0x2F83F, 0x2F840, 0x2F841, 0x2F842, 0x2F843, 0x2F844,
        0x2F845, 0x2F846, 0x2F847, 0x2F848, 0x2F849, 0x2F84A, 0x2F84B, 0x2F84C, 0x2F84D, 0x2F84E, 0x2F84F, 0x2F850,
        0x2F851, 0x2F852, 0x2F853, 0x2F854, 0x2F855, 0x2F856, 0x2F857, 0x2F858, 0x2F859, 0x2F85A, 0x2F85B, 0x2F85C,
        0x2F85D, 0x2F85E, 0x2F85F, 0x2F860, 0x2F861, 0x2F862, 0x2F863, 0x2F864, 0x2F865, 0x2F866, 0x2F867, 0x2F868,
        0x2F869, 0x2F86A, 0x2F86B, 0x2F86C, 0x2F86D, 0x2F86E, 0x2F86F, 0x2F870, 0x2F871, 0x2F872, 0x2F873, 0x2F874,
        0x2F875, 0x2F876, 0x2F877, 0x2F878, 0x2F879, 0x2F87A, 0x2F87B, 0x2F87C, 0x2F87D, 0x2F87E, 0x2F87F, 0x2F880,
        0x2F881, 0x2F882, 0x2F883, 0x2F884, 0x2F885, 0x2F886, 0x2F887, 0x2F888, 0x2F889, 0x2F88A, 0x2F88B, 0x2F88C,
        0x2F88D, 0x2F88E, 0x2F88F, 0x2F890, 0x2F891, 0x2F892, 0x2F893, 0x2F894, 0x2F895, 0x2F896, 0x2F897, 0x2F898,
        0x2F899, 0x2F89A, 0x2F89B, 0x2F89C, 0x2F89D, 0x2F89E, 0x2F89F, 0x2F8A0, 0x2F8A1, 0x2F8A2, 0x2F8A3, 0x2F8A4,
        0x2F8A5, 0x2F8A6, 0x2F8A7, 0x2F8A8, 0x2F8A9, 0x2F8AA, 0x2F8AB, 0x2F8AC, 0x2F8AD, 0x2F8AE, 0x2F8AF, 0x2F8B0,
        0x2F8B1, 0x2F8B2, 0x2F8B3, 0x2F8B4, 0x2F8B5, 0x2F8B6, 0x2F8B7, 0x2F8B8, 0x2F8B9, 0x2F8BA, 0x2F8BB, 0x2F8BC,
        0x2F8BD, 0x2F8BE, 0x2F8BF, 0x2F8C0, 0x2F8C1, 0x2F8C2, 0x2F8C3, 0x2F8C4, 0x2F8C5, 0x2F8C6, 0x2F8C7, 0x2F8C8,
        0x2F8C9, 0x2F8CA, 0x2F8CB, 0x2F8CC, 0x2F8CD, 0x2F8CE, 0x2F8CF, 0x2F8D0, 0x2F8D1, 0x2F8D2, 0x2F8D3, 0x2F8D4,
        0x2F8D5, 0x2F8D6, 0x2F8D7, 0x2F8D8, 0x2F8D9, 0x2F8DA, 0x2F8DB, 0x2F8DC, 0x2F8DD, 0x2F8DE, 0x2F8DF, 0x2F8E0,
        0x2F8E1, 0x2F8E2, 0x2F8E3, 0x2F8E4, 0x2F8E5, 0x2F8E6, 0x2F8E7, 0x2F8E8, 0x2F8E9, 0x2F8EA, 0x2F8EB, 0x2F8EC,
        0x2F8ED, 0x2F8EE, 0x2F8EF, 0x2F8F0, 0x2F8F1, 0x2F8F2, 0x2F8F3, 0x2F8F4, 0x2F8F5, 0x2F8F6, 0x2F8F7, 0x2F8F8,
        0x2F8F9, 0x2F8FA, 0x2F8FB, 0x2F8FC, 0x2F8FD, 0x2F8FE, 0x2F8FF, 0x2F900, 0x2F901, 0x2F902, 0x2F903, 0x2F904,
        0x2F905, 0x2F906, 0x2F907, 0x2F908, 0x2F909, 0x2F90A, 0x2F90B, 0x2F90C, 0x2F90D, 0x2F90E, 0x2F90F, 0x2F910,
        0x2F911, 0x2F912, 0x2F913, 0x2F914, 0x2F915, 0x2F916, 0x2F917, 0x2F918, 0x2F919, 0x2F91A, 0x2F91B, 0x2F91C,
        0x2F91D, 0x2F91E, 0x2F91F, 0x2F920, 0x2F921, 0x2F922, 0x2F923, 0x2F924, 0x2F925, 0x2F926, 0x2F927, 0x2F928,
        0x2F929, 0x2F92A, 0x2F92B, 0x2F92C, 0x2F92D, 0x2F92E, 0x2F92F, 0x2F930, 0x2F931, 0x2F932, 0x2F933, 0x2F934,
        0x2F935, 0x2F936, 0x2F937, 0x2F938, 0x2F939, 0x2F93A, 0x2F93B, 0x2F93C, 0x2F93D, 0x2F93E, 0x2F93F, 0x2F940,
        0x2F941, 0x2F942, 0x2F943, 0x2F944, 0x2F945, 0x2F946, 0x2F947, 0x2F948, 0x2F949, 0x2F94A, 0x2F94B, 0x2F94C,
        0x2F94D, 0x2F94E, 0x2F94F, 0x2F950, 0x2F951, 0x2F952, 0x2F953, 0x2F954, 0x2F955, 0x2F956, 0x2F957, 0x2F958,
        0x2F959, 0x2F95A, 0x2F95B, 0x2F95C, 0x2F95D, 0x2F95E, 0x2F95F, 0x2F960, 0x2F961, 0x2F962, 0x2F963, 0x2F964,
        0x2F965, 0x2F966, 0x2F967, 0x2F968, 0x2F969, 0x2F96A, 0x2F96B, 0x2F96C, 0x2F96D, 0x2F96E, 0x2F96F, 0x2F970,
        0x2F971, 0x2F972, 0x2F973, 0x2F974, 0x2F975, 0x2F976, 0x2F977, 0x2F978, 0x2F979, 0x2F97A, 0x2F97B, 0x2F97C,
        0x2F97D, 0x2F97E, 0x2F97F, 0x2F980, 0x2F981, 0x2F982, 0x2F983, 0x2F984, 0x2F985, 0x2F986, 0x2F987, 0x2F988,
        0x2F989, 0x2F98A, 0x2F98B, 0x2F98C, 0x2F98D, 0x2F98E, 0x2F98F, 0x2F990, 0x2F991, 0x2F992, 0x2F993, 0x2F994,
        0x2F995, 0x2F996, 0x2F997, 0x2F998, 0x2F999, 0x2F99A, 0x2F99B, 0x2F99C, 0x2F99D, 0x2F99E, 0x2F99F, 0x2F9A0,
        0x2F9A1, 0x2F9A2, 0x2F9A3, 0x2F9A4, 0x2F9A5, 0x2F9A6, 0x2F9A7, 0x2F9A8, 0x2F9A9, 0x2F9AA, 0x2F9AB, 0x2F9AC,
        0x2F9AD, 0x2F9AE, 0x2F9AF, 0x2F9B0, 0x2F9B1, 0x2F9B2, 0x2F9B3, 0x2F9B4, 0x2F9B5, 0x2F9B6, 0x2F9B7, 0x2F9B8,
        0x2F9B9, 0x2F9BA, 0x2F9BB, 0x2F9BC, 0x2F9BD, 0x2F9BE, 0x2F9BF, 0x2F9C0, 0x2F9C1, 0x2F9C2, 0x2F9C3, 0x2F9C4,
        0x2F9C5, 0x2F9C6, 0x2F9C7, 0x2F9C8, 0x2F9C9, 0x2F9CA, 0x2F9CB, 0x2F9CC, 0x2F9CD, 0x2F9CE, 0x2F9CF, 0x2F9D0,
        0x2F9D1, 0x2F9D2, 0x2F9D3, 0x2F9D4, 0x2F9D5, 0x2F9D6, 0x2F9D7, 0x2F9D8, 0x2F9D9, 0x2F9DA, 0x2F9DB, 0x2F9DC,
        0x2F9DD, 0x2F9DE, 0x2F9DF, 0x2F9E0, 0x2F9E1, 0x2F9E2, 0x2F9E3, 0x2F9E4, 0x2F9E5, 0x2F9E6, 0x2F9E7, 0x2F9E8,
        0x2F9E9, 0x2F9EA, 0x2F9EB, 0x2F9EC, 0x2F9ED, 0x2F9EE, 0x2F9EF, 0x2F9F0, 0x2F9F1, 0x2F9F2, 0x2F9F3, 0x2F9F4,
        0x2F9F5, 0x2F9F6, 0x2F9F7, 0x2F9F8, 0x2F9F9, 0x2F9FA, 0x2F9FB, 0x2F9FC, 0x2F9FD, 0x2F9FE, 0x2F9FF, 0x2FA00,
        0x2FA01, 0x2FA02, 0x2FA03, 0x2FA04, 0x2FA05, 0x2FA06, 0x2FA07, 0x2FA08, 0x2FA09, 0x2FA0A, 0x2FA0B, 0x2FA0C,
        0x2FA0D, 0x2FA0E, 0x2FA0F, 0x2FA10, 0x2FA11, 0x2FA12, 0x2FA13, 0x2FA14, 0x2FA15, 0x2FA16, 0x2FA17, 0x2FA18,
        0x2FA19, 0x2FA1A, 0x2FA1B, 0x2FA1C, 0x2FA1D,
    ];

    internal static readonly int[] DecompositionValues =
    [
        0x2, 0x22, 0x42, 0x62, 0x82, 0xA2, 0xC2, 0xE2, 0x102, 0x122, 0x142, 0x162,
        0x182, 0x1A2, 0x1C2, 0x1E2, 0x202, 0x222, 0x242, 0x262, 0x282, 0x2A2, 0x2C2, 0x2E2,
        0x302, 0x322, 0x342, 0x362, 0x382, 0x3A2, 0x3C2, 0x3E2, 0x402, 0x422, 0x442, 0x462,
        0x482, 0x4A2, 0x4C2, 0x4E2, 0x502, 0x522, 0x542, 0x562, 0x582, 0x5A2, 0x5C2, 0x5E2,
        0x602, 0x622, 0x642, 0x662, 0x682, 0x6A2, 0x6C2, 0x6E2, 0x702, 0x722, 0x742, 0x762,
        0x782, 0x7A2, 0x7C2, 0x7E2, 0x802, 0x822, 0x842, 0x862, 0x882, 0x8A2, 0x8C2, 0x8E2,
        0x902, 0x922, 0x942, 0x962, 0x982, 0x9A2, 0x9C2, 0x9E2, 0xA02, 0xA22, 0xA42, 0xA62,
        0xA82, 0xAA2, 0xAC2, 0xAE2, 0xB02, 0xB22, 0xB42, 0xB62, 0xB82, 0xBA2, 0xBC2, 0xBE2,
        0xC02, 0xC22, 0xC42, 0xC62, 0xC82, 0xCA2, 0xCC2, 0xCE2, 0xD02, 0xD22, 0xD42, 0xD62,
        0xD82, 0xDA2, 0xDC2, 0xDE2, 0xE02, 0xE22, 0xE42, 0xE62, 0xE82, 0xEA2, 0xEC2, 0xEE2,
        0xF02, 0xF22, 0xF42, 0xF62, 0xF82, 0xFA2, 0xFC2, 0xFE2, 0x1002, 0x1022, 0x1042, 0x1062,
        0x1082, 0x10A2, 0x10C2, 0x10E2, 0x1102, 0x1122, 0x1142, 0x1162, 0x1182, 0x11A2, 0x11C2, 0x11E2,
        0x1202, 0x1222, 0x1242, 0x1262, 0x1282, 0x12A2, 0x12C2, 0x12E2, 0x1302, 0x1322, 0x1342, 0x1362,
        0x1382, 0x13A2, 0x13C2, 0x13E2, 0x1402, 0x1422, 0x1442, 0x1462, 0x1482, 0x14A2, 0x14C2, 0x14E2,
        0x1502, 0x1522, 0x1542, 0x1562, 0x1582, 0x15A3, 0x15D3, 0x1603, 0x1633, 0x1663, 0x1693, 0x16C3,
        0x16F3, 0x1723, 0x1753, 0x1783, 0x17B3, 0x17E2, 0x1802, 0x1822, 0x1842, 0x1862, 0x1882, 0x18A2,
        0x18C2, 0x18E3, 0x1913, 0x1942, 0x1962, 0x1982, 0x19A2, 0x19C2, 0x19E2, 0x1A02, 0x1A23, 0x1A53,
        0x1A82, 0x1AA2, 0x1AC2, 0x1AE2, 0x1B02, 0x1B22, 0x1B42, 0x1B62, 0x1B82, 0x1BA2, 0x1BC2, 0x1BE2,
        0x1C02, 0x1C22, 0x1C42, 0x1C62, 0x1C82, 0x1CA2, 0x1CC2, 0x1CE2, 0x1D02, 0x1D22, 0x1D42, 0x1D62,
        0x1D82, 0x1DA2, 0x1DC2, 0x1DE2, 0x1E02, 0x1E22, 0x1E42, 0x1E62, 0x1E82, 0x1EA2, 0x1EC2, 0x1EE2,
        0x1F02, 0x1F22, 0x1F43, 0x1F73, 0x1FA3, 0x1FD3, 0x2002, 0x2022, 0x2043, 0x2073, 0x20A2, 0x20C2,
        0x20E1, 0x20F1, 0x2101, 0x2112, 0x2131, 0x2141, 0x2152, 0x2172, 0x2191, 0x21A2, 0x21C2, 0x21E2,
        0x2202, 0x2222, 0x2242, 0x2263, 0x2292, 0x22B2, 0x22D2, 0x22F2, 0x2312, 0x2332, 0x2353, 0x2382,
        0x23A2, 0x23C2, 0x23E2, 0x2402, 0x2422, 0x2442, 0x2462, 0x2482, 0x24A2, 0x24C2, 0x24E2, 0x2502,
        0x2522, 0x2542, 0x2562, 0x2582, 0x25A2, 0x25C2, 0x25E2, 0x2602, 0x2622, 0x2642, 0x2662, 0x2682,
        0x26A2, 0x26C2, 0x26E2, 0x2702, 0x2722, 0x2742, 0x2762, 0x2782, 0x27A2, 0x27C2, 0x27E2, 0x2802,
        0x2822, 0x2842, 0x2862, 0x2882, 0x28A2, 0x28C2, 0x28E2, 0x2902, 0x2922, 0x2942, 0x2962, 0x2982,
        0x29A2, 0x29C2, 0x29E2, 0x2A02, 0x2A22, 0x2A42, 0x2A62, 0x2A82, 0x2AA2, 0x2AC2, 0x2AE2, 0x2B02,
        0x2B22, 0x2B42, 0x2B62, 0x2B82, 0x2BA2, 0x2BC2, 0x2BE2, 0x2C02, 0x2C22, 0x2C42, 0x2C62, 0x2C82,
        0x2CA2, 0x2CC2, 0x2CE2, 0x2D02, 0x2D22, 0x2D42, 0x2D62, 0x2D82, 0x2DA2, 0x2DC2, 0x2DE2, 0x2E02,
        0x2E22, 0x2E42, 0x2E62, 0x2E82, 0x2EA2, 0x2EC2, 0x2EE2, 0x2F02, 0x2F22, 0x2F42, 0x2F62, 0x2F82,
        0x2FA2, 0x2FC2, 0x2FE2, 0x3002, 0x3022, 0x3042, 0x3063, 0x3092, 0x30B2, 0x30D2, 0x30F2, 0x3112,
        0x3133, 0x3162, 0x3182, 0x31A2, 0x31C2, 0x31E2, 0x3202, 0x3222, 0x3242, 0x3262, 0x3282, 0x32A2,
        0x32C2, 0x32E2, 0x3302, 0x3322, 0x3342, 0x3362, 0x3382, 0x33A2, 0x33C2, 0x33E2, 0x3402, 0x3422,
        0x3442, 0x3462, 0x3482, 0x34A2, 0x34C2, 0x34E2, 0x3502, 0x3522, 0x3542, 0x3562, 0x3582, 0x35A2,
        0x35C2, 0x35E2, 0x3602, 0x3623, 0x3653, 0x3682, 0x36A2, 0x36C2, 0x36E2, 0x3702, 0x3722, 0x3742,
        0x3762, 0x3782, 0x37A2, 0x37C3, 0x37F3, 0x3823, 0x3853, 0x3882, 0x38A2, 0x38C2, 0x38E2, 0x3903,
        0x3933, 0x3962, 0x3982, 0x39A2, 0x39C2, 0x39E2, 0x3A02, 0x3A22, 0x3A42, 0x3A62, 0x3A82, 0x3AA2,
        0x3AC2, 0x3AE2, 0x3B02, 0x3B22, 0x3B42, 0x3B63, 0x3B93, 0x3BC2, 0x3BE2, 0x3C02, 0x3C22, 0x3C42,
        0x3C62, 0x3C82, 0x3CA2, 0x3CC3, 0x3CF3, 0x3D22, 0x3D42, 0x3D62, 0x3D82, 0x3DA2, 0x3DC2, 0x3DE2,
        0x3E02, 0x3E22, 0x3E42, 0x3E62, 0x3E82, 0x3EA2, 0x3EC2, 0x3EE2, 0x3F02, 0x3F22, 0x3F42, 0x3F63,
        0x3F93, 0x3FC3, 0x3FF3, 0x4023, 0x4053, 0x4083, 0x40B3, 0x40E2, 0x4102, 0x4122, 0x4142, 0x4162,
        0x4182, 0x41A2, 0x41C2, 0x41E3, 0x4213, 0x4242, 0x4262, 0x4282, 0x42A2, 0x42C2, 0x42E2, 0x4303,
        0x4333, 0x4363, 0x4393, 0x43C3, 0x43F3, 0x4422, 0x4442, 0x4462, 0x4482, 0x44A2, 0x44C2, 0x44E2,
        0x4502, 0x4522, 0x4542, 0x4562, 0x4582, 0x45A2, 0x45C2, 0x45E3, 0x4613, 0x4643, 0x4673, 0x46A2,
        0x46C2, 0x46E2, 0x4702, 0x4722, 0x4742, 0x4762, 0x4782, 0x47A2, 0x47C2, 0x47E2, 0x4802, 0x4822,
        0x4842, 0x4862, 0x4882, 0x48A2, 0x48C2, 0x48E2, 0x4902, 0x4922, 0x4942, 0x4962, 0x4982, 0x49A2,
        0x49C2, 0x49E2, 0x4A02, 0x4A22, 0x4A42, 0x4A62, 0x4A82, 0x4AA2, 0x4AC2, 0x4AE2, 0x4B03, 0x4B33,
        0x4B63, 0x4B93, 0x4BC3, 0x4BF3, 0x4C23, 0x4C53, 0x4C83, 0x4CB3, 0x4CE3, 0x4D13, 0x4D43, 0x4D73,
        0x4DA3, 0x4DD3, 0x4E03, 0x4E33, 0x4E63, 0x4E93, 0x4EC2, 0x4EE2, 0x4F02, 0x4F22, 0x4F42, 0x4F62,
        0x4F83, 0x4FB3, 0x4FE3, 0x5013, 0x5043, 0x5073, 0x50A3, 0x50D3, 0x5103, 0x5133, 0x5162, 0x5182,
        0x51A2, 0x51C2, 0x51E2, 0x5202, 0x5222, 0x5242, 0x5263, 0x5293, 0x52C3, 0x52F3, 0x5323, 0x5353,
        0x5383, 0x53B3, 0x53E3, 0x5413, 0x5443, 0x5473, 0x54A3, 0x54D3, 0x5503, 0x5533, 0x5563, 0x5593,
        0x55C3, 0x55F3, 0x5622, 0x5642, 0x5662, 0x5682, 0x56A3, 0x56D3, 0x5703, 0x5733, 0x5763, 0x5793,
        0x57C3, 0x57F3, 0x5823, 0x5853, 0x5882, 0x58A2, 0x58C2, 0x58E2, 0x5902, 0x5922, 0x5942, 0x5962,
        0x5982, 0x59A2, 0x59C3, 0x59F3, 0x5A23, 0x5A53, 0x5A83, 0x5AB3, 0x5AE2, 0x5B02, 0x5B23, 0x5B53,
        0x5B83, 0x5BB3, 0x5BE3, 0x5C13, 0x5C42, 0x5C62, 0x5C83, 0x5CB3, 0x5CE3, 0x5D13, 0x5D42, 0x5D62,
        0x5D83, 0x5DB3, 0x5DE3, 0x5E13, 0x5E42, 0x5E62, 0x5E83, 0x5EB3, 0x5EE3, 0x5F13, 0x5F43, 0x5F73,
        0x5FA2, 0x5FC2, 0x5FE3, 0x6013, 0x6043, 0x6073, 0x60A3, 0x60D3, 0x6102, 0x6122, 0x6143, 0x6173,
        0x61A3, 0x61D3, 0x6203, 0x6233, 0x6262, 0x6282, 0x62A3, 0x62D3, 0x6303, 0x6333, 0x6363, 0x6393,
        0x63C2, 0x63E2, 0x6403, 0x6433, 0x6463, 0x6493, 0x64C2, 0x64E2, 0x6503, 0x6533, 0x6563, 0x6593,
        0x65C2, 0x65E2, 0x6603, 0x6633, 0x6663, 0x6693, 0x66C3, 0x66F3, 0x6722, 0x6743, 0x6773, 0x67A3,
        0x67D2, 0x67F2, 0x6813, 0x6843, 0x6873, 0x68A3, 0x68D3, 0x6903, 0x6932, 0x6952, 0x6973, 0x69A3,
        0x69D3, 0x6A03, 0x6A33, 0x6A63, 0x6A92, 0x6AB2, 0x6AD2, 0x6AF2, 0x6B12, 0x6B32, 0x6B52, 0x6B72,
        0x6B92, 0x6BB2, 0x6BD2, 0x6BF2, 0x6C12, 0x6C32, 0x6C53, 0x6C83, 0x6CB4, 0x6CF4, 0x6D34, 0x6D74,
        0x6DB4, 0x6DF4, 0x6E33, 0x6E63, 0x6E94, 0x6ED4, 0x6F14, 0x6F54, 0x6F94, 0x6FD4, 0x7013, 0x7043,
        0x7074, 0x70B4, 0x70F4, 0x7134, 0x7174, 0x71B4, 0x71F3, 0x7223, 0x7254, 0x7294, 0x72D4, 0x7314,
        0x7354, 0x7394, 0x73D3, 0x7403, 0x7434, 0x7474, 0x74B4, 0x74F4, 0x7534, 0x7574, 0x75B3, 0x75E3,
        0x7614, 0x7654, 0x7694, 0x76D4, 0x7714, 0x7754, 0x7792, 0x77B2, 0x77D3, 0x7802, 0x7823, 0x7852,
        0x7873, 0x78A2, 0x78C2, 0x78E2, 0x7902, 0x7922, 0x7941, 0x7952, 0x7973, 0x79A2, 0x79C3, 0x79F2,
        0x7A13, 0x7A42, 0x7A62, 0x7A82, 0x7AA2, 0x7AC2, 0x7AE2, 0x7B02, 0x7B22, 0x7B42, 0x7B62, 0x7B83,
        0x7BB3, 0x7BE2, 0x7C03, 0x7C32, 0x7C52, 0x7C72, 0x7C92, 0x7CB2, 0x7CD2, 0x7CF2, 0x7D12, 0x7D32,
        0x7D53, 0x7D83, 0x7DB2, 0x7DD2, 0x7DF2, 0x7E13, 0x7E42, 0x7E62, 0x7E82, 0x7EA2, 0x7EC2, 0x7EE2,
        0x7F02, 0x7F21, 0x7F33, 0x7F62, 0x7F83, 0x7FB2, 0x7FD3, 0x8002, 0x8022, 0x8042, 0x8062, 0x8082,
        0x80A1, 0x80B1, 0x80C1, 0x80D1, 0x80E1, 0x80F2, 0x8112, 0x8132, 0x8152, 0x8172, 0x8192, 0x81B2,
        0x81D2, 0x81F2, 0x8212, 0x8232, 0x8252, 0x8272, 0x8292, 0x82B2, 0x82D2, 0x82F2, 0x8312, 0x8332,
        0x8352, 0x8372, 0x8392, 0x83B2, 0x83D2, 0x83F2, 0x8412, 0x8432, 0x8452, 0x8472, 0x8492, 0x84B2,
        0x84D2, 0x84F2, 0x8512, 0x8532, 0x8552, 0x8572, 0x8592, 0x85B2, 0x85D2, 0x85F2, 0x8612, 0x8632,
        0x8652, 0x8672, 0x8691, 0x86A1, 0x86B2, 0x86D2, 0x86F2, 0x8712, 0x8732, 0x8752, 0x8772, 0x8792,
        0x87B2, 0x87D2, 0x87F2, 0x8812, 0x8832, 0x8852, 0x8872, 0x8892, 0x88B2, 0x88D2, 0x88F2, 0x8912,
        0x8932, 0x8952, 0x8972, 0x8992, 0x89B2, 0x89D2, 0x89F2, 0x8A12, 0x8A32, 0x8A52, 0x8A72, 0x8A92,
        0x8AB2, 0x8AD2, 0x8AF2, 0x8B12, 0x8B32, 0x8B52, 0x8B72, 0x8B92, 0x8BB2, 0x8BD2, 0x8BF2, 0x8C12,
        0x8C32, 0x8C52, 0x8C72, 0x8C92, 0x8CB2, 0x8CD2, 0x8CF2, 0x8D12, 0x8D32, 0x8D52, 0x8D72, 0x8D92,
        0x8DB2, 0x8DD2, 0x8DF2, 0x8E11, 0x8E21, 0x8E31, 0x8E41, 0x8E51, 0x8E61, 0x8E71, 0x8E81, 0x8E91,
        0x8EA1, 0x8EB1, 0x8EC1, 0x8ED1, 0x8EE1, 0x8EF1, 0x8F01, 0x8F11, 0x8F21, 0x8F31, 0x8F41, 0x8F51,
        0x8F61, 0x8F71, 0x8F81, 0x8F91, 0x8FA1, 0x8FB1, 0x8FC1, 0x8FD1, 0x8FE1, 0x8FF1, 0x9001, 0x9011,
        0x9021, 0x9031, 0x9041, 0x9051, 0x9061, 0x9071, 0x9081, 0x9091, 0x90A1, 0x90B1, 0x90C1, 0x90D1,
        0x90E1, 0x90F1, 0x9101, 0x9111, 0x9121, 0x9131, 0x9141, 0x9151, 0x9161, 0x9171, 0x9181, 0x9191,
        0x91A1, 0x91B1, 0x91C1, 0x91D1, 0x91E1, 0x91F1, 0x9201, 0x9211, 0x9221, 0x9231, 0x9241, 0x9251,
        0x9261, 0x9271, 0x9281, 0x9291, 0x92A1, 0x92B1, 0x92C1, 0x92D1, 0x92E1, 0x92F1, 0x9301, 0x9311,
        0x9321, 0x9331, 0x9341, 0x9351, 0x9361, 0x9371, 0x9381, 0x9391, 0x93A1, 0x93B1, 0x93C1, 0x93D1,
        0x93E1, 0x93F1, 0x9401, 0x9411, 0x9421, 0x9431, 0x9441, 0x9451, 0x9461, 0x9471, 0x9481, 0x9491,
        0x94A1, 0x94B1, 0x94C1, 0x94D1, 0x94E1, 0x94F1, 0x9501, 0x9511, 0x9521, 0x9531, 0x9541, 0x9551,
        0x9561, 0x9571, 0x9581, 0x9591, 0x95A1, 0x95B1, 0x95C1, 0x95D1, 0x95E1, 0x95F1, 0x9601, 0x9611,
        0x9621, 0x9631, 0x9641, 0x9651, 0x9661, 0x9671, 0x9681, 0x9691, 0x96A1, 0x96B1, 0x96C1, 0x96D1,
        0x96E1, 0x96F1, 0x9701, 0x9711, 0x9721, 0x9731, 0x9741, 0x9751, 0x9761, 0x9771, 0x9781, 0x9791,
        0x97A1, 0x97B1, 0x97C1, 0x97D1, 0x97E1, 0x97F1, 0x9801, 0x9811, 0x9821, 0x9831, 0x9841, 0x9851,
        0x9861, 0x9871, 0x9881, 0x9891, 0x98A1, 0x98B1, 0x98C1, 0x98D1, 0x98E1, 0x98F1, 0x9901, 0x9911,
        0x9921, 0x9931, 0x9941, 0x9951, 0x9961, 0x9971, 0x9981, 0x9991, 0x99A1, 0x99B1, 0x99C1, 0x99D1,
        0x99E1, 0x99F1, 0x9A01, 0x9A11, 0x9A21, 0x9A31, 0x9A41, 0x9A51, 0x9A61, 0x9A71, 0x9A81, 0x9A91,
        0x9AA1, 0x9AB1, 0x9AC1, 0x9AD1, 0x9AE1, 0x9AF1, 0x9B01, 0x9B11, 0x9B21, 0x9B31, 0x9B41, 0x9B51,
        0x9B61, 0x9B71, 0x9B81, 0x9B91, 0x9BA1, 0x9BB1, 0x9BC1, 0x9BD1, 0x9BE1, 0x9BF1, 0x9C01, 0x9C11,
        0x9C21, 0x9C31, 0x9C41, 0x9C51, 0x9C61, 0x9C71, 0x9C81, 0x9C91, 0x9CA1, 0x9CB1, 0x9CC1, 0x9CD1,
        0x9CE1, 0x9CF1, 0x9D01, 0x9D11, 0x9D21, 0x9D31, 0x9D41, 0x9D51, 0x9D61, 0x9D71, 0x9D81, 0x9D91,
        0x9DA1, 0x9DB1, 0x9DC1, 0x9DD1, 0x9DE1, 0x9DF1, 0x9E01, 0x9E11, 0x9E21, 0x9E31, 0x9E41, 0x9E51,
        0x9E61, 0x9E71, 0x9E81, 0x9E91, 0x9EA1, 0x9EB1, 0x9EC1, 0x9ED1, 0x9EE1, 0x9EF1, 0x9F01, 0x9F11,
        0x9F21, 0x9F31, 0x9F41, 0x9F51, 0x9F61, 0x9F71, 0x9F81, 0x9F91, 0x9FA1, 0x9FB1, 0x9FC1, 0x9FD1,
        0x9FE1, 0x9FF1, 0xA001, 0xA011, 0xA021, 0xA031, 0xA041, 0xA051, 0xA061, 0xA071, 0xA081, 0xA091,
        0xA0A1, 0xA0B1, 0xA0C1, 0xA0D1, 0xA0E1, 0xA0F1, 0xA101, 0xA111, 0xA121, 0xA131, 0xA141, 0xA151,
        0xA161, 0xA171, 0xA181, 0xA191, 0xA1A1, 0xA1B1, 0xA1C1, 0xA1D1, 0xA1E1, 0xA1F1, 0xA201, 0xA211,
        0xA221, 0xA231, 0xA241, 0xA251, 0xA261, 0xA271, 0xA281, 0xA291, 0xA2A1, 0xA2B1, 0xA2C1, 0xA2D1,
        0xA2E1, 0xA2F1, 0xA301, 0xA311, 0xA321, 0xA331, 0xA341, 0xA351, 0xA361, 0xA371, 0xA381, 0xA391,
        0xA3A1, 0xA3B1, 0xA3C1, 0xA3D1, 0xA3E1, 0xA3F1, 0xA401, 0xA412, 0xA431, 0xA441, 0xA451, 0xA461,
        0xA471, 0xA481, 0xA491, 0xA4A1, 0xA4B1, 0xA4C1, 0xA4D1, 0xA4E1, 0xA4F1, 0xA501, 0xA511, 0xA521,
        0xA531, 0xA541, 0xA551, 0xA561, 0xA571, 0xA581, 0xA591, 0xA5A1, 0xA5B1, 0xA5C1, 0xA5D1, 0xA5E1,
        0xA5F1, 0xA601, 0xA611, 0xA621, 0xA631, 0xA641, 0xA651, 0xA661, 0xA671, 0xA681, 0xA691, 0xA6A1,
        0xA6B1, 0xA6C1, 0xA6D1, 0xA6E1, 0xA6F1, 0xA701, 0xA711, 0xA721, 0xA731, 0xA741, 0xA751, 0xA761,
        0xA771, 0xA781, 0xA791, 0xA7A1, 0xA7B1, 0xA7C1, 0xA7D1, 0xA7E1, 0xA7F1, 0xA801, 0xA811, 0xA821,
        0xA831, 0xA841, 0xA851, 0xA861, 0xA871, 0xA881, 0xA891, 0xA8A1, 0xA8B1, 0xA8C1, 0xA8D1, 0xA8E1,
        0xA8F1, 0xA901, 0xA911, 0xA921, 0xA931, 0xA941, 0xA951, 0xA961, 0xA971, 0xA981, 0xA991, 0xA9A1,
        0xA9B1, 0xA9C1, 0xA9D1, 0xA9E1, 0xA9F1, 0xAA01, 0xAA11, 0xAA21, 0xAA32, 0xAA52, 0xAA72, 0xAA91,
        0xAAA1, 0xAAB1, 0xAAC2, 0xAAE2, 0xAB02, 0xAB21, 0xAB31, 0xAB42, 0xAB62, 0xAB82, 0xABA2, 0xABC3,
        0xABF3, 0xAC22, 0xAC42, 0xAC62, 0xAC82, 0xACA2, 0xACC2, 0xACE2, 0xAD02, 0xAD22, 0xAD42, 0xAD62,
        0xAD82, 0xADA2, 0xADC2, 0xADE2, 0xAE02, 0xAE22, 0xAE42, 0xAE62, 0xAE82, 0xAEA2, 0xAEC2, 0xAEE2,
        0xAF02, 0xAF22, 0xAF42, 0xAF62, 0xAF82, 0xAFA3, 0xAFD3, 0xB004, 0xB044, 0xB084, 0xB0C4, 0xB104,
        0xB144, 0xB184, 0xB1C4, 0xB204, 0xB244, 0xB284, 0xB2C4, 0xB304, 0xB344, 0xB384, 0xB3C4, 0xB404,
        0xB444, 0xB484, 0xB4C4, 0xB504, 0xB544, 0xB584, 0xB5C4, 0xB604, 0xB646, 0xB6A6, 0xB706, 0xB764,
        0xB7A4, 0xB7E6, 0xB844, 0xB884, 0xB8C6, 0xB926, 0xB986, 0xB9E6, 0xBA46, 0xBAA4, 0xBAE4, 0xBB26,
        0xBB86, 0xBBE6, 0xBC46, 0xBCA1, 0xBCB1, 0xBCC1, 0xBCD2, 0xBCF1, 0xBD01, 0xBD11, 0xBD21, 0xBD31,
        0xBD41, 0xBD51, 0xBD61, 0xBD71, 0xBD82, 0xBDA1, 0xBDB1, 0xBDC1, 0xBDD1, 0xBDE2, 0xBE01, 0xBE11,
        0xBE21, 0xBE32, 0xBE51, 0xBE61, 0xBE71, 0xBE81, 0xBE91, 0xBEA2, 0xBEC1, 0xBED1, 0xBEE1, 0xBEF1,
        0xBF01, 0xBF11, 0xBF21, 0xBF31, 0xBF41, 0xBF51, 0xBF61, 0xBF71, 0xBF81, 0xBF91, 0xBFA1, 0xBFB1,
        0xBFC1, 0xBFD1, 0xBFE1, 0xBFF1, 0xC001, 0xC011, 0xC021, 0xC032, 0xC051, 0xC061, 0xC071, 0xC082,
        0xC0A1, 0xC0B1, 0xC0C1, 0xC0D1, 0xC0E1, 0xC0F1, 0xC101, 0xC111, 0xC121, 0xC131, 0xC141, 0xC151,
        0xC161, 0xC171, 0xC181, 0xC191, 0xC1A1, 0xC1B1, 0xC1C1, 0xC1D1, 0xC1E1, 0xC1F1, 0xC201, 0xC211,
        0xC221, 0xC231, 0xC241, 0xC251, 0xC261, 0xC271, 0xC281, 0xC291, 0xC2A2, 0xC2C1, 0xC2D1, 0xC2E1,
        0xC2F1, 0xC301, 0xC311, 0xC322, 0xC342, 0xC361, 0xC371, 0xC381, 0xC391, 0xC3A1, 0xC3B1, 0xC3C1,
        0xC3D1, 0xC3E1, 0xC3F1, 0xC402, 0xC421, 0xC431, 0xC441, 0xC451, 0xC462, 0xC481, 0xC491, 0xC4A1,
        0xC4B1, 0xC4C1, 0xC4D1, 0xC4E1, 0xC4F1, 0xC501, 0xC512, 0xC531, 0xC542, 0xC561, 0xC571, 0xC581,
        0xC591, 0xC5A1, 0xC5B1, 0xC5C1, 0xC5D1, 0xC5E1, 0xC5F1, 0xC601, 0xC612, 0xC631, 0xC641, 0xC651,
        0xC661, 0xC671, 0xC682, 0xC6A1, 0xC6B2, 0xC6D2, 0xC6F1, 0xC701, 0xC711, 0xC721, 0xC732, 0xC752,
        0xC771, 0xC781, 0xC791, 0xC7A1, 0xC7B1, 0xC7C1, 0xC7D1, 0xC7E1, 0xC7F1, 0xC801, 0xC811, 0xC822,
        0xC841, 0xC851, 0xC861, 0xC871, 0xC881, 0xC891, 0xC8A1, 0xC8B1, 0xC8C1, 0xC8D1, 0xC8E1, 0xC8F1,
        0xC901, 0xC911, 0xC921, 0xC931, 0xC941, 0xC951, 0xC961, 0xC972, 0xC991, 0xC9A1, 0xC9B1, 0xC9C1,
        0xC9D1, 0xC9E2, 0xCA01, 0xCA11, 0xCA21, 0xCA31, 0xCA41, 0xCA51, 0xCA61, 0xCA71, 0xCA81, 0xCA91,
        0xCAA1, 0xCAB2, 0xCAD1, 0xCAE1, 0xCAF1, 0xCB01, 0xCB11, 0xCB21, 0xCB31, 0xCB41, 0xCB51, 0xCB61,
        0xCB71, 0xCB81, 0xCB91, 0xCBA1, 0xCBB1, 0xCBC1, 0xCBD1, 0xCBE1, 0xCBF2, 0xCC11, 0xCC21, 0xCC31,
        0xCC41, 0xCC51, 0xCC62, 0xCC81, 0xCC91, 0xCCA1, 0xCCB1, 0xCCC1, 0xCCD1, 0xCCE1, 0xCCF1, 0xCD02,
        0xCD21, 0xCD31, 0xCD41, 0xCD52, 0xCD71, 0xCD81, 0xCD91, 0xCDA1, 0xCDB1, 0xCDC1, 0xCDD2, 0xCDF2,
        0xCE12, 0xCE31, 0xCE42, 0xCE61, 0xCE71, 0xCE81, 0xCE91, 0xCEA1, 0xCEB1, 0xCEC1, 0xCED1, 0xCEE1,
        0xCEF1, 0xCF02, 0xCF21, 0xCF31, 0xCF41, 0xCF51, 0xCF61, 0xCF71, 0xCF82, 0xCFA1, 0xCFB1, 0xCFC2,
        0xCFE2, 0xD001, 0xD011, 0xD021, 0xD031, 0xD041, 0xD051, 0xD061, 0xD071, 0xD081, 0xD092, 0xD0B1,
        0xD0C2, 0xD0E1, 0xD0F2, 0xD111, 0xD121, 0xD131, 0xD142, 0xD161, 0xD171, 0xD182, 0xD1A2, 0xD1C1,
        0xD1D1, 0xD1E1, 0xD1F1, 0xD201, 0xD211, 0xD221, 0xD231, 0xD241, 0xD251, 0xD261, 0xD271, 0xD281,
        0xD292, 0xD2B1, 0xD2C2, 0xD2E1, 0xD2F2, 0xD311, 0xD322, 0xD342, 0xD362, 0xD381, 0xD391, 0xD3A1,
        0xD3B2, 0xD3D2, 0xD3F2, 0xD412, 0xD431, 0xD441, 0xD451, 0xD461, 0xD471, 0xD481, 0xD491, 0xD4A1,
        0xD4B2, 0xD4D1, 0xD4E1, 0xD4F1, 0xD501, 0xD512, 0xD531, 0xD542, 0xD562, 0xD581, 0xD591, 0xD5A1,
        0xD5B1, 0xD5C1, 0xD5D1, 0xD5E2, 0xD602, 0xD622, 0xD641, 0xD651, 0xD662, 0xD681, 0xD691, 0xD6A1,
        0xD6B2, 0xD6D1, 0xD6E1, 0xD6F1, 0xD701, 0xD711, 0xD722, 0xD741, 0xD751, 0xD761, 0xD771, 0xD781,
        0xD791, 0xD7A2, 0xD7C2, 0xD7E1, 0xD7F2, 0xD811, 0xD822, 0xD841, 0xD851, 0xD861, 0xD872, 0xD892,
        0xD8B1, 0xD8C2, 0xD8E1, 0xD8F2, 0xD911, 0xD921, 0xD931, 0xD941, 0xD951, 0xD961, 0xD972, 0xD992,
        0xD9B2, 0xD9D2, 0xD9F1, 0xDA01, 0xDA11, 0xDA21, 0xDA31, 0xDA41, 0xDA51, 0xDA61, 0xDA71, 0xDA81,
        0xDA91, 0xDAA1, 0xDAB2, 0xDAD1, 0xDAE1, 0xDAF1, 0xDB01, 0xDB11, 0xDB21, 0xDB31, 0xDB41, 0xDB51,
        0xDB61, 0xDB71, 0xDB81, 0xDB92, 0xDBB2, 0xDBD2, 0xDBF1, 0xDC01, 0xDC11, 0xDC21, 0xDC32, 0xDC51,
        0xDC62, 0xDC81, 0xDC91, 0xDCA2, 0xDCC2, 0xDCE1, 0xDCF1, 0xDD01, 0xDD11, 0xDD21, 0xDD31, 0xDD41,
        0xDD51, 0xDD61, 0xDD71, 0xDD81, 0xDD91, 0xDDA1, 0xDDB1, 0xDDC1, 0xDDD1, 0xDDE1, 0xDDF1, 0xDE01,
        0xDE12, 0xDE31, 0xDE41, 0xDE51, 0xDE61, 0xDE71, 0xDE82, 0xDEA2, 0xDEC1, 0xDED1, 0xDEE1, 0xDEF1,
        0xDF01, 0xDF11, 0xDF22, 0xDF41, 0xDF51, 0xDF61, 0xDF71, 0xDF82, 0xDFA2, 0xDFC1, 0xDFD1, 0xDFE1,
        0xDFF2, 0xE011, 0xE021, 0xE032, 0xE052, 0xE071, 0xE081, 0xE091, 0xE0A2, 0xE0C1, 0xE0D1, 0xE0E1,
        0xE0F1, 0xE101, 0xE111, 0xE121, 0xE132, 0xE151, 0xE161, 0xE171, 0xE182, 0xE1A1, 0xE1B1, 0xE1C1,
        0xE1D1, 0xE1E2, 0xE202, 0xE221, 0xE231, 0xE241, 0xE252, 0xE271, 0xE282, 0xE2A1, 0xE2B1, 0xE2C1,
        0xE2D2, 0xE2F1, 0xE301, 0xE311, 0xE321, 0xE331, 0xE341, 0xE351, 0xE362, 0xE381, 0xE391, 0xE3A1,
        0xE3B1, 0xE3C1, 0xE3D1, 0xE3E2, 0xE401, 0xE412, 0xE432, 0xE452, 0xE471, 0xE481, 0xE491, 0xE4A1,
        0xE4B1, 0xE4C1, 0xE4D1, 0xE4E1, 0xE4F2,
    ];

    internal const string Decompositions =
        "A\u0300A\u0301A\u0302A\u0303A\u0308A\u030AC\u0327E\u0300E\u0301E\u0302E\u0308I\u0300I\u0301I\u0302I\u0308N\u0303O\u0300O\u0301O\u0302O\u0303O\u0308U\u0300U\u0301U\u0302U\u0308Y\u0301a\u0300a\u0301a\u0302a\u0303a\u0308a\u030Ac\u0327e\u0300e\u0301e\u0302e\u0308i\u0300i\u0301i\u0302i\u0308n\u0303o\u0300o\u0301o\u0302o\u0303o\u0308u\u0300" +
        "u\u0301u\u0302u\u0308y\u0301y\u0308A\u0304a\u0304A\u0306a\u0306A\u0328a\u0328C\u0301c\u0301C\u0302c\u0302C\u0307c\u0307C\u030Cc\u030CD\u030Cd\u030CE\u0304e\u0304E\u0306e\u0306E\u0307e\u0307E\u0328e\u0328E\u030Ce\u030CG\u0302g\u0302G\u0306g\u0306G\u0307g\u0307G\u0327g\u0327H\u0302h\u0302I\u0303i\u0303I\u0304i\u0304I\u0306i\u0306I\u0328" +
        "i\u0328I\u0307J\u0302j\u0302K\u0327k\u0327L\u0301l\u0301L\u0327l\u0327L\u030Cl\u030CN\u0301n\u0301N\u0327n\u0327N\u030Cn\u030CO\u0304o\u0304O\u0306o\u0306O\u030Bo\u030BR\u0301r\u0301R\u0327r\u0327R\u030Cr\u030CS\u0301s\u0301S\u0302s\u0302S\u0327s\u0327S\u030Cs\u030CT\u0327t\u0327T\u030Ct\u030CU\u0303u\u0303U\u0304u\u0304U\u0306u\u0306" +
        "U\u030Au\u030AU\u030Bu\u030BU\u0328u\u0328W\u0302w\u0302Y\u0302y\u0302Y\u0308Z\u0301z\u0301Z\u0307z\u0307Z\u030Cz\u030CO\u031Bo\u031BU\u031Bu\u031BA\u030Ca\u030CI\u030Ci\u030CO\u030Co\u030CU\u030Cu\u030CU\u0308\u0304u\u0308\u0304U\u0308\u0301u\u0308\u0301U\u0308\u030Cu\u0308\u030CU\u0308\u0300u\u0308\u0300A\u0308\u0304a\u0308\u0304A\u0307\u0304a\u0307\u0304\u00C6\u0304" +
        "\u00E6\u0304G\u030Cg\u030CK\u030Ck\u030CO\u0328o\u0328O\u0328\u0304o\u0328\u0304\u01B7\u030C\u0292\u030Cj\u030CG\u0301g\u0301N\u0300n\u0300A\u030A\u0301a\u030A\u0301\u00C6\u0301\u00E6\u0301\u00D8\u0301\u00F8\u0301A\u030Fa\u030FA\u0311a\u0311E\u030Fe\u030FE\u0311e\u0311I\u030Fi\u030FI\u0311i\u0311O\u030Fo\u030FO\u0311o\u0311R\u030Fr\u030FR\u0311r\u0311U\u030Fu\u030FU\u0311u\u0311" +
        "S\u0326s\u0326T\u0326t\u0326H\u030Ch\u030CA\u0307a\u0307E\u0327e\u0327O\u0308\u0304o\u0308\u0304O\u0303\u0304o\u0303\u0304O\u0307o\u0307O\u0307\u0304o\u0307\u0304Y\u0304y\u0304\u0300\u0301\u0313\u0308\u0301\u02B9;\u00A8\u0301\u0391\u0301\u00B7\u0395\u0301\u0397\u0301\u0399\u0301\u039F\u0301\u03A5\u0301\u03A9\u0301\u03B9\u0308\u0301\u0399\u0308\u03A5\u0308\u03B1\u0301\u03B5\u0301\u03B7\u0301\u03B9\u0301\u03C5\u0308\u0301\u03B9\u0308\u03C5\u0308\u03BF\u0301\u03C5\u0301" +
        "\u03C9\u0301\u03D2\u0301\u03D2\u0308\u0415\u0300\u0415\u0308\u0413\u0301\u0406\u0308\u041A\u0301\u0418\u0300\u0423\u0306\u0418\u0306\u0438\u0306\u0435\u0300\u0435\u0308\u0433\u0301\u0456\u0308\u043A\u0301\u0438\u0300\u0443\u0306\u0474\u030F\u0475\u030F\u0416\u0306\u0436\u0306\u0410\u0306\u0430\u0306\u0410\u0308\u0430\u0308\u0415\u0306\u0435\u0306\u04D8\u0308\u04D9\u0308\u0416\u0308\u0436\u0308\u0417\u0308\u0437\u0308\u0418\u0304\u0438\u0304\u0418\u0308\u0438\u0308\u041E\u0308\u043E\u0308\u04E8\u0308\u04E9\u0308\u042D\u0308\u044D\u0308\u0423\u0304\u0443\u0304\u0423\u0308" +
        "\u0443\u0308\u0423\u030B\u0443\u030B\u0427\u0308\u0447\u0308\u042B\u0308\u044B\u0308\u0627\u0653\u0627\u0654\u0648\u0654\u0627\u0655\u064A\u0654\u06D5\u0654\u06C1\u0654\u06D2\u0654\u0928\u093C\u0930\u093C\u0933\u093C\u0915\u093C\u0916\u093C\u0917\u093C\u091C\u093C\u0921\u093C\u0922\u093C\u092B\u093C\u092F\u093C\u09C7\u09BE\u09C7\u09D7\u09A1\u09BC\u09A2\u09BC\u09AF\u09BC\u0A32\u0A3C\u0A38\u0A3C\u0A16\u0A3C\u0A17\u0A3C\u0A1C\u0A3C\u0A2B\u0A3C\u0B47\u0B56\u0B47\u0B3E\u0B47\u0B57\u0B21\u0B3C\u0B22\u0B3C\u0B92\u0BD7\u0BC6\u0BBE\u0BC7\u0BBE\u0BC6\u0BD7\u0C46\u0C56\u0CBF\u0CD5" +
        "\u0CC6\u0CD5\u0CC6\u0CD6\u0CC6\u0CC2\u0CC6\u0CC2\u0CD5\u0D46\u0D3E\u0D47\u0D3E\u0D46\u0D57\u0DD9\u0DCA\u0DD9\u0DCF\u0DD9\u0DCF\u0DCA\u0DD9\u0DDF\u0F42\u0FB7\u0F4C\u0FB7\u0F51\u0FB7\u0F56\u0FB7\u0F5B\u0FB7\u0F40\u0FB5\u0F71\u0F72\u0F71\u0F74\u0FB2\u0F80\u0FB3\u0F80\u0F71\u0F80\u0F92\u0FB7\u0F9C\u0FB7\u0FA1\u0FB7\u0FA6\u0FB7\u0FAB\u0FB7\u0F90\u0FB5\u1025\u102E\u1B05\u1B35\u1B07\u1B35\u1B09\u1B35\u1B0B\u1B35\u1B0D\u1B35\u1B11\u1B35\u1B3A\u1B35\u1B3C\u1B35\u1B3E\u1B35\u1B3F\u1B35\u1B42\u1B35A\u0325a\u0325B\u0307b\u0307B\u0323b\u0323B\u0331" +
        "b\u0331C\u0327\u0301c\u0327\u0301D\u0307d\u0307D\u0323d\u0323D\u0331d\u0331D\u0327d\u0327D\u032Dd\u032DE\u0304\u0300e\u0304\u0300E\u0304\u0301e\u0304\u0301E\u032De\u032DE\u0330e\u0330E\u0327\u0306e\u0327\u0306F\u0307f\u0307G\u0304g\u0304H\u0307h\u0307H\u0323h\u0323H\u0308h\u0308H\u0327h\u0327H\u032Eh\u032EI\u0330i\u0330I\u0308\u0301i\u0308\u0301K\u0301k\u0301" +
        "K\u0323k\u0323K\u0331k\u0331L\u0323l\u0323L\u0323\u0304l\u0323\u0304L\u0331l\u0331L\u032Dl\u032DM\u0301m\u0301M\u0307m\u0307M\u0323m\u0323N\u0307n\u0307N\u0323n\u0323N\u0331n\u0331N\u032Dn\u032DO\u0303\u0301o\u0303\u0301O\u0303\u0308o\u0303\u0308O\u0304\u0300o\u0304\u0300O\u0304\u0301o\u0304\u0301P\u0301p\u0301P\u0307p\u0307R\u0307r\u0307R\u0323r\u0323R\u0323" +
        "\u0304r\u0323\u0304R\u0331r\u0331S\u0307s\u0307S\u0323s\u0323S\u0301\u0307s\u0301\u0307S\u030C\u0307s\u030C\u0307S\u0323\u0307s\u0323\u0307T\u0307t\u0307T\u0323t\u0323T\u0331t\u0331T\u032Dt\u032DU\u0324u\u0324U\u0330u\u0330U\u032Du\u032DU\u0303\u0301u\u0303\u0301U\u0304\u0308u\u0304\u0308V\u0303v\u0303V\u0323v\u0323W\u0300w\u0300W\u0301w\u0301W\u0308w\u0308W\u0307" +
        "w\u0307W\u0323w\u0323X\u0307x\u0307X\u0308x\u0308Y\u0307y\u0307Z\u0302z\u0302Z\u0323z\u0323Z\u0331z\u0331h\u0331t\u0308w\u030Ay\u030A\u017F\u0307A\u0323a\u0323A\u0309a\u0309A\u0302\u0301a\u0302\u0301A\u0302\u0300a\u0302\u0300A\u0302\u0309a\u0302\u0309A\u0302\u0303a\u0302\u0303A\u0323\u0302a\u0323\u0302A\u0306\u0301a\u0306\u0301A\u0306\u0300a\u0306\u0300A\u0306\u0309a\u0306\u0309" +
        "A\u0306\u0303a\u0306\u0303A\u0323\u0306a\u0323\u0306E\u0323e\u0323E\u0309e\u0309E\u0303e\u0303E\u0302\u0301e\u0302\u0301E\u0302\u0300e\u0302\u0300E\u0302\u0309e\u0302\u0309E\u0302\u0303e\u0302\u0303E\u0323\u0302e\u0323\u0302I\u0309i\u0309I\u0323i\u0323O\u0323o\u0323O\u0309o\u0309O\u0302\u0301o\u0302\u0301O\u0302\u0300o\u0302\u0300O\u0302\u0309o\u0302\u0309O\u0302\u0303o\u0302\u0303O\u0323" +
        "\u0302o\u0323\u0302O\u031B\u0301o\u031B\u0301O\u031B\u0300o\u031B\u0300O\u031B\u0309o\u031B\u0309O\u031B\u0303o\u031B\u0303O\u031B\u0323o\u031B\u0323U\u0323u\u0323U\u0309u\u0309U\u031B\u0301u\u031B\u0301U\u031B\u0300u\u031B\u0300U\u031B\u0309u\u031B\u0309U\u031B\u0303u\u031B\u0303U\u031B\u0323u\u031B\u0323Y\u0300y\u0300Y\u0323y\u0323Y\u0309y\u0309Y\u0303y\u0303\u03B1\u0313\u03B1\u0314\u03B1\u0313\u0300\u03B1" +
        "\u0314\u0300\u03B1\u0313\u0301\u03B1\u0314\u0301\u03B1\u0313\u0342\u03B1\u0314\u0342\u0391\u0313\u0391\u0314\u0391\u0313\u0300\u0391\u0314\u0300\u0391\u0313\u0301\u0391\u0314\u0301\u0391\u0313\u0342\u0391\u0314\u0342\u03B5\u0313\u03B5\u0314\u03B5\u0313\u0300\u03B5\u0314\u0300\u03B5\u0313\u0301\u03B5\u0314\u0301\u0395\u0313\u0395\u0314\u0395\u0313\u0300\u0395\u0314\u0300\u0395\u0313\u0301\u0395\u0314\u0301\u03B7\u0313\u03B7\u0314\u03B7\u0313\u0300\u03B7\u0314\u0300\u03B7\u0313\u0301\u03B7\u0314\u0301\u03B7\u0313\u0342\u03B7\u0314\u0342\u0397\u0313\u0397\u0314\u0397\u0313" +
        "\u0300\u0397\u0314\u0300\u0397\u0313\u0301\u0397\u0314\u0301\u0397\u0313\u0342\u0397\u0314\u0342\u03B9\u0313\u03B9\u0314\u03B9\u0313\u0300\u03B9\u0314\u0300\u03B9\u0313\u0301\u03B9\u0314\u0301\u03B9\u0313\u0342\u03B9\u0314\u0342\u0399\u0313\u0399\u0314\u0399\u0313\u0300\u0399\u0314\u0300\u0399\u0313\u0301\u0399\u0314\u0301\u0399\u0313\u0342\u0399\u0314\u0342\u03BF\u0313\u03BF\u0314\u03BF\u0313\u0300\u03BF\u0314\u0300\u03BF\u0313\u0301\u03BF\u0314\u0301\u039F\u0313\u039F\u0314\u039F\u0313\u0300\u039F\u0314\u0300\u039F\u0313\u0301\u039F\u0314\u0301\u03C5\u0313\u03C5\u0314" +
        "\u03C5\u0313\u0300\u03C5\u0314\u0300\u03C5\u0313\u0301\u03C5\u0314\u0301\u03C5\u0313\u0342\u03C5\u0314\u0342\u03A5\u0314\u03A5\u0314\u0300\u03A5\u0314\u0301\u03A5\u0314\u0342\u03C9\u0313\u03C9\u0314\u03C9\u0313\u0300\u03C9\u0314\u0300\u03C9\u0313\u0301\u03C9\u0314\u0301\u03C9\u0313\u0342\u03C9\u0314\u0342\u03A9\u0313\u03A9\u0314\u03A9\u0313\u0300\u03A9\u0314\u0300\u03A9\u0313\u0301\u03A9\u0314\u0301\u03A9\u0313\u0342\u03A9\u0314\u0342\u03B1\u0300\u03B1\u0301\u03B5\u0300\u03B5\u0301\u03B7\u0300\u03B7\u0301\u03B9\u0300\u03B9\u0301\u03BF\u0300\u03BF\u0301\u03C5\u0300\u03C5" +
        "\u0301\u03C9\u0300\u03C9\u0301\u03B1\u0313\u0345\u03B1\u0314\u0345\u03B1\u0313\u0300\u0345\u03B1\u0314\u0300\u0345\u03B1\u0313\u0301\u0345\u03B1\u0314\u0301\u0345\u03B1\u0313\u0342\u0345\u03B1\u0314\u0342\u0345\u0391\u0313\u0345\u0391\u0314\u0345\u0391\u0313\u0300\u0345\u0391\u0314\u0300\u0345\u0391\u0313\u0301\u0345\u0391\u0314\u0301\u0345\u0391\u0313\u0342\u0345\u0391\u0314\u0342\u0345\u03B7\u0313\u0345\u03B7\u0314\u0345\u03B7\u0313\u0300\u0345\u03B7\u0314\u0300\u0345\u03B7\u0313\u0301\u0345\u03B7\u0314\u0301\u0345\u03B7\u0313\u0342\u0345\u03B7\u0314\u0342\u0345\u0397" +
        "\u0313\u0345\u0397\u0314\u0345\u0397\u0313\u0300\u0345\u0397\u0314\u0300\u0345\u0397\u0313\u0301\u0345\u0397\u0314\u0301\u0345\u0397\u0313\u0342\u0345\u0397\u0314\u0342\u0345\u03C9\u0313\u0345\u03C9\u0314\u0345\u03C9\u0313\u0300\u0345\u03C9\u0314\u0300\u0345\u03C9\u0313\u0301\u0345\u03C9\u0314\u0301\u0345\u03C9\u0313\u0342\u0345\u03C9\u0314\u0342\u0345\u03A9\u0313\u0345\u03A9\u0314\u0345\u03A9\u0313\u0300\u0345\u03A9\u0314\u0300\u0345\u03A9\u0313\u0301\u0345\u03A9\u0314\u0301\u0345\u03A9\u0313\u0342\u0345\u03A9\u0314\u0342\u0345\u03B1\u0306\u03B1\u0304\u03B1\u0300\u0345" +
        "\u03B1\u0345\u03B1\u0301\u0345\u03B1\u0342\u03B1\u0342\u0345\u0391\u0306\u0391\u0304\u0391\u0300\u0391\u0301\u0391\u0345\u03B9\u00A8\u0342\u03B7\u0300\u0345\u03B7\u0345\u03B7\u0301\u0345\u03B7\u0342\u03B7\u0342\u0345\u0395\u0300\u0395\u0301\u0397\u0300\u0397\u0301\u0397\u0345\u1FBF\u0300\u1FBF\u0301\u1FBF\u0342\u03B9\u0306\u03B9\u0304\u03B9\u0308\u0300\u03B9\u0308\u0301\u03B9\u0342\u03B9\u0308\u0342\u0399\u0306\u0399\u0304\u0399\u0300\u0399\u0301\u1FFE\u0300\u1FFE\u0301\u1FFE\u0342\u03C5\u0306\u03C5\u0304\u03C5\u0308\u0300\u03C5\u0308\u0301\u03C1\u0313\u03C1\u0314\u03C5" +
        "\u0342\u03C5\u0308\u0342\u03A5\u0306\u03A5\u0304\u03A5\u0300\u03A5\u0301\u03A1\u0314\u00A8\u0300\u00A8\u0301`\u03C9\u0300\u0345\u03C9\u0345\u03C9\u0301\u0345\u03C9\u0342\u03C9\u0342\u0345\u039F\u0300\u039F\u0301\u03A9\u0300\u03A9\u0301\u03A9\u0345\u00B4\u2002\u2003\u03A9KA\u030A\u2190\u0338\u2192\u0338\u2194\u0338\u21D0\u0338\u21D4\u0338\u21D2\u0338\u2203\u0338\u2208\u0338\u220B\u0338\u2223\u0338\u2225\u0338\u223C\u0338\u2243\u0338\u2245\u0338\u2248\u0338=\u0338\u2261\u0338\u224D\u0338<\u0338>\u0338\u2264\u0338\u2265\u0338\u2272\u0338\u2273" +
        "\u0338\u2276\u0338\u2277\u0338\u227A\u0338\u227B\u0338\u2282\u0338\u2283\u0338\u2286\u0338\u2287\u0338\u22A2\u0338\u22A8\u0338\u22A9\u0338\u22AB\u0338\u227C\u0338\u227D\u0338\u2291\u0338\u2292\u0338\u22B2\u0338\u22B3\u0338\u22B4\u0338\u22B5\u0338\u3008\u3009\u2ADD\u0338\u304B\u3099\u304D\u3099\u304F\u3099\u3051\u3099\u3053\u3099\u3055\u3099\u3057\u3099\u3059\u3099\u305B\u3099\u305D\u3099\u305F\u3099\u3061\u3099\u3064\u3099\u3066\u3099\u3068\u3099\u306F\u3099\u306F\u309A\u3072\u3099\u3072\u309A\u3075\u3099\u3075\u309A\u3078\u3099\u3078\u309A\u307B\u3099\u307B\u309A\u3046" +
        "\u3099\u309D\u3099\u30AB\u3099\u30AD\u3099\u30AF\u3099\u30B1\u3099\u30B3\u3099\u30B5\u3099\u30B7\u3099\u30B9\u3099\u30BB\u3099\u30BD\u3099\u30BF\u3099\u30C1\u3099\u30C4\u3099\u30C6\u3099\u30C8\u3099\u30CF\u3099\u30CF\u309A\u30D2\u3099\u30D2\u309A\u30D5\u3099\u30D5\u309A\u30D8\u3099\u30D8\u309A\u30DB\u3099\u30DB\u309A\u30A6\u3099\u30EF\u3099\u30F0\u3099\u30F1\u3099\u30F2\u3099\u30FD\u3099\u8C48\u66F4\u8ECA\u8CC8\u6ED1\u4E32\u53E5\u9F9C\u9F9C\u5951\u91D1\u5587\u5948\u61F6\u7669\u7F85\u863F\u87BA\u88F8\u908F\u6A02\u6D1B\u70D9\u73DE\u843D\u916A\u99F1\u4E82\u5375\u6B04\u721B" +
        "\u862D\u9E1E\u5D50\u6FEB\u85CD\u8964\u62C9\u81D8\u881F\u5ECA\u6717\u6D6A\u72FC\u90CE\u4F86\u51B7\u52DE\u64C4\u6AD3\u7210\u76E7\u8001\u8606\u865C\u8DEF\u9732\u9B6F\u9DFA\u788C\u797F\u7DA0\u83C9\u9304\u9E7F\u8AD6\u58DF\u5F04\u7C60\u807E\u7262\u78CA\u8CC2\u96F7\u58D8\u5C62\u6A13\u6DDA\u6F0F\u7D2F\u7E37\u964B\u52D2\u808B\u51DC\u51CC\u7A1C\u7DBE\u83F1\u9675\u8B80\u62CF\u6A02\u8AFE\u4E39\u5BE7\u6012\u7387\u7570\u5317\u78FB\u4FBF\u5FA9\u4E0D\u6CCC\u6578\u7D22\u53C3\u585E\u7701\u8449\u8AAA\u6BBA\u8FB0\u6C88\u62FE\u82E5\u63A0\u7565\u4EAE\u5169\u51C9\u6881\u7CE7\u826F\u8AD2\u91CF" +
        "\u52F5\u5442\u5973\u5EEC\u65C5\u6FFE\u792A\u95AD\u9A6A\u9E97\u9ECE\u529B\u66C6\u6B77\u8F62\u5E74\u6190\u6200\u649A\u6F23\u7149\u7489\u79CA\u7DF4\u806F\u8F26\u84EE\u9023\u934A\u5217\u52A3\u54BD\u70C8\u88C2\u8AAA\u5EC9\u5FF5\u637B\u6BAE\u7C3E\u7375\u4EE4\u56F9\u5BE7\u5DBA\u601C\u73B2\u7469\u7F9A\u8046\u9234\u96F6\u9748\u9818\u4F8B\u79AE\u91B4\u96B8\u60E1\u4E86\u50DA\u5BEE\u5C3F\u6599\u6A02\u71CE\u7642\u84FC\u907C\u9F8D\u6688\u962E\u5289\u677B\u67F3\u6D41\u6E9C\u7409\u7559\u786B\u7D10\u985E\u516D\u622E\u9678\u502B\u5D19\u6DEA\u8F2A\u5F8B\u6144\u6817\u7387\u9686\u5229\u540F" +
        "\u5C65\u6613\u674E\u68A8\u6CE5\u7406\u75E2\u7F79\u88CF\u88E1\u91CC\u96E2\u533F\u6EBA\u541D\u71D0\u7498\u85FA\u96A3\u9C57\u9E9F\u6797\u6DCB\u81E8\u7ACB\u7B20\u7C92\u72C0\u7099\u8B58\u4EC0\u8336\u523A\u5207\u5EA6\u62D3\u7CD6\u5B85\u6D1E\u66B4\u8F3B\u884C\u964D\u898B\u5ED3\u5140\u55C0\u585A\u6674\u51DE\u732A\u76CA\u793C\u795E\u7965\u798F\u9756\u7CBE\u7FBD\u8612\u8AF8\u9038\u90FD\u98EF\u98FC\u9928\u9DB4\u90DE\u96B7\u4FAE\u50E7\u514D\u52C9\u52E4\u5351\u559D\u5606\u5668\u5840\u58A8\u5C64\u5C6E\u6094\u6168\u618E\u61F2\u654F\u65E2\u6691\u6885\u6D77\u6E1A\u6F22\u716E\u722B\u7422" +
        "\u7891\u793E\u7949\u7948\u7950\u7956\u795D\u798D\u798E\u7A40\u7A81\u7BC0\u7DF4\u7E09\u7E41\u7F72\u8005\u81ED\u8279\u8279\u8457\u8910\u8996\u8B01\u8B39\u8CD3\u8D08\u8FB6\u9038\u96E3\u97FF\u983B\u6075\uD850\uDEEE\u8218\u4E26\u51B5\u5168\u4F80\u5145\u5180\u52C7\u52FA\u559D\u5555\u5599\u55E2\u585A\u58B3\u5944\u5954\u5A62\u5B28\u5ED2\u5ED9\u5F69\u5FAD\u60D8\u614E\u6108\u618E\u6160\u61F2\u6234\u63C4\u641C\u6452\u6556\u6674\u6717\u671B\u6756\u6B79\u6BBA\u6D41\u6EDB\u6ECB\u6F22\u701E\u716E\u77A7\u7235\u72AF\u732A\u7471\u7506\u753B\u761D\u761F\u76CA\u76DB\u76F4\u774A\u7740\u78CC" +
        "\u7AB1\u7BC0\u7C7B\u7D5B\u7DF4\u7F3E\u8005\u8352\u83EF\u8779\u8941\u8986\u8996\u8ABF\u8AF8\u8ACB\u8B01\u8AFE\u8AED\u8B39\u8B8A\u8D08\u8F38\u9072\u9199\u9276\u967C\u96E3\u9756\u97DB\u97FF\u980B\u983B\u9B12\u9F9C\uD84A\uDC4A\uD84A\uDC44\uD84C\uDFD5\u3B9D\u4018\u4039\uD854\uDE49\uD857\uDCD0\uD85F\uDED3\u9F43\u9F8E\u05D9\u05B4\u05F2\u05B7\u05E9\u05C1\u05E9\u05C2\u05E9\u05BC\u05C1\u05E9\u05BC\u05C2\u05D0\u05B7\u05D0\u05B8\u05D0\u05BC\u05D1\u05BC\u05D2\u05BC\u05D3\u05BC\u05D4\u05BC\u05D5\u05BC\u05D6\u05BC\u05D8\u05BC\u05D9\u05BC\u05DA\u05BC\u05DB\u05BC\u05DC\u05BC\u05DE\u05BC" +
        "\u05E0\u05BC\u05E1\u05BC\u05E3\u05BC\u05E4\u05BC\u05E6\u05BC\u05E7\u05BC\u05E8\u05BC\u05E9\u05BC\u05EA\u05BC\u05D5\u05B9\u05D1\u05BF\u05DB\u05BF\u05E4\u05BF\uD801\uDDD2\u0307\uD801\uDDDA\u0307\uD804\uDC99\uD804\uDCBA\uD804\uDC9B\uD804\uDCBA\uD804\uDCA5\uD804\uDCBA\uD804\uDD31\uD804\uDD27\uD804\uDD32\uD804\uDD27\uD804\uDF47\uD804\uDF3E\uD804\uDF47\uD804\uDF57\uD804\uDF82\uD804\uDFC9\uD804\uDF84\uD804\uDFBB\uD804\uDF8B\uD804\uDFC2\uD804\uDF90\uD804\uDFC9\uD804\uDFC2\uD804\uDFC2\uD804\uDFC2\uD804\uDFB8\uD804\uDFC2\uD804\uDFC9\uD805\uDCB9\uD805\uDCBA\uD805\uDCB9\uD805\uDCB0" +
        "\uD805\uDCB9\uD805\uDCBD\uD805\uDDB8\uD805\uDDAF\uD805\uDDB9\uD805\uDDAF\uD806\uDD35\uD806\uDD30\uD818\uDD1E\uD818\uDD1E\uD818\uDD1E\uD818\uDD29\uD818\uDD1E\uD818\uDD1F\uD818\uDD29\uD818\uDD1F\uD818\uDD1E\uD818\uDD20\uD818\uDD1E\uD818\uDD1E\uD818\uDD1F\uD818\uDD1E\uD818\uDD29\uD818\uDD1F\uD818\uDD1E\uD818\uDD1E\uD818\uDD20\uD81B\uDD67\uD81B\uDD67\uD81B\uDD63\uD81B\uDD67\uD81B\uDD63\uD81B\uDD67\uD81B\uDD67\uD834\uDD57\uD834\uDD65\uD834\uDD58\uD834\uDD65\uD834\uDD58\uD834\uDD65\uD834\uDD6E\uD834\uDD58\uD834\uDD65\uD834\uDD6F\uD834\uDD58\uD834\uDD65\uD834\uDD70\uD834\uDD58" +
        "\uD834\uDD65\uD834\uDD71\uD834\uDD58\uD834\uDD65\uD834\uDD72\uD834\uDDB9\uD834\uDD65\uD834\uDDBA\uD834\uDD65\uD834\uDDB9\uD834\uDD65\uD834\uDD6E\uD834\uDDBA\uD834\uDD65\uD834\uDD6E\uD834\uDDB9\uD834\uDD65\uD834\uDD6F\uD834\uDDBA\uD834\uDD65\uD834\uDD6F\u4E3D\u4E38\u4E41\uD840\uDD22\u4F60\u4FAE\u4FBB\u5002\u507A\u5099\u50E7\u50CF\u349E\uD841\uDE3A\u514D\u5154\u5164\u5177\uD841\uDD1C\u34B9\u5167\u518D\uD841\uDD4B\u5197\u51A4\u4ECC\u51AC\u51B5\uD864\uDDDF\u51F5\u5203\u34DF\u523B\u5246\u5272\u5277\u3515\u52C7\u52C9\u52E4\u52FA\u5305\u5306\u5317\u5349\u5351\u535A\u5373\u537D" +
        "\u537F\u537F\u537F\uD842\uDE2C\u7070\u53CA\u53DF\uD842\uDF63\u53EB\u53F1\u5406\u549E\u5438\u5448\u5468\u54A2\u54F6\u5510\u5553\u5563\u5584\u5584\u5599\u55AB\u55B3\u55C2\u5716\u5606\u5717\u5651\u5674\u5207\u58EE\u57CE\u57F4\u580D\u578B\u5832\u5831\u58AC\uD845\uDCE4\u58F2\u58F7\u5906\u591A\u5922\u5962\uD845\uDEA8\uD845\uDEEA\u59EC\u5A1B\u5A27\u59D8\u5A66\u36EE\u36FC\u5B08\u5B3E\u5B3E\uD846\uDDC8\u5BC3\u5BD8\u5BE7\u5BF3\uD846\uDF18\u5BFF\u5C06\u5F53\u5C22\u3781\u5C60\u5C6E\u5CC0\u5C8D\uD847\uDDE4\u5D43\uD847\uDDE6\u5D6E\u5D6B\u5D7C\u5DE1\u5DE2\u382F\u5DFD\u5E28\u5E3D\u5E69" +
        "\u3862\uD848\uDD83\u387C\u5EB0\u5EB3\u5EB6\u5ECA\uD868\uDF92\u5EFE\uD848\uDF31\uD848\uDF31\u8201\u5F22\u5F22\u38C7\uD84C\uDEB8\uD858\uDDDA\u5F62\u5F6B\u38E3\u5F9A\u5FCD\u5FD7\u5FF9\u6081\u393A\u391C\u6094\uD849\uDED4\u60C7\u6148\u614C\u614E\u614C\u617A\u618E\u61B2\u61A4\u61AF\u61DE\u61F2\u61F6\u6210\u621B\u625D\u62B1\u62D4\u6350\uD84A\uDF0C\u633D\u62FC\u6368\u6383\u63E4\uD84A\uDFF1\u6422\u63C5\u63A9\u3A2E\u6469\u647E\u649D\u6477\u3A6C\u654F\u656C\uD84C\uDC0A\u65E3\u66F8\u6649\u3B19\u6691\u3B08\u3AE4\u5192\u5195\u6700\u669C\u80AD\u43D9\u6717\u671B\u6721\u675E\u6753\uD84C" +
        "\uDFC3\u3B49\u67FA\u6785\u6852\u6885\uD84D\uDC6D\u688E\u681F\u6914\u3B9D\u6942\u69A3\u69EA\u6AA8\uD84D\uDEA3\u6ADB\u3C18\u6B21\uD84E\uDCA7\u6B54\u3C4E\u6B72\u6B9F\u6BBA\u6BBB\uD84E\uDE8D\uD847\uDD0B\uD84E\uDEFA\u6C4E\uD84F\uDCBC\u6CBF\u6CCD\u6C67\u6D16\u6D3E\u6D77\u6D41\u6D69\u6D78\u6D85\uD84F\uDD1E\u6D34\u6E2F\u6E6E\u3D33\u6ECB\u6EC7\uD84F\uDED1\u6DF9\u6F6E\uD84F\uDF5E\uD84F\uDF8E\u6FC6\u7039\u701E\u701B\u3D96\u704A\u707D\u7077\u70AD\uD841\uDD25\u7145\uD850\uDE63\u719C\uD850\uDFAB\u7228\u7235\u7250\uD851\uDE08\u7280\u7295\uD851\uDF35\uD852\uDC14\u737A\u738B\u3EAC\u73A5" +
        "\u3EB8\u3EB8\u7447\u745C\u7471\u7485\u74CA\u3F1B\u7524\uD853\uDC36\u753E\uD853\uDC92\u7570\uD848\uDD9F\u7610\uD853\uDFA1\uD853\uDFB8\uD854\uDC44\u3FFC\u4008\u76F4\uD854\uDCF3\uD854\uDCF2\uD854\uDD19\uD854\uDD33\u771E\u771F\u771F\u774A\u4039\u778B\u4046\u4096\uD855\uDC1D\u784E\u788C\u78CC\u40E3\uD855\uDE26\u7956\uD855\uDE9A\uD855\uDEC5\u798F\u79EB\u412F\u7A40\u7A4A\u7A4F\uD856\uDD7C\uD856\uDEA7\uD856\uDEA7\u7AEE\u4202\uD856\uDFAB\u7BC6\u7BC9\u4227\uD857\uDC80\u7CD2\u42A0\u7CE8\u7CE3\u7D00\uD857\uDF86\u7D63\u4301\u7DC7\u7E02\u7E45\u4334\uD858\uDE28\uD858\uDE47\u4359\uD858" +
        "\uDED9\u7F7A\uD858\uDF3E\u7F95\u7FFA\u8005\uD859\uDCDA\uD859\uDD23\u8060\uD859\uDDA8\u8070\uD84C\uDF5F\u43D5\u80B2\u8103\u440B\u813E\u5AB5\uD859\uDFA7\uD859\uDFB5\uD84C\uDF93\uD84C\uDF9C\u8201\u8204\u8F9E\u446B\u8291\u828B\u829D\u52B3\u82B1\u82B3\u82BD\u82E6\uD85A\uDF3C\u82E5\u831D\u8363\u83AD\u8323\u83BD\u83E7\u8457\u8353\u83CA\u83CC\u83DC\uD85B\uDC36\uD85B\uDD6B\uD85B\uDCD5\u452B\u84F1\u84F3\u8516\uD85C\uDFCA\u8564\uD85B\uDF2C\u455D\u4561\uD85B\uDFB1\uD85C\uDCD2\u456B\u8650\u865C\u8667\u8669\u86A9\u8688\u870E\u86E2\u8779\u8728\u876B\u8786\u45D7\u87E1\u8801\u45F9\u8860" +
        "\u8863\uD85D\uDE67\u88D7\u88DE\u4635\u88FA\u34BB\uD85E\uDCAE\uD85E\uDD66\u46BE\u46C7\u8AA0\u8AED\u8B8A\u8C55\uD85F\uDCA8\u8CAB\u8CC1\u8D1B\u8D77\uD85F\uDF2F\uD842\uDC04\u8DCB\u8DBC\u8DF0\uD842\uDCDE\u8ED4\u8F38\uD861\uDDD2\uD861\uDDED\u9094\u90F1\u9111\uD861\uDF2E\u911B\u9238\u92D7\u92D8\u927C\u93F9\u9415\uD862\uDFFA\u958B\u4995\u95B7\uD863\uDD77\u49E6\u96C3\u5DB2\u9723\uD864\uDD45\uD864\uDE1A\u4A6E\u4A76\u97E0\uD865\uDC0A\u4AB2\uD865\uDC96\u980B\u980B\u9829\uD865\uDDB6\u98E2\u4B33\u9929\u99A7\u99C2\u99FE\u4BCE\uD866\uDF30\u9B12\u9C40\u9CFD\u4CCE\u4CED\u9D67\uD868\uDCCE" +
        "\u4CF8\uD868\uDD05\uD868\uDE0E\uD868\uDE91\u9EBB\u4D56\u9EF9\u9EFE\u9F05\u9F0F\u9F16\u9F3B\uD869\uDE00";

    internal static readonly int[] CompatibilityKeys =
    [
        0xA0, 0xA8, 0xAA, 0xAF, 0xB2, 0xB3, 0xB4, 0xB5, 0xB8, 0xB9, 0xBA, 0xBC,
        0xBD, 0xBE, 0x132, 0x133, 0x13F, 0x140, 0x149, 0x17F, 0x1C4, 0x1C5, 0x1C6, 0x1C7,
        0x1C8, 0x1C9, 0x1CA, 0x1CB, 0x1CC, 0x1F1, 0x1F2, 0x1F3, 0x2B0, 0x2B1, 0x2B2, 0x2B3,
        0x2B4, 0x2B5, 0x2B6, 0x2B7, 0x2B8, 0x2D8, 0x2D9, 0x2DA, 0x2DB, 0x2DC, 0x2DD, 0x2E0,
        0x2E1, 0x2E2, 0x2E3, 0x2E4, 0x37A, 0x384, 0x385, 0x3D0, 0x3D1, 0x3D2, 0x3D3, 0x3D4,
        0x3D5, 0x3D6, 0x3F0, 0x3F1, 0x3F2, 0x3F4, 0x3F5, 0x3F9, 0x587, 0x675, 0x676, 0x677,
        0x678, 0xE33, 0xEB3, 0xEDC, 0xEDD, 0xF0C, 0xF77, 0xF79, 0x10FC, 0x1D2C, 0x1D2D, 0x1D2E,
        0x1D30, 0x1D31, 0x1D32, 0x1D33, 0x1D34, 0x1D35, 0x1D36, 0x1D37, 0x1D38, 0x1D39, 0x1D3A, 0x1D3C,
        0x1D3D, 0x1D3E, 0x1D3F, 0x1D40, 0x1D41, 0x1D42, 0x1D43, 0x1D44, 0x1D45, 0x1D46, 0x1D47, 0x1D48,
        0x1D49, 0x1D4A, 0x1D4B, 0x1D4C, 0x1D4D, 0x1D4F, 0x1D50, 0x1D51, 0x1D52, 0x1D53, 0x1D54, 0x1D55,
        0x1D56, 0x1D57, 0x1D58, 0x1D59, 0x1D5A, 0x1D5B, 0x1D5C, 0x1D5D, 0x1D5E, 0x1D5F, 0x1D60, 0x1D61,
        0x1D62, 0x1D63, 0x1D64, 0x1D65, 0x1D66, 0x1D67, 0x1D68, 0x1D69, 0x1D6A, 0x1D78, 0x1D9B, 0x1D9C,
        0x1D9D, 0x1D9E, 0x1D9F, 0x1DA0, 0x1DA1, 0x1DA2, 0x1DA3, 0x1DA4, 0x1DA5, 0x1DA6, 0x1DA7, 0x1DA8,
        0x1DA9, 0x1DAA, 0x1DAB, 0x1DAC, 0x1DAD, 0x1DAE, 0x1DAF, 0x1DB0, 0x1DB1, 0x1DB2, 0x1DB3, 0x1DB4,
        0x1DB5, 0x1DB6, 0x1DB7, 0x1DB8, 0x1DB9, 0x1DBA, 0x1DBB, 0x1DBC, 0x1DBD, 0x1DBE, 0x1DBF, 0x1E9A,
        0x1E9B, 0x1FBD, 0x1FBF, 0x1FC0, 0x1FC1, 0x1FCD, 0x1FCE, 0x1FCF, 0x1FDD, 0x1FDE, 0x1FDF, 0x1FED,
        0x1FEE, 0x1FFD, 0x1FFE, 0x2000, 0x2001, 0x2002, 0x2003, 0x2004, 0x2005, 0x2006, 0x2007, 0x2008,
        0x2009, 0x200A, 0x2011, 0x2017, 0x2024, 0x2025, 0x2026, 0x202F, 0x2033, 0x2034, 0x2036, 0x2037,
        0x203C, 0x203E, 0x2047, 0x2048, 0x2049, 0x2057, 0x205F, 0x2070, 0x2071, 0x2074, 0x2075, 0x2076,
        0x2077, 0x2078, 0x2079, 0x207A, 0x207B, 0x207C, 0x207D, 0x207E, 0x207F, 0x2080, 0x2081, 0x2082,
        0x2083, 0x2084, 0x2085, 0x2086, 0x2087, 0x2088, 0x2089, 0x208A, 0x208B, 0x208C, 0x208D, 0x208E,
        0x2090, 0x2091, 0x2092, 0x2093, 0x2094, 0x2095, 0x2096, 0x2097, 0x2098, 0x2099, 0x209A, 0x209B,
        0x209C, 0x20A8, 0x2100, 0x2101, 0x2102, 0x2103, 0x2105, 0x2106, 0x2107, 0x2109, 0x210A, 0x210B,
        0x210C, 0x210D, 0x210E, 0x210F, 0x2110, 0x2111, 0x2112, 0x2113, 0x2115, 0x2116, 0x2119, 0x211A,
        0x211B, 0x211C, 0x211D, 0x2120, 0x2121, 0x2122, 0x2124, 0x2128, 0x212C, 0x212D, 0x212F, 0x2130,
        0x2131, 0x2133, 0x2134, 0x2135, 0x2136, 0x2137, 0x2138, 0x2139, 0x213B, 0x213C, 0x213D, 0x213E,
        0x213F, 0x2140, 0x2145, 0x2146, 0x2147, 0x2148, 0x2149, 0x2150, 0x2151, 0x2152, 0x2153, 0x2154,
        0x2155, 0x2156, 0x2157, 0x2158, 0x2159, 0x215A, 0x215B, 0x215C, 0x215D, 0x215E, 0x215F, 0x2160,
        0x2161, 0x2162, 0x2163, 0x2164, 0x2165, 0x2166, 0x2167, 0x2168, 0x2169, 0x216A, 0x216B, 0x216C,
        0x216D, 0x216E, 0x216F, 0x2170, 0x2171, 0x2172, 0x2173, 0x2174, 0x2175, 0x2176, 0x2177, 0x2178,
        0x2179, 0x217A, 0x217B, 0x217C, 0x217D, 0x217E, 0x217F, 0x2189, 0x222C, 0x222D, 0x222F, 0x2230,
        0x2460, 0x2461, 0x2462, 0x2463, 0x2464, 0x2465, 0x2466, 0x2467, 0x2468, 0x2469, 0x246A, 0x246B,
        0x246C, 0x246D, 0x246E, 0x246F, 0x2470, 0x2471, 0x2472, 0x2473, 0x2474, 0x2475, 0x2476, 0x2477,
        0x2478, 0x2479, 0x247A, 0x247B, 0x247C, 0x247D, 0x247E, 0x247F, 0x2480, 0x2481, 0x2482, 0x2483,
        0x2484, 0x2485, 0x2486, 0x2487, 0x2488, 0x2489, 0x248A, 0x248B, 0x248C, 0x248D, 0x248E, 0x248F,
        0x2490, 0x2491, 0x2492, 0x2493, 0x2494, 0x2495, 0x2496, 0x2497, 0x2498, 0x2499, 0x249A, 0x249B,
        0x249C, 0x249D, 0x249E, 0x249F, 0x24A0, 0x24A1, 0x24A2, 0x24A3, 0x24A4, 0x24A5, 0x24A6, 0x24A7,
        0x24A8, 0x24A9, 0x24AA, 0x24AB, 0x24AC, 0x24AD, 0x24AE, 0x24AF, 0x24B0, 0x24B1, 0x24B2, 0x24B3,
        0x24B4, 0x24B5, 0x24B6, 0x24B7, 0x24B8, 0x24B9, 0x24BA, 0x24BB, 0x24BC, 0x24BD, 0x24BE, 0x24BF,
        0x24C0, 0x24C1, 0x24C2, 0x24C3, 0x24C4, 0x24C5, 0x24C6, 0x24C7, 0x24C8, 0x24C9, 0x24CA, 0x24CB,
        0x24CC, 0x24CD, 0x24CE, 0x24CF, 0x24D0, 0x24D1, 0x24D2, 0x24D3, 0x24D4, 0x24D5, 0x24D6, 0x24D7,
        0x24D8, 0x24D9, 0x24DA, 0x24DB, 0x24DC, 0x24DD, 0x24DE, 0x24DF, 0x24E0, 0x24E1, 0x24E2, 0x24E3,
        0x24E4, 0x24E5, 0x24E6, 0x24E7, 0x24E8, 0x24E9, 0x24EA, 0x2A0C, 0x2A74, 0x2A75, 0x2A76, 0x2C7C,
        0x2C7D, 0x2D6F, 0x2E9F, 0x2EF3, 0x2F00, 0x2F01, 0x2F02, 0x2F03, 0x2F04, 0x2F05, 0x2F06, 0x2F07,
        0x2F08, 0x2F09, 0x2F0A, 0x2F0B, 0x2F0C, 0x2F0D, 0x2F0E, 0x2F0F, 0x2F10, 0x2F11, 0x2F12, 0x2F13,
        0x2F14, 0x2F15, 0x2F16, 0x2F17, 0x2F18, 0x2F19, 0x2F1A, 0x2F1B, 0x2F1C, 0x2F1D, 0x2F1E, 0x2F1F,
        0x2F20, 0x2F21, 0x2F22, 0x2F23, 0x2F24, 0x2F25, 0x2F26, 0x2F27, 0x2F28, 0x2F29, 0x2F2A, 0x2F2B,
        0x2F2C, 0x2F2D, 0x2F2E, 0x2F2F, 0x2F30, 0x2F31, 0x2F32, 0x2F33, 0x2F34, 0x2F35, 0x2F36, 0x2F37,
        0x2F38, 0x2F39, 0x2F3A, 0x2F3B, 0x2F3C, 0x2F3D, 0x2F3E, 0x2F3F, 0x2F40, 0x2F41, 0x2F42, 0x2F43,
        0x2F44, 0x2F45, 0x2F46, 0x2F47, 0x2F48, 0x2F49, 0x2F4A, 0x2F4B, 0x2F4C, 0x2F4D, 0x2F4E, 0x2F4F,
        0x2F50, 0x2F51, 0x2F52, 0x2F53, 0x2F54, 0x2F55, 0x2F56, 0x2F57, 0x2F58, 0x2F59, 0x2F5A, 0x2F5B,
        0x2F5C, 0x2F5D, 0x2F5E, 0x2F5F, 0x2F60, 0x2F61, 0x2F62, 0x2F63, 0x2F64, 0x2F65, 0x2F66, 0x2F67,
        0x2F68, 0x2F69, 0x2F6A, 0x2F6B, 0x2F6C, 0x2F6D, 0x2F6E, 0x2F6F, 0x2F70, 0x2F71, 0x2F72, 0x2F73,
        0x2F74, 0x2F75, 0x2F76, 0x2F77, 0x2F78, 0x2F79, 0x2F7A, 0x2F7B, 0x2F7C, 0x2F7D, 0x2F7E, 0x2F7F,
        0x2F80, 0x2F81, 0x2F82, 0x2F83, 0x2F84, 0x2F85, 0x2F86, 0x2F87, 0x2F88, 0x2F89, 0x2F8A, 0x2F8B,
        0x2F8C, 0x2F8D, 0x2F8E, 0x2F8F, 0x2F90, 0x2F91, 0x2F92, 0x2F93, 0x2F94, 0x2F95, 0x2F96, 0x2F97,
        0x2F98, 0x2F99, 0x2F9A, 0x2F9B, 0x2F9C, 0x2F9D, 0x2F9E, 0x2F9F, 0x2FA0, 0x2FA1, 0x2FA2, 0x2FA3,
        0x2FA4, 0x2FA5, 0x2FA6, 0x2FA7, 0x2FA8, 0x2FA9, 0x2FAA, 0x2FAB, 0x2FAC, 0x2FAD, 0x2FAE, 0x2FAF,
        0x2FB0, 0x2FB1, 0x2FB2, 0x2FB3, 0x2FB4, 0x2FB5, 0x2FB6, 0x2FB7, 0x2FB8, 0x2FB9, 0x2FBA, 0x2FBB,
        0x2FBC, 0x2FBD, 0x2FBE, 0x2FBF, 0x2FC0, 0x2FC1, 0x2FC2, 0x2FC3, 0x2FC4, 0x2FC5, 0x2FC6, 0x2FC7,
        0x2FC8, 0x2FC9, 0x2FCA, 0x2FCB, 0x2FCC, 0x2FCD, 0x2FCE, 0x2FCF, 0x2FD0, 0x2FD1, 0x2FD2, 0x2FD3,
        0x2FD4, 0x2FD5, 0x3000, 0x3036, 0x3038, 0x3039, 0x303A, 0x309B, 0x309C, 0x309F, 0x30FF, 0x3131,
        0x3132, 0x3133, 0x3134, 0x3135, 0x3136, 0x3137, 0x3138, 0x3139, 0x313A, 0x313B, 0x313C, 0x313D,
        0x313E, 0x313F, 0x3140, 0x3141, 0x3142, 0x3143, 0x3144, 0x3145, 0x3146, 0x3147, 0x3148, 0x3149,
        0x314A, 0x314B, 0x314C, 0x314D, 0x314E, 0x314F, 0x3150, 0x3151, 0x3152, 0x3153, 0x3154, 0x3155,
        0x3156, 0x3157, 0x3158, 0x3159, 0x315A, 0x315B, 0x315C, 0x315D, 0x315E, 0x315F, 0x3160, 0x3161,
        0x3162, 0x3163, 0x3164, 0x3165, 0x3166, 0x3167, 0x3168, 0x3169, 0x316A, 0x316B, 0x316C, 0x316D,
        0x316E, 0x316F, 0x3170, 0x3171, 0x3172, 0x3173, 0x3174, 0x3175, 0x3176, 0x3177, 0x3178, 0x3179,
        0x317A, 0x317B, 0x317C, 0x317D, 0x317E, 0x317F, 0x3180, 0x3181, 0x3182, 0x3183, 0x3184, 0x3185,
        0x3186, 0x3187, 0x3188, 0x3189, 0x318A, 0x318B, 0x318C, 0x318D, 0x318E, 0x3192, 0x3193, 0x3194,
        0x3195, 0x3196, 0x3197, 0x3198, 0x3199, 0x319A, 0x319B, 0x319C, 0x319D, 0x319E, 0x319F, 0x3200,
        0x3201, 0x3202, 0x3203, 0x3204, 0x3205, 0x3206, 0x3207, 0x3208, 0x3209, 0x320A, 0x320B, 0x320C,
        0x320D, 0x320E, 0x320F, 0x3210, 0x3211, 0x3212, 0x3213, 0x3214, 0x3215, 0x3216, 0x3217, 0x3218,
        0x3219, 0x321A, 0x321B, 0x321C, 0x321D, 0x321E, 0x3220, 0x3221, 0x3222, 0x3223, 0x3224, 0x3225,
        0x3226, 0x3227, 0x3228, 0x3229, 0x322A, 0x322B, 0x322C, 0x322D, 0x322E, 0x322F, 0x3230, 0x3231,
        0x3232, 0x3233, 0x3234, 0x3235, 0x3236, 0x3237, 0x3238, 0x3239, 0x323A, 0x323B, 0x323C, 0x323D,
        0x323E, 0x323F, 0x3240, 0x3241, 0x3242, 0x3243, 0x3244, 0x3245, 0x3246, 0x3247, 0x3250, 0x3251,
        0x3252, 0x3253, 0x3254, 0x3255, 0x3256, 0x3257, 0x3258, 0x3259, 0x325A, 0x325B, 0x325C, 0x325D,
        0x325E, 0x325F, 0x3260, 0x3261, 0x3262, 0x3263, 0x3264, 0x3265, 0x3266, 0x3267, 0x3268, 0x3269,
        0x326A, 0x326B, 0x326C, 0x326D, 0x326E, 0x326F, 0x3270, 0x3271, 0x3272, 0x3273, 0x3274, 0x3275,
        0x3276, 0x3277, 0x3278, 0x3279, 0x327A, 0x327B, 0x327C, 0x327D, 0x327E, 0x3280, 0x3281, 0x3282,
        0x3283, 0x3284, 0x3285, 0x3286, 0x3287, 0x3288, 0x3289, 0x328A, 0x328B, 0x328C, 0x328D, 0x328E,
        0x328F, 0x3290, 0x3291, 0x3292, 0x3293, 0x3294, 0x3295, 0x3296, 0x3297, 0x3298, 0x3299, 0x329A,
        0x329B, 0x329C, 0x329D, 0x329E, 0x329F, 0x32A0, 0x32A1, 0x32A2, 0x32A3, 0x32A4, 0x32A5, 0x32A6,
        0x32A7, 0x32A8, 0x32A9, 0x32AA, 0x32AB, 0x32AC, 0x32AD, 0x32AE, 0x32AF, 0x32B0, 0x32B1, 0x32B2,
        0x32B3, 0x32B4, 0x32B5, 0x32B6, 0x32B7, 0x32B8, 0x32B9, 0x32BA, 0x32BB, 0x32BC, 0x32BD, 0x32BE,
        0x32BF, 0x32C0, 0x32C1, 0x32C2, 0x32C3, 0x32C4, 0x32C5, 0x32C6, 0x32C7, 0x32C8, 0x32C9, 0x32CA,
        0x32CB, 0x32CC, 0x32CD, 0x32CE, 0x32CF, 0x32D0, 0x32D1, 0x32D2, 0x32D3, 0x32D4, 0x32D5, 0x32D6,
        0x32D7, 0x32D8, 0x32D9, 0x32DA, 0x32DB, 0x32DC, 0x32DD, 0x32DE, 0x32DF, 0x32E0, 0x32E1, 0x32E2,
        0x32E3, 0x32E4, 0x32E5, 0x32E6, 0x32E7, 0x32E8, 0x32E9, 0x32EA, 0x32EB, 0x32EC, 0x32ED, 0x32EE,
        0x32EF, 0x32F0, 0x32F1, 0x32F2, 0x32F3, 0x32F4, 0x32F5, 0x32F6, 0x32F7, 0x32F8, 0x32F9, 0x32FA,
        0x32FB, 0x32FC, 0x32FD, 0x32FE, 0x32FF, 0x3300, 0x3301, 0x3302, 0x3303, 0x3304, 0x3305, 0x3306,
        0x3307, 0x3308, 0x3309, 0x330A, 0x330B, 0x330C, 0x330D, 0x330E, 0x330F, 0x3310, 0x3311, 0x3312,
        0x3313, 0x3314, 0x3315, 0x3316, 0x3317, 0x3318, 0x3319, 0x331A, 0x331B, 0x331C, 0x331D, 0x331E,
        0x331F, 0x3320, 0x3321, 0x3322, 0x3323, 0x3324, 0x3325, 0x3326, 0x3327, 0x3328, 0x3329, 0x332A,
        0x332B, 0x332C, 0x332D, 0x332E, 0x332F, 0x3330, 0x3331, 0x3332, 0x3333, 0x3334, 0x3335, 0x3336,
        0x3337, 0x3338, 0x3339, 0x333A, 0x333B, 0x333C, 0x333D, 0x333E, 0x333F, 0x3340, 0x3341, 0x3342,
        0x3343, 0x3344, 0x3345, 0x3346, 0x3347, 0x3348, 0x3349, 0x334A, 0x334B, 0x334C, 0x334D, 0x334E,
        0x334F, 0x3350, 0x3351, 0x3352, 0x3353, 0x3354, 0x3355, 0x3356, 0x3357, 0x3358, 0x3359, 0x335A,
        0x335B, 0x335C, 0x335D, 0x335E, 0x335F, 0x3360, 0x3361, 0x3362, 0x3363, 0x3364, 0x3365, 0x3366,
        0x3367, 0x3368, 0x3369, 0x336A, 0x336B, 0x336C, 0x336D, 0x336E, 0x336F, 0x3370, 0x3371, 0x3372,
        0x3373, 0x3374, 0x3375, 0x3376, 0x3377, 0x3378, 0x3379, 0x337A, 0x337B, 0x337C, 0x337D, 0x337E,
        0x337F, 0x3380, 0x3381, 0x3382, 0x3383, 0x3384, 0x3385, 0x3386, 0x3387, 0x3388, 0x3389, 0x338A,
        0x338B, 0x338C, 0x338D, 0x338E, 0x338F, 0x3390, 0x3391, 0x3392, 0x3393, 0x3394, 0x3395, 0x3396,
        0x3397, 0x3398, 0x3399, 0x339A, 0x339B, 0x339C, 0x339D, 0x339E, 0x339F, 0x33A0, 0x33A1, 0x33A2,
        0x33A3, 0x33A4, 0x33A5, 0x33A6, 0x33A7, 0x33A8, 0x33A9, 0x33AA, 0x33AB, 0x33AC, 0x33AD, 0x33AE,
        0x33AF, 0x33B0, 0x33B1, 0x33B2, 0x33B3, 0x33B4, 0x33B5, 0x33B6, 0x33B7, 0x33B8, 0x33B9, 0x33BA,
        0x33BB, 0x33BC, 0x33BD, 0x33BE, 0x33BF, 0x33C0, 0x33C1, 0x33C2, 0x33C3, 0x33C4, 0x33C5, 0x33C6,
        0x33C7, 0x33C8, 0x33C9, 0x33CA, 0x33CB, 0x33CC, 0x33CD, 0x33CE, 0x33CF, 0x33D0, 0x33D1, 0x33D2,
        0x33D3, 0x33D4, 0x33D5, 0x33D6, 0x33D7, 0x33D8, 0x33D9, 0x33DA, 0x33DB, 0x33DC, 0x33DD, 0x33DE,
        0x33DF, 0x33E0, 0x33E1, 0x33E2, 0x33E3, 0x33E4, 0x33E5, 0x33E6, 0x33E7, 0x33E8, 0x33E9, 0x33EA,
        0x33EB, 0x33EC, 0x33ED, 0x33EE, 0x33EF, 0x33F0, 0x33F1, 0x33F2, 0x33F3, 0x33F4, 0x33F5, 0x33F6,
        0x33F7, 0x33F8, 0x33F9, 0x33FA, 0x33FB, 0x33FC, 0x33FD, 0x33FE, 0x33FF, 0xA69C, 0xA69D, 0xA770,
        0xA7F1, 0xA7F2, 0xA7F3, 0xA7F4, 0xA7F8, 0xA7F9, 0xAB5C, 0xAB5D, 0xAB5E, 0xAB5F, 0xAB69, 0xFB00,
        0xFB01, 0xFB02, 0xFB03, 0xFB04, 0xFB05, 0xFB06, 0xFB13, 0xFB14, 0xFB15, 0xFB16, 0xFB17, 0xFB20,
        0xFB21, 0xFB22, 0xFB23, 0xFB24, 0xFB25, 0xFB26, 0xFB27, 0xFB28, 0xFB29, 0xFB4F, 0xFB50, 0xFB51,
        0xFB52, 0xFB53, 0xFB54, 0xFB55, 0xFB56, 0xFB57, 0xFB58, 0xFB59, 0xFB5A, 0xFB5B, 0xFB5C, 0xFB5D,
        0xFB5E, 0xFB5F, 0xFB60, 0xFB61, 0xFB62, 0xFB63, 0xFB64, 0xFB65, 0xFB66, 0xFB67, 0xFB68, 0xFB69,
        0xFB6A, 0xFB6B, 0xFB6C, 0xFB6D, 0xFB6E, 0xFB6F, 0xFB70, 0xFB71, 0xFB72, 0xFB73, 0xFB74, 0xFB75,
        0xFB76, 0xFB77, 0xFB78, 0xFB79, 0xFB7A, 0xFB7B, 0xFB7C, 0xFB7D, 0xFB7E, 0xFB7F, 0xFB80, 0xFB81,
        0xFB82, 0xFB83, 0xFB84, 0xFB85, 0xFB86, 0xFB87, 0xFB88, 0xFB89, 0xFB8A, 0xFB8B, 0xFB8C, 0xFB8D,
        0xFB8E, 0xFB8F, 0xFB90, 0xFB91, 0xFB92, 0xFB93, 0xFB94, 0xFB95, 0xFB96, 0xFB97, 0xFB98, 0xFB99,
        0xFB9A, 0xFB9B, 0xFB9C, 0xFB9D, 0xFB9E, 0xFB9F, 0xFBA0, 0xFBA1, 0xFBA2, 0xFBA3, 0xFBA4, 0xFBA5,
        0xFBA6, 0xFBA7, 0xFBA8, 0xFBA9, 0xFBAA, 0xFBAB, 0xFBAC, 0xFBAD, 0xFBAE, 0xFBAF, 0xFBB0, 0xFBB1,
        0xFBD3, 0xFBD4, 0xFBD5, 0xFBD6, 0xFBD7, 0xFBD8, 0xFBD9, 0xFBDA, 0xFBDB, 0xFBDC, 0xFBDD, 0xFBDE,
        0xFBDF, 0xFBE0, 0xFBE1, 0xFBE2, 0xFBE3, 0xFBE4, 0xFBE5, 0xFBE6, 0xFBE7, 0xFBE8, 0xFBE9, 0xFBEA,
        0xFBEB, 0xFBEC, 0xFBED, 0xFBEE, 0xFBEF, 0xFBF0, 0xFBF1, 0xFBF2, 0xFBF3, 0xFBF4, 0xFBF5, 0xFBF6,
        0xFBF7, 0xFBF8, 0xFBF9, 0xFBFA, 0xFBFB, 0xFBFC, 0xFBFD, 0xFBFE, 0xFBFF, 0xFC00, 0xFC01, 0xFC02,
        0xFC03, 0xFC04, 0xFC05, 0xFC06, 0xFC07, 0xFC08, 0xFC09, 0xFC0A, 0xFC0B, 0xFC0C, 0xFC0D, 0xFC0E,
        0xFC0F, 0xFC10, 0xFC11, 0xFC12, 0xFC13, 0xFC14, 0xFC15, 0xFC16, 0xFC17, 0xFC18, 0xFC19, 0xFC1A,
        0xFC1B, 0xFC1C, 0xFC1D, 0xFC1E, 0xFC1F, 0xFC20, 0xFC21, 0xFC22, 0xFC23, 0xFC24, 0xFC25, 0xFC26,
        0xFC27, 0xFC28, 0xFC29, 0xFC2A, 0xFC2B, 0xFC2C, 0xFC2D, 0xFC2E, 0xFC2F, 0xFC30, 0xFC31, 0xFC32,
        0xFC33, 0xFC34, 0xFC35, 0xFC36, 0xFC37, 0xFC38, 0xFC39, 0xFC3A, 0xFC3B, 0xFC3C, 0xFC3D, 0xFC3E,
        0xFC3F, 0xFC40, 0xFC41, 0xFC42, 0xFC43, 0xFC44, 0xFC45, 0xFC46, 0xFC47, 0xFC48, 0xFC49, 0xFC4A,
        0xFC4B, 0xFC4C, 0xFC4D, 0xFC4E, 0xFC4F, 0xFC50, 0xFC51, 0xFC52, 0xFC53, 0xFC54, 0xFC55, 0xFC56,
        0xFC57, 0xFC58, 0xFC59, 0xFC5A, 0xFC5B, 0xFC5C, 0xFC5D, 0xFC5E, 0xFC5F, 0xFC60, 0xFC61, 0xFC62,
        0xFC63, 0xFC64, 0xFC65, 0xFC66, 0xFC67, 0xFC68, 0xFC69, 0xFC6A, 0xFC6B, 0xFC6C, 0xFC6D, 0xFC6E,
        0xFC6F, 0xFC70, 0xFC71, 0xFC72, 0xFC73, 0xFC74, 0xFC75, 0xFC76, 0xFC77, 0xFC78, 0xFC79, 0xFC7A,
        0xFC7B, 0xFC7C, 0xFC7D, 0xFC7E, 0xFC7F, 0xFC80, 0xFC81, 0xFC82, 0xFC83, 0xFC84, 0xFC85, 0xFC86,
        0xFC87, 0xFC88, 0xFC89, 0xFC8A, 0xFC8B, 0xFC8C, 0xFC8D, 0xFC8E, 0xFC8F, 0xFC90, 0xFC91, 0xFC92,
        0xFC93, 0xFC94, 0xFC95, 0xFC96, 0xFC97, 0xFC98, 0xFC99, 0xFC9A, 0xFC9B, 0xFC9C, 0xFC9D, 0xFC9E,
        0xFC9F, 0xFCA0, 0xFCA1, 0xFCA2, 0xFCA3, 0xFCA4, 0xFCA5, 0xFCA6, 0xFCA7, 0xFCA8, 0xFCA9, 0xFCAA,
        0xFCAB, 0xFCAC, 0xFCAD, 0xFCAE, 0xFCAF, 0xFCB0, 0xFCB1, 0xFCB2, 0xFCB3, 0xFCB4, 0xFCB5, 0xFCB6,
        0xFCB7, 0xFCB8, 0xFCB9, 0xFCBA, 0xFCBB, 0xFCBC, 0xFCBD, 0xFCBE, 0xFCBF, 0xFCC0, 0xFCC1, 0xFCC2,
        0xFCC3, 0xFCC4, 0xFCC5, 0xFCC6, 0xFCC7, 0xFCC8, 0xFCC9, 0xFCCA, 0xFCCB, 0xFCCC, 0xFCCD, 0xFCCE,
        0xFCCF, 0xFCD0, 0xFCD1, 0xFCD2, 0xFCD3, 0xFCD4, 0xFCD5, 0xFCD6, 0xFCD7, 0xFCD8, 0xFCD9, 0xFCDA,
        0xFCDB, 0xFCDC, 0xFCDD, 0xFCDE, 0xFCDF, 0xFCE0, 0xFCE1, 0xFCE2, 0xFCE3, 0xFCE4, 0xFCE5, 0xFCE6,
        0xFCE7, 0xFCE8, 0xFCE9, 0xFCEA, 0xFCEB, 0xFCEC, 0xFCED, 0xFCEE, 0xFCEF, 0xFCF0, 0xFCF1, 0xFCF2,
        0xFCF3, 0xFCF4, 0xFCF5, 0xFCF6, 0xFCF7, 0xFCF8, 0xFCF9, 0xFCFA, 0xFCFB, 0xFCFC, 0xFCFD, 0xFCFE,
        0xFCFF, 0xFD00, 0xFD01, 0xFD02, 0xFD03, 0xFD04, 0xFD05, 0xFD06, 0xFD07, 0xFD08, 0xFD09, 0xFD0A,
        0xFD0B, 0xFD0C, 0xFD0D, 0xFD0E, 0xFD0F, 0xFD10, 0xFD11, 0xFD12, 0xFD13, 0xFD14, 0xFD15, 0xFD16,
        0xFD17, 0xFD18, 0xFD19, 0xFD1A, 0xFD1B, 0xFD1C, 0xFD1D, 0xFD1E, 0xFD1F, 0xFD20, 0xFD21, 0xFD22,
        0xFD23, 0xFD24, 0xFD25, 0xFD26, 0xFD27, 0xFD28, 0xFD29, 0xFD2A, 0xFD2B, 0xFD2C, 0xFD2D, 0xFD2E,
        0xFD2F, 0xFD30, 0xFD31, 0xFD32, 0xFD33, 0xFD34, 0xFD35, 0xFD36, 0xFD37, 0xFD38, 0xFD39, 0xFD3A,
        0xFD3B, 0xFD3C, 0xFD3D, 0xFD50, 0xFD51, 0xFD52, 0xFD53, 0xFD54, 0xFD55, 0xFD56, 0xFD57, 0xFD58,
        0xFD59, 0xFD5A, 0xFD5B, 0xFD5C, 0xFD5D, 0xFD5E, 0xFD5F, 0xFD60, 0xFD61, 0xFD62, 0xFD63, 0xFD64,
        0xFD65, 0xFD66, 0xFD67, 0xFD68, 0xFD69, 0xFD6A, 0xFD6B, 0xFD6C, 0xFD6D, 0xFD6E, 0xFD6F, 0xFD70,
        0xFD71, 0xFD72, 0xFD73, 0xFD74, 0xFD75, 0xFD76, 0xFD77, 0xFD78, 0xFD79, 0xFD7A, 0xFD7B, 0xFD7C,
        0xFD7D, 0xFD7E, 0xFD7F, 0xFD80, 0xFD81, 0xFD82, 0xFD83, 0xFD84, 0xFD85, 0xFD86, 0xFD87, 0xFD88,
        0xFD89, 0xFD8A, 0xFD8B, 0xFD8C, 0xFD8D, 0xFD8E, 0xFD8F, 0xFD92, 0xFD93, 0xFD94, 0xFD95, 0xFD96,
        0xFD97, 0xFD98, 0xFD99, 0xFD9A, 0xFD9B, 0xFD9C, 0xFD9D, 0xFD9E, 0xFD9F, 0xFDA0, 0xFDA1, 0xFDA2,
        0xFDA3, 0xFDA4, 0xFDA5, 0xFDA6, 0xFDA7, 0xFDA8, 0xFDA9, 0xFDAA, 0xFDAB, 0xFDAC, 0xFDAD, 0xFDAE,
        0xFDAF, 0xFDB0, 0xFDB1, 0xFDB2, 0xFDB3, 0xFDB4, 0xFDB5, 0xFDB6, 0xFDB7, 0xFDB8, 0xFDB9, 0xFDBA,
        0xFDBB, 0xFDBC, 0xFDBD, 0xFDBE, 0xFDBF, 0xFDC0, 0xFDC1, 0xFDC2, 0xFDC3, 0xFDC4, 0xFDC5, 0xFDC6,
        0xFDC7, 0xFDF0, 0xFDF1, 0xFDF2, 0xFDF3, 0xFDF4, 0xFDF5, 0xFDF6, 0xFDF7, 0xFDF8, 0xFDF9, 0xFDFA,
        0xFDFB, 0xFDFC, 0xFE10, 0xFE11, 0xFE12, 0xFE13, 0xFE14, 0xFE15, 0xFE16, 0xFE17, 0xFE18, 0xFE19,
        0xFE30, 0xFE31, 0xFE32, 0xFE33, 0xFE34, 0xFE35, 0xFE36, 0xFE37, 0xFE38, 0xFE39, 0xFE3A, 0xFE3B,
        0xFE3C, 0xFE3D, 0xFE3E, 0xFE3F, 0xFE40, 0xFE41, 0xFE42, 0xFE43, 0xFE44, 0xFE47, 0xFE48, 0xFE49,
        0xFE4A, 0xFE4B, 0xFE4C, 0xFE4D, 0xFE4E, 0xFE4F, 0xFE50, 0xFE51, 0xFE52, 0xFE54, 0xFE55, 0xFE56,
        0xFE57, 0xFE58, 0xFE59, 0xFE5A, 0xFE5B, 0xFE5C, 0xFE5D, 0xFE5E, 0xFE5F, 0xFE60, 0xFE61, 0xFE62,
        0xFE63, 0xFE64, 0xFE65, 0xFE66, 0xFE68, 0xFE69, 0xFE6A, 0xFE6B, 0xFE70, 0xFE71, 0xFE72, 0xFE74,
        0xFE76, 0xFE77, 0xFE78, 0xFE79, 0xFE7A, 0xFE7B, 0xFE7C, 0xFE7D, 0xFE7E, 0xFE7F, 0xFE80, 0xFE81,
        0xFE82, 0xFE83, 0xFE84, 0xFE85, 0xFE86, 0xFE87, 0xFE88, 0xFE89, 0xFE8A, 0xFE8B, 0xFE8C, 0xFE8D,
        0xFE8E, 0xFE8F, 0xFE90, 0xFE91, 0xFE92, 0xFE93, 0xFE94, 0xFE95, 0xFE96, 0xFE97, 0xFE98, 0xFE99,
        0xFE9A, 0xFE9B, 0xFE9C, 0xFE9D, 0xFE9E, 0xFE9F, 0xFEA0, 0xFEA1, 0xFEA2, 0xFEA3, 0xFEA4, 0xFEA5,
        0xFEA6, 0xFEA7, 0xFEA8, 0xFEA9, 0xFEAA, 0xFEAB, 0xFEAC, 0xFEAD, 0xFEAE, 0xFEAF, 0xFEB0, 0xFEB1,
        0xFEB2, 0xFEB3, 0xFEB4, 0xFEB5, 0xFEB6, 0xFEB7, 0xFEB8, 0xFEB9, 0xFEBA, 0xFEBB, 0xFEBC, 0xFEBD,
        0xFEBE, 0xFEBF, 0xFEC0, 0xFEC1, 0xFEC2, 0xFEC3, 0xFEC4, 0xFEC5, 0xFEC6, 0xFEC7, 0xFEC8, 0xFEC9,
        0xFECA, 0xFECB, 0xFECC, 0xFECD, 0xFECE, 0xFECF, 0xFED0, 0xFED1, 0xFED2, 0xFED3, 0xFED4, 0xFED5,
        0xFED6, 0xFED7, 0xFED8, 0xFED9, 0xFEDA, 0xFEDB, 0xFEDC, 0xFEDD, 0xFEDE, 0xFEDF, 0xFEE0, 0xFEE1,
        0xFEE2, 0xFEE3, 0xFEE4, 0xFEE5, 0xFEE6, 0xFEE7, 0xFEE8, 0xFEE9, 0xFEEA, 0xFEEB, 0xFEEC, 0xFEED,
        0xFEEE, 0xFEEF, 0xFEF0, 0xFEF1, 0xFEF2, 0xFEF3, 0xFEF4, 0xFEF5, 0xFEF6, 0xFEF7, 0xFEF8, 0xFEF9,
        0xFEFA, 0xFEFB, 0xFEFC, 0xFF01, 0xFF02, 0xFF03, 0xFF04, 0xFF05, 0xFF06, 0xFF07, 0xFF08, 0xFF09,
        0xFF0A, 0xFF0B, 0xFF0C, 0xFF0D, 0xFF0E, 0xFF0F, 0xFF10, 0xFF11, 0xFF12, 0xFF13, 0xFF14, 0xFF15,
        0xFF16, 0xFF17, 0xFF18, 0xFF19, 0xFF1A, 0xFF1B, 0xFF1C, 0xFF1D, 0xFF1E, 0xFF1F, 0xFF20, 0xFF21,
        0xFF22, 0xFF23, 0xFF24, 0xFF25, 0xFF26, 0xFF27, 0xFF28, 0xFF29, 0xFF2A, 0xFF2B, 0xFF2C, 0xFF2D,
        0xFF2E, 0xFF2F, 0xFF30, 0xFF31, 0xFF32, 0xFF33, 0xFF34, 0xFF35, 0xFF36, 0xFF37, 0xFF38, 0xFF39,
        0xFF3A, 0xFF3B, 0xFF3C, 0xFF3D, 0xFF3E, 0xFF3F, 0xFF40, 0xFF41, 0xFF42, 0xFF43, 0xFF44, 0xFF45,
        0xFF46, 0xFF47, 0xFF48, 0xFF49, 0xFF4A, 0xFF4B, 0xFF4C, 0xFF4D, 0xFF4E, 0xFF4F, 0xFF50, 0xFF51,
        0xFF52, 0xFF53, 0xFF54, 0xFF55, 0xFF56, 0xFF57, 0xFF58, 0xFF59, 0xFF5A, 0xFF5B, 0xFF5C, 0xFF5D,
        0xFF5E, 0xFF5F, 0xFF60, 0xFF61, 0xFF62, 0xFF63, 0xFF64, 0xFF65, 0xFF66, 0xFF67, 0xFF68, 0xFF69,
        0xFF6A, 0xFF6B, 0xFF6C, 0xFF6D, 0xFF6E, 0xFF6F, 0xFF70, 0xFF71, 0xFF72, 0xFF73, 0xFF74, 0xFF75,
        0xFF76, 0xFF77, 0xFF78, 0xFF79, 0xFF7A, 0xFF7B, 0xFF7C, 0xFF7D, 0xFF7E, 0xFF7F, 0xFF80, 0xFF81,
        0xFF82, 0xFF83, 0xFF84, 0xFF85, 0xFF86, 0xFF87, 0xFF88, 0xFF89, 0xFF8A, 0xFF8B, 0xFF8C, 0xFF8D,
        0xFF8E, 0xFF8F, 0xFF90, 0xFF91, 0xFF92, 0xFF93, 0xFF94, 0xFF95, 0xFF96, 0xFF97, 0xFF98, 0xFF99,
        0xFF9A, 0xFF9B, 0xFF9C, 0xFF9D, 0xFF9E, 0xFF9F, 0xFFA0, 0xFFA1, 0xFFA2, 0xFFA3, 0xFFA4, 0xFFA5,
        0xFFA6, 0xFFA7, 0xFFA8, 0xFFA9, 0xFFAA, 0xFFAB, 0xFFAC, 0xFFAD, 0xFFAE, 0xFFAF, 0xFFB0, 0xFFB1,
        0xFFB2, 0xFFB3, 0xFFB4, 0xFFB5, 0xFFB6, 0xFFB7, 0xFFB8, 0xFFB9, 0xFFBA, 0xFFBB, 0xFFBC, 0xFFBD,
        0xFFBE, 0xFFC2, 0xFFC3, 0xFFC4, 0xFFC5, 0xFFC6, 0xFFC7, 0xFFCA, 0xFFCB, 0xFFCC, 0xFFCD, 0xFFCE,
        0xFFCF, 0xFFD2, 0xFFD3, 0xFFD4, 0xFFD5, 0xFFD6, 0xFFD7, 0xFFDA, 0xFFDB, 0xFFDC, 0xFFE0, 0xFFE1,
        0xFFE2, 0xFFE3, 0xFFE4, 0xFFE5, 0xFFE6, 0xFFE8, 0xFFE9, 0xFFEA, 0xFFEB, 0xFFEC, 0xFFED, 0xFFEE,
        0x10781, 0x10782, 0x10783, 0x10784, 0x10785, 0x10787, 0x10788, 0x10789, 0x1078A, 0x1078B, 0x1078C, 0x1078D,
        0x1078E, 0x1078F, 0x10790, 0x10791, 0x10792, 0x10793, 0x10794, 0x10795, 0x10796, 0x10797, 0x10798, 0x10799,
        0x1079A, 0x1079B, 0x1079C, 0x1079D, 0x1079E, 0x1079F, 0x107A0, 0x107A1, 0x107A2, 0x107A3, 0x107A4, 0x107A5,
        0x107A6, 0x107A7, 0x107A8, 0x107A9, 0x107AA, 0x107AB, 0x107AC, 0x107AD, 0x107AE, 0x107AF, 0x107B0, 0x107B2,
        0x107B3, 0x107B4, 0x107B5, 0x107B6, 0x107B7, 0x107B8, 0x107B9, 0x107BA, 0x1CCD6, 0x1CCD7, 0x1CCD8, 0x1CCD9,
        0x1CCDA, 0x1CCDB, 0x1CCDC, 0x1CCDD, 0x1CCDE, 0x1CCDF, 0x1CCE0, 0x1CCE1, 0x1CCE2, 0x1CCE3, 0x1CCE4, 0x1CCE5,
        0x1CCE6, 0x1CCE7, 0x1CCE8, 0x1CCE9, 0x1CCEA, 0x1CCEB, 0x1CCEC, 0x1CCED, 0x1CCEE, 0x1CCEF, 0x1CCF0, 0x1CCF1,
        0x1CCF2, 0x1CCF3, 0x1CCF4, 0x1CCF5, 0x1CCF6, 0x1CCF7, 0x1CCF8, 0x1CCF9, 0x1D400, 0x1D401, 0x1D402, 0x1D403,
        0x1D404, 0x1D405, 0x1D406, 0x1D407, 0x1D408, 0x1D409, 0x1D40A, 0x1D40B, 0x1D40C, 0x1D40D, 0x1D40E, 0x1D40F,
        0x1D410, 0x1D411, 0x1D412, 0x1D413, 0x1D414, 0x1D415, 0x1D416, 0x1D417, 0x1D418, 0x1D419, 0x1D41A, 0x1D41B,
        0x1D41C, 0x1D41D, 0x1D41E, 0x1D41F, 0x1D420, 0x1D421, 0x1D422, 0x1D423, 0x1D424, 0x1D425, 0x1D426, 0x1D427,
        0x1D428, 0x1D429, 0x1D42A, 0x1D42B, 0x1D42C, 0x1D42D, 0x1D42E, 0x1D42F, 0x1D430, 0x1D431, 0x1D432, 0x1D433,
        0x1D434, 0x1D435, 0x1D436, 0x1D437, 0x1D438, 0x1D439, 0x1D43A, 0x1D43B, 0x1D43C, 0x1D43D, 0x1D43E, 0x1D43F,
        0x1D440, 0x1D441, 0x1D442, 0x1D443, 0x1D444, 0x1D445, 0x1D446, 0x1D447, 0x1D448, 0x1D449, 0x1D44A, 0x1D44B,
        0x1D44C, 0x1D44D, 0x1D44E, 0x1D44F, 0x1D450, 0x1D451, 0x1D452, 0x1D453, 0x1D454, 0x1D456, 0x1D457, 0x1D458,
        0x1D459, 0x1D45A, 0x1D45B, 0x1D45C, 0x1D45D, 0x1D45E, 0x1D45F, 0x1D460, 0x1D461, 0x1D462, 0x1D463, 0x1D464,
        0x1D465, 0x1D466, 0x1D467, 0x1D468, 0x1D469, 0x1D46A, 0x1D46B, 0x1D46C, 0x1D46D, 0x1D46E, 0x1D46F, 0x1D470,
        0x1D471, 0x1D472, 0x1D473, 0x1D474, 0x1D475, 0x1D476, 0x1D477, 0x1D478, 0x1D479, 0x1D47A, 0x1D47B, 0x1D47C,
        0x1D47D, 0x1D47E, 0x1D47F, 0x1D480, 0x1D481, 0x1D482, 0x1D483, 0x1D484, 0x1D485, 0x1D486, 0x1D487, 0x1D488,
        0x1D489, 0x1D48A, 0x1D48B, 0x1D48C, 0x1D48D, 0x1D48E, 0x1D48F, 0x1D490, 0x1D491, 0x1D492, 0x1D493, 0x1D494,
        0x1D495, 0x1D496, 0x1D497, 0x1D498, 0x1D499, 0x1D49A, 0x1D49B, 0x1D49C, 0x1D49E, 0x1D49F, 0x1D4A2, 0x1D4A5,
        0x1D4A6, 0x1D4A9, 0x1D4AA, 0x1D4AB, 0x1D4AC, 0x1D4AE, 0x1D4AF, 0x1D4B0, 0x1D4B1, 0x1D4B2, 0x1D4B3, 0x1D4B4,
        0x1D4B5, 0x1D4B6, 0x1D4B7, 0x1D4B8, 0x1D4B9, 0x1D4BB, 0x1D4BD, 0x1D4BE, 0x1D4BF, 0x1D4C0, 0x1D4C1, 0x1D4C2,
        0x1D4C3, 0x1D4C5, 0x1D4C6, 0x1D4C7, 0x1D4C8, 0x1D4C9, 0x1D4CA, 0x1D4CB, 0x1D4CC, 0x1D4CD, 0x1D4CE, 0x1D4CF,
        0x1D4D0, 0x1D4D1, 0x1D4D2, 0x1D4D3, 0x1D4D4, 0x1D4D5, 0x1D4D6, 0x1D4D7, 0x1D4D8, 0x1D4D9, 0x1D4DA, 0x1D4DB,
        0x1D4DC, 0x1D4DD, 0x1D4DE, 0x1D4DF, 0x1D4E0, 0x1D4E1, 0x1D4E2, 0x1D4E3, 0x1D4E4, 0x1D4E5, 0x1D4E6, 0x1D4E7,
        0x1D4E8, 0x1D4E9, 0x1D4EA, 0x1D4EB, 0x1D4EC, 0x1D4ED, 0x1D4EE, 0x1D4EF, 0x1D4F0, 0x1D4F1, 0x1D4F2, 0x1D4F3,
        0x1D4F4, 0x1D4F5, 0x1D4F6, 0x1D4F7, 0x1D4F8, 0x1D4F9, 0x1D4FA, 0x1D4FB, 0x1D4FC, 0x1D4FD, 0x1D4FE, 0x1D4FF,
        0x1D500, 0x1D501, 0x1D502, 0x1D503, 0x1D504, 0x1D505, 0x1D507, 0x1D508, 0x1D509, 0x1D50A, 0x1D50D, 0x1D50E,
        0x1D50F, 0x1D510, 0x1D511, 0x1D512, 0x1D513, 0x1D514, 0x1D516, 0x1D517, 0x1D518, 0x1D519, 0x1D51A, 0x1D51B,
        0x1D51C, 0x1D51E, 0x1D51F, 0x1D520, 0x1D521, 0x1D522, 0x1D523, 0x1D524, 0x1D525, 0x1D526, 0x1D527, 0x1D528,
        0x1D529, 0x1D52A, 0x1D52B, 0x1D52C, 0x1D52D, 0x1D52E, 0x1D52F, 0x1D530, 0x1D531, 0x1D532, 0x1D533, 0x1D534,
        0x1D535, 0x1D536, 0x1D537, 0x1D538, 0x1D539, 0x1D53B, 0x1D53C, 0x1D53D, 0x1D53E, 0x1D540, 0x1D541, 0x1D542,
        0x1D543, 0x1D544, 0x1D546, 0x1D54A, 0x1D54B, 0x1D54C, 0x1D54D, 0x1D54E, 0x1D54F, 0x1D550, 0x1D552, 0x1D553,
        0x1D554, 0x1D555, 0x1D556, 0x1D557, 0x1D558, 0x1D559, 0x1D55A, 0x1D55B, 0x1D55C, 0x1D55D, 0x1D55E, 0x1D55F,
        0x1D560, 0x1D561, 0x1D562, 0x1D563, 0x1D564, 0x1D565, 0x1D566, 0x1D567, 0x1D568, 0x1D569, 0x1D56A, 0x1D56B,
        0x1D56C, 0x1D56D, 0x1D56E, 0x1D56F, 0x1D570, 0x1D571, 0x1D572, 0x1D573, 0x1D574, 0x1D575, 0x1D576, 0x1D577,
        0x1D578, 0x1D579, 0x1D57A, 0x1D57B, 0x1D57C, 0x1D57D, 0x1D57E, 0x1D57F, 0x1D580, 0x1D581, 0x1D582, 0x1D583,
        0x1D584, 0x1D585, 0x1D586, 0x1D587, 0x1D588, 0x1D589, 0x1D58A, 0x1D58B, 0x1D58C, 0x1D58D, 0x1D58E, 0x1D58F,
        0x1D590, 0x1D591, 0x1D592, 0x1D593, 0x1D594, 0x1D595, 0x1D596, 0x1D597, 0x1D598, 0x1D599, 0x1D59A, 0x1D59B,
        0x1D59C, 0x1D59D, 0x1D59E, 0x1D59F, 0x1D5A0, 0x1D5A1, 0x1D5A2, 0x1D5A3, 0x1D5A4, 0x1D5A5, 0x1D5A6, 0x1D5A7,
        0x1D5A8, 0x1D5A9, 0x1D5AA, 0x1D5AB, 0x1D5AC, 0x1D5AD, 0x1D5AE, 0x1D5AF, 0x1D5B0, 0x1D5B1, 0x1D5B2, 0x1D5B3,
        0x1D5B4, 0x1D5B5, 0x1D5B6, 0x1D5B7, 0x1D5B8, 0x1D5B9, 0x1D5BA, 0x1D5BB, 0x1D5BC, 0x1D5BD, 0x1D5BE, 0x1D5BF,
        0x1D5C0, 0x1D5C1, 0x1D5C2, 0x1D5C3, 0x1D5C4, 0x1D5C5, 0x1D5C6, 0x1D5C7, 0x1D5C8, 0x1D5C9, 0x1D5CA, 0x1D5CB,
        0x1D5CC, 0x1D5CD, 0x1D5CE, 0x1D5CF, 0x1D5D0, 0x1D5D1, 0x1D5D2, 0x1D5D3, 0x1D5D4, 0x1D5D5, 0x1D5D6, 0x1D5D7,
        0x1D5D8, 0x1D5D9, 0x1D5DA, 0x1D5DB, 0x1D5DC, 0x1D5DD, 0x1D5DE, 0x1D5DF, 0x1D5E0, 0x1D5E1, 0x1D5E2, 0x1D5E3,
        0x1D5E4, 0x1D5E5, 0x1D5E6, 0x1D5E7, 0x1D5E8, 0x1D5E9, 0x1D5EA, 0x1D5EB, 0x1D5EC, 0x1D5ED, 0x1D5EE, 0x1D5EF,
        0x1D5F0, 0x1D5F1, 0x1D5F2, 0x1D5F3, 0x1D5F4, 0x1D5F5, 0x1D5F6, 0x1D5F7, 0x1D5F8, 0x1D5F9, 0x1D5FA, 0x1D5FB,
        0x1D5FC, 0x1D5FD, 0x1D5FE, 0x1D5FF, 0x1D600, 0x1D601, 0x1D602, 0x1D603, 0x1D604, 0x1D605, 0x1D606, 0x1D607,
        0x1D608, 0x1D609, 0x1D60A, 0x1D60B, 0x1D60C, 0x1D60D, 0x1D60E, 0x1D60F, 0x1D610, 0x1D611, 0x1D612, 0x1D613,
        0x1D614, 0x1D615, 0x1D616, 0x1D617, 0x1D618, 0x1D619, 0x1D61A, 0x1D61B, 0x1D61C, 0x1D61D, 0x1D61E, 0x1D61F,
        0x1D620, 0x1D621, 0x1D622, 0x1D623, 0x1D624, 0x1D625, 0x1D626, 0x1D627, 0x1D628, 0x1D629, 0x1D62A, 0x1D62B,
        0x1D62C, 0x1D62D, 0x1D62E, 0x1D62F, 0x1D630, 0x1D631, 0x1D632, 0x1D633, 0x1D634, 0x1D635, 0x1D636, 0x1D637,
        0x1D638, 0x1D639, 0x1D63A, 0x1D63B, 0x1D63C, 0x1D63D, 0x1D63E, 0x1D63F, 0x1D640, 0x1D641, 0x1D642, 0x1D643,
        0x1D644, 0x1D645, 0x1D646, 0x1D647, 0x1D648, 0x1D649, 0x1D64A, 0x1D64B, 0x1D64C, 0x1D64D, 0x1D64E, 0x1D64F,
        0x1D650, 0x1D651, 0x1D652, 0x1D653, 0x1D654, 0x1D655, 0x1D656, 0x1D657, 0x1D658, 0x1D659, 0x1D65A, 0x1D65B,
        0x1D65C, 0x1D65D, 0x1D65E, 0x1D65F, 0x1D660, 0x1D661, 0x1D662, 0x1D663, 0x1D664, 0x1D665, 0x1D666, 0x1D667,
        0x1D668, 0x1D669, 0x1D66A, 0x1D66B, 0x1D66C, 0x1D66D, 0x1D66E, 0x1D66F, 0x1D670, 0x1D671, 0x1D672, 0x1D673,
        0x1D674, 0x1D675, 0x1D676, 0x1D677, 0x1D678, 0x1D679, 0x1D67A, 0x1D67B, 0x1D67C, 0x1D67D, 0x1D67E, 0x1D67F,
        0x1D680, 0x1D681, 0x1D682, 0x1D683, 0x1D684, 0x1D685, 0x1D686, 0x1D687, 0x1D688, 0x1D689, 0x1D68A, 0x1D68B,
        0x1D68C, 0x1D68D, 0x1D68E, 0x1D68F, 0x1D690, 0x1D691, 0x1D692, 0x1D693, 0x1D694, 0x1D695, 0x1D696, 0x1D697,
        0x1D698, 0x1D699, 0x1D69A, 0x1D69B, 0x1D69C, 0x1D69D, 0x1D69E, 0x1D69F, 0x1D6A0, 0x1D6A1, 0x1D6A2, 0x1D6A3,
        0x1D6A4, 0x1D6A5, 0x1D6A8, 0x1D6A9, 0x1D6AA, 0x1D6AB, 0x1D6AC, 0x1D6AD, 0x1D6AE, 0x1D6AF, 0x1D6B0, 0x1D6B1,
        0x1D6B2, 0x1D6B3, 0x1D6B4, 0x1D6B5, 0x1D6B6, 0x1D6B7, 0x1D6B8, 0x1D6B9, 0x1D6BA, 0x1D6BB, 0x1D6BC, 0x1D6BD,
        0x1D6BE, 0x1D6BF, 0x1D6C0, 0x1D6C1, 0x1D6C2, 0x1D6C3, 0x1D6C4, 0x1D6C5, 0x1D6C6, 0x1D6C7, 0x1D6C8, 0x1D6C9,
        0x1D6CA, 0x1D6CB, 0x1D6CC, 0x1D6CD, 0x1D6CE, 0x1D6CF, 0x1D6D0, 0x1D6D1, 0x1D6D2, 0x1D6D3, 0x1D6D4, 0x1D6D5,
        0x1D6D6, 0x1D6D7, 0x1D6D8, 0x1D6D9, 0x1D6DA, 0x1D6DB, 0x1D6DC, 0x1D6DD, 0x1D6DE, 0x1D6DF, 0x1D6E0, 0x1D6E1,
        0x1D6E2, 0x1D6E3, 0x1D6E4, 0x1D6E5, 0x1D6E6, 0x1D6E7, 0x1D6E8, 0x1D6E9, 0x1D6EA, 0x1D6EB, 0x1D6EC, 0x1D6ED,
        0x1D6EE, 0x1D6EF, 0x1D6F0, 0x1D6F1, 0x1D6F2, 0x1D6F3, 0x1D6F4, 0x1D6F5, 0x1D6F6, 0x1D6F7, 0x1D6F8, 0x1D6F9,
        0x1D6FA, 0x1D6FB, 0x1D6FC, 0x1D6FD, 0x1D6FE, 0x1D6FF, 0x1D700, 0x1D701, 0x1D702, 0x1D703, 0x1D704, 0x1D705,
        0x1D706, 0x1D707, 0x1D708, 0x1D709, 0x1D70A, 0x1D70B, 0x1D70C, 0x1D70D, 0x1D70E, 0x1D70F, 0x1D710, 0x1D711,
        0x1D712, 0x1D713, 0x1D714, 0x1D715, 0x1D716, 0x1D717, 0x1D718, 0x1D719, 0x1D71A, 0x1D71B, 0x1D71C, 0x1D71D,
        0x1D71E, 0x1D71F, 0x1D720, 0x1D721, 0x1D722, 0x1D723, 0x1D724, 0x1D725, 0x1D726, 0x1D727, 0x1D728, 0x1D729,
        0x1D72A, 0x1D72B, 0x1D72C, 0x1D72D, 0x1D72E, 0x1D72F, 0x1D730, 0x1D731, 0x1D732, 0x1D733, 0x1D734, 0x1D735,
        0x1D736, 0x1D737, 0x1D738, 0x1D739, 0x1D73A, 0x1D73B, 0x1D73C, 0x1D73D, 0x1D73E, 0x1D73F, 0x1D740, 0x1D741,
        0x1D742, 0x1D743, 0x1D744, 0x1D745, 0x1D746, 0x1D747, 0x1D748, 0x1D749, 0x1D74A, 0x1D74B, 0x1D74C, 0x1D74D,
        0x1D74E, 0x1D74F, 0x1D750, 0x1D751, 0x1D752, 0x1D753, 0x1D754, 0x1D755, 0x1D756, 0x1D757, 0x1D758, 0x1D759,
        0x1D75A, 0x1D75B, 0x1D75C, 0x1D75D, 0x1D75E, 0x1D75F, 0x1D760, 0x1D761, 0x1D762, 0x1D763, 0x1D764, 0x1D765,
        0x1D766, 0x1D767, 0x1D768, 0x1D769, 0x1D76A, 0x1D76B, 0x1D76C, 0x1D76D, 0x1D76E, 0x1D76F, 0x1D770, 0x1D771,
        0x1D772, 0x1D773, 0x1D774, 0x1D775, 0x1D776, 0x1D777, 0x1D778, 0x1D779, 0x1D77A, 0x1D77B, 0x1D77C, 0x1D77D,
        0x1D77E, 0x1D77F, 0x1D780, 0x1D781, 0x1D782, 0x1D783, 0x1D784, 0x1D785, 0x1D786, 0x1D787, 0x1D788, 0x1D789,
        0x1D78A, 0x1D78B, 0x1D78C, 0x1D78D, 0x1D78E, 0x1D78F, 0x1D790, 0x1D791, 0x1D792, 0x1D793, 0x1D794, 0x1D795,
        0x1D796, 0x1D797, 0x1D798, 0x1D799, 0x1D79A, 0x1D79B, 0x1D79C, 0x1D79D, 0x1D79E, 0x1D79F, 0x1D7A0, 0x1D7A1,
        0x1D7A2, 0x1D7A3, 0x1D7A4, 0x1D7A5, 0x1D7A6, 0x1D7A7, 0x1D7A8, 0x1D7A9, 0x1D7AA, 0x1D7AB, 0x1D7AC, 0x1D7AD,
        0x1D7AE, 0x1D7AF, 0x1D7B0, 0x1D7B1, 0x1D7B2, 0x1D7B3, 0x1D7B4, 0x1D7B5, 0x1D7B6, 0x1D7B7, 0x1D7B8, 0x1D7B9,
        0x1D7BA, 0x1D7BB, 0x1D7BC, 0x1D7BD, 0x1D7BE, 0x1D7BF, 0x1D7C0, 0x1D7C1, 0x1D7C2, 0x1D7C3, 0x1D7C4, 0x1D7C5,
        0x1D7C6, 0x1D7C7, 0x1D7C8, 0x1D7C9, 0x1D7CA, 0x1D7CB, 0x1D7CE, 0x1D7CF, 0x1D7D0, 0x1D7D1, 0x1D7D2, 0x1D7D3,
        0x1D7D4, 0x1D7D5, 0x1D7D6, 0x1D7D7, 0x1D7D8, 0x1D7D9, 0x1D7DA, 0x1D7DB, 0x1D7DC, 0x1D7DD, 0x1D7DE, 0x1D7DF,
        0x1D7E0, 0x1D7E1, 0x1D7E2, 0x1D7E3, 0x1D7E4, 0x1D7E5, 0x1D7E6, 0x1D7E7, 0x1D7E8, 0x1D7E9, 0x1D7EA, 0x1D7EB,
        0x1D7EC, 0x1D7ED, 0x1D7EE, 0x1D7EF, 0x1D7F0, 0x1D7F1, 0x1D7F2, 0x1D7F3, 0x1D7F4, 0x1D7F5, 0x1D7F6, 0x1D7F7,
        0x1D7F8, 0x1D7F9, 0x1D7FA, 0x1D7FB, 0x1D7FC, 0x1D7FD, 0x1D7FE, 0x1D7FF, 0x1E030, 0x1E031, 0x1E032, 0x1E033,
        0x1E034, 0x1E035, 0x1E036, 0x1E037, 0x1E038, 0x1E039, 0x1E03A, 0x1E03B, 0x1E03C, 0x1E03D, 0x1E03E, 0x1E03F,
        0x1E040, 0x1E041, 0x1E042, 0x1E043, 0x1E044, 0x1E045, 0x1E046, 0x1E047, 0x1E048, 0x1E049, 0x1E04A, 0x1E04B,
        0x1E04C, 0x1E04D, 0x1E04E, 0x1E04F, 0x1E050, 0x1E051, 0x1E052, 0x1E053, 0x1E054, 0x1E055, 0x1E056, 0x1E057,
        0x1E058, 0x1E059, 0x1E05A, 0x1E05B, 0x1E05C, 0x1E05D, 0x1E05E, 0x1E05F, 0x1E060, 0x1E061, 0x1E062, 0x1E063,
        0x1E064, 0x1E065, 0x1E066, 0x1E067, 0x1E068, 0x1E069, 0x1E06A, 0x1E06B, 0x1E06C, 0x1E06D, 0x1EE00, 0x1EE01,
        0x1EE02, 0x1EE03, 0x1EE05, 0x1EE06, 0x1EE07, 0x1EE08, 0x1EE09, 0x1EE0A, 0x1EE0B, 0x1EE0C, 0x1EE0D, 0x1EE0E,
        0x1EE0F, 0x1EE10, 0x1EE11, 0x1EE12, 0x1EE13, 0x1EE14, 0x1EE15, 0x1EE16, 0x1EE17, 0x1EE18, 0x1EE19, 0x1EE1A,
        0x1EE1B, 0x1EE1C, 0x1EE1D, 0x1EE1E, 0x1EE1F, 0x1EE21, 0x1EE22, 0x1EE24, 0x1EE27, 0x1EE29, 0x1EE2A, 0x1EE2B,
        0x1EE2C, 0x1EE2D, 0x1EE2E, 0x1EE2F, 0x1EE30, 0x1EE31, 0x1EE32, 0x1EE34, 0x1EE35, 0x1EE36, 0x1EE37, 0x1EE39,
        0x1EE3B, 0x1EE42, 0x1EE47, 0x1EE49, 0x1EE4B, 0x1EE4D, 0x1EE4E, 0x1EE4F, 0x1EE51, 0x1EE52, 0x1EE54, 0x1EE57,
        0x1EE59, 0x1EE5B, 0x1EE5D, 0x1EE5F, 0x1EE61, 0x1EE62, 0x1EE64, 0x1EE67, 0x1EE68, 0x1EE69, 0x1EE6A, 0x1EE6C,
        0x1EE6D, 0x1EE6E, 0x1EE6F, 0x1EE70, 0x1EE71, 0x1EE72, 0x1EE74, 0x1EE75, 0x1EE76, 0x1EE77, 0x1EE79, 0x1EE7A,
        0x1EE7B, 0x1EE7C, 0x1EE7E, 0x1EE80, 0x1EE81, 0x1EE82, 0x1EE83, 0x1EE84, 0x1EE85, 0x1EE86, 0x1EE87, 0x1EE88,
        0x1EE89, 0x1EE8B, 0x1EE8C, 0x1EE8D, 0x1EE8E, 0x1EE8F, 0x1EE90, 0x1EE91, 0x1EE92, 0x1EE93, 0x1EE94, 0x1EE95,
        0x1EE96, 0x1EE97, 0x1EE98, 0x1EE99, 0x1EE9A, 0x1EE9B, 0x1EEA1, 0x1EEA2, 0x1EEA3, 0x1EEA5, 0x1EEA6, 0x1EEA7,
        0x1EEA8, 0x1EEA9, 0x1EEAB, 0x1EEAC, 0x1EEAD, 0x1EEAE, 0x1EEAF, 0x1EEB0, 0x1EEB1, 0x1EEB2, 0x1EEB3, 0x1EEB4,
        0x1EEB5, 0x1EEB6, 0x1EEB7, 0x1EEB8, 0x1EEB9, 0x1EEBA, 0x1EEBB, 0x1F100, 0x1F101, 0x1F102, 0x1F103, 0x1F104,
        0x1F105, 0x1F106, 0x1F107, 0x1F108, 0x1F109, 0x1F10A, 0x1F110, 0x1F111, 0x1F112, 0x1F113, 0x1F114, 0x1F115,
        0x1F116, 0x1F117, 0x1F118, 0x1F119, 0x1F11A, 0x1F11B, 0x1F11C, 0x1F11D, 0x1F11E, 0x1F11F, 0x1F120, 0x1F121,
        0x1F122, 0x1F123, 0x1F124, 0x1F125, 0x1F126, 0x1F127, 0x1F128, 0x1F129, 0x1F12A, 0x1F12B, 0x1F12C, 0x1F12D,
        0x1F12E, 0x1F130, 0x1F131, 0x1F132, 0x1F133, 0x1F134, 0x1F135, 0x1F136, 0x1F137, 0x1F138, 0x1F139, 0x1F13A,
        0x1F13B, 0x1F13C, 0x1F13D, 0x1F13E, 0x1F13F, 0x1F140, 0x1F141, 0x1F142, 0x1F143, 0x1F144, 0x1F145, 0x1F146,
        0x1F147, 0x1F148, 0x1F149, 0x1F14A, 0x1F14B, 0x1F14C, 0x1F14D, 0x1F14E, 0x1F14F, 0x1F16A, 0x1F16B, 0x1F16C,
        0x1F190, 0x1F200, 0x1F201, 0x1F202, 0x1F210, 0x1F211, 0x1F212, 0x1F213, 0x1F214, 0x1F215, 0x1F216, 0x1F217,
        0x1F218, 0x1F219, 0x1F21A, 0x1F21B, 0x1F21C, 0x1F21D, 0x1F21E, 0x1F21F, 0x1F220, 0x1F221, 0x1F222, 0x1F223,
        0x1F224, 0x1F225, 0x1F226, 0x1F227, 0x1F228, 0x1F229, 0x1F22A, 0x1F22B, 0x1F22C, 0x1F22D, 0x1F22E, 0x1F22F,
        0x1F230, 0x1F231, 0x1F232, 0x1F233, 0x1F234, 0x1F235, 0x1F236, 0x1F237, 0x1F238, 0x1F239, 0x1F23A, 0x1F23B,
        0x1F240, 0x1F241, 0x1F242, 0x1F243, 0x1F244, 0x1F245, 0x1F246, 0x1F247, 0x1F248, 0x1F250, 0x1F251, 0x1FBF0,
        0x1FBF1, 0x1FBF2, 0x1FBF3, 0x1FBF4, 0x1FBF5, 0x1FBF6, 0x1FBF7, 0x1FBF8, 0x1FBF9,
    ];

    internal static readonly int[] CompatibilityValues =
    [
        0x1, 0x42, 0xC1, 0x102, 0x181, 0x1C1, 0x202, 0x281, 0x2C2, 0x341, 0x381, 0x3C3,
        0x483, 0x543, 0x602, 0x682, 0x702, 0x782, 0x802, 0x881, 0x8C3, 0x983, 0xA43, 0xB02,
        0xB82, 0xC02, 0xC82, 0xD02, 0xD82, 0xE02, 0xE82, 0xF02, 0xF81, 0xFC1, 0x1001, 0x1041,
        0x1081, 0x10C1, 0x1101, 0x1141, 0x1181, 0x11C2, 0x1242, 0x12C2, 0x1342, 0x13C2, 0x1442, 0x14C1,
        0x1501, 0x1541, 0x1581, 0x15C1, 0x1602, 0x1682, 0x1703, 0x17C1, 0x1801, 0x1841, 0x1882, 0x1902,
        0x1981, 0x19C1, 0x1A01, 0x1A41, 0x1A81, 0x1AC1, 0x1B01, 0x1B41, 0x1B82, 0x1C02, 0x1C82, 0x1D02,
        0x1D82, 0x1E02, 0x1E82, 0x1F02, 0x1F82, 0x2001, 0x2043, 0x2103, 0x21C1, 0x2201, 0x2241, 0x2281,
        0x22C1, 0x2301, 0x2341, 0x2381, 0x23C1, 0x2401, 0x2441, 0x2481, 0x24C1, 0x2501, 0x2541, 0x2581,
        0x25C1, 0x2601, 0x2641, 0x2681, 0x26C1, 0x2701, 0x2741, 0x2781, 0x27C1, 0x2801, 0x2841, 0x2881,
        0x28C1, 0x2901, 0x2941, 0x2981, 0x29C1, 0x2A01, 0x2A41, 0x2A81, 0x2AC1, 0x2B01, 0x2B41, 0x2B81,
        0x2BC1, 0x2C01, 0x2C41, 0x2C81, 0x2CC1, 0x2D01, 0x2D41, 0x2D81, 0x2DC1, 0x2E01, 0x2E41, 0x2E81,
        0x2EC1, 0x2F01, 0x2F41, 0x2F81, 0x2FC1, 0x3001, 0x3041, 0x3081, 0x30C1, 0x3101, 0x3141, 0x3181,
        0x31C1, 0x3201, 0x3241, 0x3281, 0x32C1, 0x3301, 0x3341, 0x3381, 0x33C1, 0x3401, 0x3441, 0x3481,
        0x34C1, 0x3501, 0x3541, 0x3581, 0x35C1, 0x3601, 0x3641, 0x3681, 0x36C1, 0x3701, 0x3741, 0x3781,
        0x37C1, 0x3801, 0x3841, 0x3881, 0x38C1, 0x3901, 0x3941, 0x3981, 0x39C1, 0x3A01, 0x3A41, 0x3A82,
        0x3B02, 0x3B82, 0x3C02, 0x3C82, 0x3D03, 0x3DC3, 0x3E83, 0x3F43, 0x4003, 0x40C3, 0x4183, 0x4243,
        0x4303, 0x43C2, 0x4442, 0x44C1, 0x4501, 0x4541, 0x4581, 0x45C1, 0x4601, 0x4641, 0x4681, 0x46C1,
        0x4701, 0x4741, 0x4781, 0x47C2, 0x4841, 0x4882, 0x4903, 0x49C1, 0x4A02, 0x4A83, 0x4B42, 0x4BC3,
        0x4C82, 0x4D02, 0x4D82, 0x4E02, 0x4E82, 0x4F04, 0x5001, 0x5041, 0x5081, 0x50C1, 0x5101, 0x5141,
        0x5181, 0x51C1, 0x5201, 0x5241, 0x5281, 0x52C1, 0x5301, 0x5341, 0x5381, 0x53C1, 0x5401, 0x5441,
        0x5481, 0x54C1, 0x5501, 0x5541, 0x5581, 0x55C1, 0x5601, 0x5641, 0x5681, 0x56C1, 0x5701, 0x5741,
        0x5781, 0x57C1, 0x5801, 0x5841, 0x5881, 0x58C1, 0x5901, 0x5941, 0x5981, 0x59C1, 0x5A01, 0x5A41,
        0x5A81, 0x5AC2, 0x5B43, 0x5C03, 0x5CC1, 0x5D02, 0x5D83, 0x5E43, 0x5F01, 0x5F42, 0x5FC1, 0x6001,
        0x6041, 0x6081, 0x60C1, 0x6101, 0x6141, 0x6181, 0x61C1, 0x6201, 0x6241, 0x6282, 0x6301, 0x6341,
        0x6381, 0x63C1, 0x6401, 0x6442, 0x64C3, 0x6582, 0x6601, 0x6641, 0x6681, 0x66C1, 0x6701, 0x6741,
        0x6781, 0x67C1, 0x6801, 0x6841, 0x6881, 0x68C1, 0x6901, 0x6941, 0x6983, 0x6A41, 0x6A81, 0x6AC1,
        0x6B01, 0x6B41, 0x6B81, 0x6BC1, 0x6C01, 0x6C41, 0x6C81, 0x6CC3, 0x6D83, 0x6E44, 0x6F43, 0x7003,
        0x70C3, 0x7183, 0x7243, 0x7303, 0x73C3, 0x7483, 0x7543, 0x7603, 0x76C3, 0x7783, 0x7842, 0x78C1,
        0x7902, 0x7983, 0x7A42, 0x7AC1, 0x7B02, 0x7B83, 0x7C44, 0x7D42, 0x7DC1, 0x7E02, 0x7E83, 0x7F41,
        0x7F81, 0x7FC1, 0x8001, 0x8041, 0x8082, 0x8103, 0x81C2, 0x8241, 0x8282, 0x8303, 0x83C4, 0x84C2,
        0x8541, 0x8582, 0x8603, 0x86C1, 0x8701, 0x8741, 0x8781, 0x87C3, 0x8882, 0x8903, 0x89C2, 0x8A43,
        0x8B01, 0x8B41, 0x8B81, 0x8BC1, 0x8C01, 0x8C41, 0x8C81, 0x8CC1, 0x8D01, 0x8D42, 0x8DC2, 0x8E42,
        0x8EC2, 0x8F42, 0x8FC2, 0x9042, 0x90C2, 0x9142, 0x91C2, 0x9242, 0x92C3, 0x9383, 0x9443, 0x9503,
        0x95C3, 0x9683, 0x9743, 0x9803, 0x98C3, 0x9984, 0x9A84, 0x9B84, 0x9C84, 0x9D84, 0x9E84, 0x9F84,
        0xA084, 0xA184, 0xA284, 0xA384, 0xA482, 0xA502, 0xA582, 0xA602, 0xA682, 0xA702, 0xA782, 0xA802,
        0xA882, 0xA903, 0xA9C3, 0xAA83, 0xAB43, 0xAC03, 0xACC3, 0xAD83, 0xAE43, 0xAF03, 0xAFC3, 0xB083,
        0xB143, 0xB203, 0xB2C3, 0xB383, 0xB443, 0xB503, 0xB5C3, 0xB683, 0xB743, 0xB803, 0xB8C3, 0xB983,
        0xBA43, 0xBB03, 0xBBC3, 0xBC83, 0xBD43, 0xBE03, 0xBEC3, 0xBF83, 0xC043, 0xC103, 0xC1C3, 0xC283,
        0xC343, 0xC403, 0xC4C1, 0xC501, 0xC541, 0xC581, 0xC5C1, 0xC601, 0xC641, 0xC681, 0xC6C1, 0xC701,
        0xC741, 0xC781, 0xC7C1, 0xC801, 0xC841, 0xC881, 0xC8C1, 0xC901, 0xC941, 0xC981, 0xC9C1, 0xCA01,
        0xCA41, 0xCA81, 0xCAC1, 0xCB01, 0xCB41, 0xCB81, 0xCBC1, 0xCC01, 0xCC41, 0xCC81, 0xCCC1, 0xCD01,
        0xCD41, 0xCD81, 0xCDC1, 0xCE01, 0xCE41, 0xCE81, 0xCEC1, 0xCF01, 0xCF41, 0xCF81, 0xCFC1, 0xD001,
        0xD041, 0xD081, 0xD0C1, 0xD101, 0xD141, 0xD181, 0xD1C1, 0xD204, 0xD303, 0xD3C2, 0xD443, 0xD501,
        0xD541, 0xD581, 0xD5C1, 0xD601, 0xD641, 0xD681, 0xD6C1, 0xD701, 0xD741, 0xD781, 0xD7C1, 0xD801,
        0xD841, 0xD881, 0xD8C1, 0xD901, 0xD941, 0xD981, 0xD9C1, 0xDA01, 0xDA41, 0xDA81, 0xDAC1, 0xDB01,
        0xDB41, 0xDB81, 0xDBC1, 0xDC01, 0xDC41, 0xDC81, 0xDCC1, 0xDD01, 0xDD41, 0xDD81, 0xDDC1, 0xDE01,
        0xDE41, 0xDE81, 0xDEC1, 0xDF01, 0xDF41, 0xDF81, 0xDFC1, 0xE001, 0xE041, 0xE081, 0xE0C1, 0xE101,
        0xE141, 0xE181, 0xE1C1, 0xE201, 0xE241, 0xE281, 0xE2C1, 0xE301, 0xE341, 0xE381, 0xE3C1, 0xE401,
        0xE441, 0xE481, 0xE4C1, 0xE501, 0xE541, 0xE581, 0xE5C1, 0xE601, 0xE641, 0xE681, 0xE6C1, 0xE701,
        0xE741, 0xE781, 0xE7C1, 0xE801, 0xE841, 0xE881, 0xE8C1, 0xE901, 0xE941, 0xE981, 0xE9C1, 0xEA01,
        0xEA41, 0xEA81, 0xEAC1, 0xEB01, 0xEB41, 0xEB81, 0xEBC1, 0xEC01, 0xEC41, 0xEC81, 0xECC1, 0xED01,
        0xED41, 0xED81, 0xEDC1, 0xEE01, 0xEE41, 0xEE81, 0xEEC1, 0xEF01, 0xEF41, 0xEF81, 0xEFC1, 0xF001,
        0xF041, 0xF081, 0xF0C1, 0xF101, 0xF141, 0xF181, 0xF1C1, 0xF201, 0xF241, 0xF281, 0xF2C1, 0xF301,
        0xF341, 0xF381, 0xF3C1, 0xF401, 0xF441, 0xF481, 0xF4C1, 0xF501, 0xF541, 0xF581, 0xF5C1, 0xF601,
        0xF641, 0xF681, 0xF6C1, 0xF701, 0xF741, 0xF781, 0xF7C1, 0xF801, 0xF841, 0xF881, 0xF8C1, 0xF901,
        0xF941, 0xF981, 0xF9C1, 0xFA01, 0xFA41, 0xFA81, 0xFAC1, 0xFB01, 0xFB41, 0xFB81, 0xFBC1, 0xFC01,
        0xFC41, 0xFC81, 0xFCC1, 0xFD01, 0xFD41, 0xFD81, 0xFDC1, 0xFE01, 0xFE41, 0xFE81, 0xFEC1, 0xFF01,
        0xFF41, 0xFF81, 0xFFC1, 0x10001, 0x10041, 0x10081, 0x100C1, 0x10101, 0x10141, 0x10181, 0x101C1, 0x10201,
        0x10241, 0x10281, 0x102C1, 0x10301, 0x10341, 0x10381, 0x103C1, 0x10401, 0x10441, 0x10481, 0x104C1, 0x10501,
        0x10541, 0x10581, 0x105C1, 0x10601, 0x10641, 0x10681, 0x106C1, 0x10701, 0x10741, 0x10781, 0x107C1, 0x10801,
        0x10841, 0x10881, 0x108C1, 0x10901, 0x10941, 0x10981, 0x109C1, 0x10A01, 0x10A41, 0x10A81, 0x10AC1, 0x10B01,
        0x10B41, 0x10B81, 0x10BC1, 0x10C01, 0x10C41, 0x10C81, 0x10CC1, 0x10D02, 0x10D82, 0x10E02, 0x10E82, 0x10F01,
        0x10F41, 0x10F81, 0x10FC1, 0x11001, 0x11041, 0x11081, 0x110C1, 0x11101, 0x11141, 0x11181, 0x111C1, 0x11201,
        0x11241, 0x11281, 0x112C1, 0x11301, 0x11341, 0x11381, 0x113C1, 0x11401, 0x11441, 0x11481, 0x114C1, 0x11501,
        0x11541, 0x11581, 0x115C1, 0x11601, 0x11641, 0x11681, 0x116C1, 0x11701, 0x11741, 0x11781, 0x117C1, 0x11801,
        0x11841, 0x11881, 0x118C1, 0x11901, 0x11941, 0x11981, 0x119C1, 0x11A01, 0x11A41, 0x11A81, 0x11AC1, 0x11B01,
        0x11B41, 0x11B81, 0x11BC1, 0x11C01, 0x11C41, 0x11C81, 0x11CC1, 0x11D01, 0x11D41, 0x11D81, 0x11DC1, 0x11E01,
        0x11E41, 0x11E81, 0x11EC1, 0x11F01, 0x11F41, 0x11F81, 0x11FC1, 0x12001, 0x12041, 0x12081, 0x120C1, 0x12101,
        0x12141, 0x12181, 0x121C1, 0x12201, 0x12241, 0x12281, 0x122C1, 0x12301, 0x12341, 0x12381, 0x123C1, 0x12401,
        0x12441, 0x12481, 0x124C1, 0x12501, 0x12541, 0x12581, 0x125C1, 0x12601, 0x12641, 0x12681, 0x126C1, 0x12701,
        0x12741, 0x12781, 0x127C1, 0x12801, 0x12841, 0x12881, 0x128C1, 0x12901, 0x12941, 0x12981, 0x129C1, 0x12A03,
        0x12AC3, 0x12B83, 0x12C43, 0x12D03, 0x12DC3, 0x12E83, 0x12F43, 0x13003, 0x130C3, 0x13183, 0x13243, 0x13303,
        0x133C3, 0x13484, 0x13584, 0x13684, 0x13784, 0x13884, 0x13984, 0x13A84, 0x13B84, 0x13C84, 0x13D84, 0x13E84,
        0x13F84, 0x14084, 0x14184, 0x14284, 0x14387, 0x14546, 0x146C3, 0x14783, 0x14843, 0x14903, 0x149C3, 0x14A83,
        0x14B43, 0x14C03, 0x14CC3, 0x14D83, 0x14E43, 0x14F03, 0x14FC3, 0x15083, 0x15143, 0x15203, 0x152C3, 0x15383,
        0x15443, 0x15503, 0x155C3, 0x15683, 0x15743, 0x15803, 0x158C3, 0x15983, 0x15A43, 0x15B03, 0x15BC3, 0x15C83,
        0x15D43, 0x15E03, 0x15EC3, 0x15F83, 0x16043, 0x16103, 0x161C1, 0x16201, 0x16241, 0x16281, 0x162C3, 0x16382,
        0x16402, 0x16482, 0x16502, 0x16582, 0x16602, 0x16682, 0x16702, 0x16782, 0x16802, 0x16882, 0x16902, 0x16982,
        0x16A02, 0x16A82, 0x16B01, 0x16B41, 0x16B81, 0x16BC1, 0x16C01, 0x16C41, 0x16C81, 0x16CC1, 0x16D01, 0x16D41,
        0x16D81, 0x16DC1, 0x16E01, 0x16E41, 0x16E82, 0x16F02, 0x16F82, 0x17002, 0x17082, 0x17102, 0x17182, 0x17202,
        0x17282, 0x17302, 0x17382, 0x17402, 0x17482, 0x17502, 0x17585, 0x176C4, 0x177C2, 0x17841, 0x17881, 0x178C1,
        0x17901, 0x17941, 0x17981, 0x179C1, 0x17A01, 0x17A41, 0x17A81, 0x17AC1, 0x17B01, 0x17B41, 0x17B81, 0x17BC1,
        0x17C01, 0x17C41, 0x17C81, 0x17CC1, 0x17D01, 0x17D41, 0x17D81, 0x17DC1, 0x17E01, 0x17E41, 0x17E81, 0x17EC1,
        0x17F01, 0x17F41, 0x17F81, 0x17FC1, 0x18001, 0x18041, 0x18081, 0x180C1, 0x18101, 0x18141, 0x18181, 0x181C1,
        0x18201, 0x18241, 0x18281, 0x182C1, 0x18301, 0x18341, 0x18381, 0x183C1, 0x18401, 0x18441, 0x18482, 0x18502,
        0x18582, 0x18602, 0x18682, 0x18702, 0x18782, 0x18802, 0x18882, 0x18902, 0x18982, 0x18A02, 0x18A82, 0x18B02,
        0x18B82, 0x18C02, 0x18C82, 0x18D02, 0x18D82, 0x18E02, 0x18E82, 0x18F02, 0x18F82, 0x19002, 0x19083, 0x19143,
        0x19203, 0x192C2, 0x19343, 0x19402, 0x19483, 0x19541, 0x19581, 0x195C1, 0x19601, 0x19641, 0x19681, 0x196C1,
        0x19701, 0x19741, 0x19781, 0x197C1, 0x19801, 0x19841, 0x19881, 0x198C1, 0x19901, 0x19941, 0x19981, 0x199C1,
        0x19A01, 0x19A41, 0x19A81, 0x19AC1, 0x19B01, 0x19B41, 0x19B81, 0x19BC1, 0x19C01, 0x19C41, 0x19C81, 0x19CC1,
        0x19D01, 0x19D41, 0x19D81, 0x19DC1, 0x19E01, 0x19E41, 0x19E81, 0x19EC1, 0x19F01, 0x19F41, 0x19F81, 0x19FC1,
        0x1A001, 0x1A041, 0x1A081, 0x1A0C1, 0x1A102, 0x1A185, 0x1A2C4, 0x1A3C5, 0x1A503, 0x1A5C5, 0x1A703, 0x1A7C3,
        0x1A886, 0x1AA04, 0x1AB03, 0x1ABC3, 0x1AC83, 0x1AD44, 0x1AE44, 0x1AF44, 0x1B044, 0x1B144, 0x1B244, 0x1B344,
        0x1B446, 0x1B5C2, 0x1B646, 0x1B7C6, 0x1B945, 0x1BA84, 0x1BB86, 0x1BD06, 0x1BE84, 0x1BF83, 0x1C043, 0x1C104,
        0x1C204, 0x1C305, 0x1C445, 0x1C583, 0x1C643, 0x1C704, 0x1C803, 0x1C8C3, 0x1C982, 0x1CA02, 0x1CA83, 0x1CB43,
        0x1CC06, 0x1CD84, 0x1CE85, 0x1CFC6, 0x1D144, 0x1D243, 0x1D303, 0x1D3C6, 0x1D544, 0x1D646, 0x1D7C3, 0x1D885,
        0x1D9C3, 0x1DA84, 0x1DB83, 0x1DC44, 0x1DD45, 0x1DE84, 0x1DF85, 0x1E0C4, 0x1E1C2, 0x1E245, 0x1E383, 0x1E443,
        0x1E504, 0x1E603, 0x1E6C3, 0x1E783, 0x1E845, 0x1E984, 0x1EA82, 0x1EB06, 0x1EC83, 0x1ED45, 0x1EE84, 0x1EF84,
        0x1F083, 0x1F143, 0x1F204, 0x1F302, 0x1F384, 0x1F485, 0x1F5C2, 0x1F646, 0x1F7C3, 0x1F882, 0x1F902, 0x1F982,
        0x1FA02, 0x1FA82, 0x1FB02, 0x1FB82, 0x1FC02, 0x1FC82, 0x1FD02, 0x1FD83, 0x1FE43, 0x1FF03, 0x1FFC3, 0x20083,
        0x20143, 0x20203, 0x202C3, 0x20383, 0x20443, 0x20503, 0x205C3, 0x20683, 0x20743, 0x20803, 0x208C3, 0x20982,
        0x20A02, 0x20A83, 0x20B42, 0x20BC2, 0x20C42, 0x20CC3, 0x20D83, 0x20E42, 0x20EC2, 0x20F42, 0x20FC2, 0x21042,
        0x210C4, 0x211C2, 0x21242, 0x212C2, 0x21342, 0x213C2, 0x21442, 0x214C2, 0x21542, 0x215C3, 0x21684, 0x21782,
        0x21802, 0x21882, 0x21902, 0x21982, 0x21A02, 0x21A82, 0x21B03, 0x21BC3, 0x21C83, 0x21D43, 0x21E02, 0x21E82,
        0x21F02, 0x21F82, 0x22002, 0x22082, 0x22102, 0x22182, 0x22202, 0x22282, 0x22303, 0x223C3, 0x22482, 0x22503,
        0x225C3, 0x22683, 0x22742, 0x227C3, 0x22883, 0x22944, 0x22A42, 0x22AC3, 0x22B83, 0x22C43, 0x22D03, 0x22DC5,
        0x22F06, 0x23082, 0x23102, 0x23182, 0x23202, 0x23282, 0x23302, 0x23382, 0x23402, 0x23482, 0x23502, 0x23582,
        0x23602, 0x23682, 0x23702, 0x23782, 0x23802, 0x23882, 0x23902, 0x23984, 0x23A82, 0x23B02, 0x23B82, 0x23C04,
        0x23D03, 0x23DC2, 0x23E42, 0x23EC2, 0x23F42, 0x23FC2, 0x24042, 0x240C2, 0x24142, 0x241C2, 0x24242, 0x242C3,
        0x24382, 0x24402, 0x24483, 0x24543, 0x24602, 0x24684, 0x24783, 0x24842, 0x248C2, 0x24942, 0x249C2, 0x24A43,
        0x24B03, 0x24BC2, 0x24C42, 0x24CC2, 0x24D42, 0x24DC2, 0x24E42, 0x24EC2, 0x24F42, 0x24FC2, 0x25043, 0x25103,
        0x251C3, 0x25283, 0x25343, 0x25403, 0x254C3, 0x25583, 0x25643, 0x25703, 0x257C3, 0x25883, 0x25943, 0x25A03,
        0x25AC3, 0x25B83, 0x25C43, 0x25D03, 0x25DC3, 0x25E83, 0x25F43, 0x26003, 0x260C3, 0x26181, 0x261C1, 0x26201,
        0x26241, 0x26281, 0x262C1, 0x26301, 0x26341, 0x26381, 0x263C1, 0x26401, 0x26441, 0x26481, 0x264C1, 0x26502,
        0x26582, 0x26602, 0x26683, 0x26743, 0x26802, 0x26882, 0x26902, 0x26982, 0x26A02, 0x26A82, 0x26B02, 0x26B81,
        0x26BC1, 0x26C01, 0x26C41, 0x26C81, 0x26CC1, 0x26D01, 0x26D41, 0x26D81, 0x26DC1, 0x26E02, 0x26E81, 0x26EC1,
        0x26F01, 0x26F41, 0x26F81, 0x26FC1, 0x27001, 0x27041, 0x27081, 0x270C1, 0x27101, 0x27141, 0x27181, 0x271C1,
        0x27201, 0x27241, 0x27281, 0x272C1, 0x27301, 0x27341, 0x27381, 0x273C1, 0x27401, 0x27441, 0x27481, 0x274C1,
        0x27501, 0x27541, 0x27581, 0x275C1, 0x27601, 0x27641, 0x27681, 0x276C1, 0x27701, 0x27741, 0x27781, 0x277C1,
        0x27801, 0x27841, 0x27881, 0x278C1, 0x27901, 0x27941, 0x27981, 0x279C1, 0x27A01, 0x27A41, 0x27A81, 0x27AC1,
        0x27B01, 0x27B41, 0x27B81, 0x27BC1, 0x27C01, 0x27C41, 0x27C81, 0x27CC1, 0x27D01, 0x27D41, 0x27D81, 0x27DC1,
        0x27E01, 0x27E41, 0x27E81, 0x27EC1, 0x27F01, 0x27F41, 0x27F81, 0x27FC1, 0x28001, 0x28041, 0x28081, 0x280C1,
        0x28101, 0x28141, 0x28181, 0x281C1, 0x28201, 0x28241, 0x28281, 0x282C1, 0x28301, 0x28341, 0x28382, 0x28402,
        0x28481, 0x284C1, 0x28501, 0x28541, 0x28581, 0x285C1, 0x28601, 0x28641, 0x28681, 0x286C1, 0x28702, 0x28782,
        0x28801, 0x28841, 0x28881, 0x288C1, 0x28901, 0x28941, 0x28981, 0x289C1, 0x28A01, 0x28A41, 0x28A82, 0x28B01,
        0x28B41, 0x28B81, 0x28BC1, 0x28C01, 0x28C41, 0x28C81, 0x28CC1, 0x28D01, 0x28D41, 0x28D81, 0x28DC1, 0x28E03,
        0x28EC3, 0x28F83, 0x29043, 0x29103, 0x291C3, 0x29283, 0x29343, 0x29403, 0x294C3, 0x29583, 0x29643, 0x29703,
        0x297C3, 0x29883, 0x29943, 0x29A03, 0x29AC3, 0x29B81, 0x29BC1, 0x29C01, 0x29C41, 0x29C83, 0x29D43, 0x29E03,
        0x29EC3, 0x29F83, 0x2A042, 0x2A0C2, 0x2A142, 0x2A1C2, 0x2A242, 0x2A2C2, 0x2A342, 0x2A3C2, 0x2A442, 0x2A4C2,
        0x2A542, 0x2A5C2, 0x2A642, 0x2A6C2, 0x2A742, 0x2A7C2, 0x2A842, 0x2A8C2, 0x2A942, 0x2A9C2, 0x2AA42, 0x2AAC2,
        0x2AB42, 0x2ABC2, 0x2AC42, 0x2ACC2, 0x2AD42, 0x2ADC2, 0x2AE42, 0x2AEC2, 0x2AF42, 0x2AFC2, 0x2B042, 0x2B0C2,
        0x2B142, 0x2B1C2, 0x2B242, 0x2B2C2, 0x2B342, 0x2B3C2, 0x2B442, 0x2B4C2, 0x2B542, 0x2B5C2, 0x2B642, 0x2B6C2,
        0x2B742, 0x2B7C2, 0x2B842, 0x2B8C2, 0x2B942, 0x2B9C2, 0x2BA42, 0x2BAC2, 0x2BB42, 0x2BBC2, 0x2BC42, 0x2BCC2,
        0x2BD42, 0x2BDC2, 0x2BE42, 0x2BEC2, 0x2BF42, 0x2BFC2, 0x2C042, 0x2C0C2, 0x2C142, 0x2C1C2, 0x2C242, 0x2C2C2,
        0x2C342, 0x2C3C2, 0x2C442, 0x2C4C2, 0x2C542, 0x2C5C2, 0x2C642, 0x2C6C2, 0x2C742, 0x2C7C2, 0x2C842, 0x2C8C2,
        0x2C942, 0x2C9C2, 0x2CA42, 0x2CAC2, 0x2CB42, 0x2CBC2, 0x2CC42, 0x2CCC3, 0x2CD83, 0x2CE43, 0x2CF03, 0x2CFC3,
        0x2D083, 0x2D143, 0x2D203, 0x2D2C3, 0x2D383, 0x2D443, 0x2D503, 0x2D5C2, 0x2D642, 0x2D6C2, 0x2D742, 0x2D7C2,
        0x2D842, 0x2D8C2, 0x2D942, 0x2D9C2, 0x2DA42, 0x2DAC2, 0x2DB42, 0x2DBC2, 0x2DC42, 0x2DCC2, 0x2DD42, 0x2DDC2,
        0x2DE42, 0x2DEC2, 0x2DF42, 0x2DFC2, 0x2E042, 0x2E0C2, 0x2E142, 0x2E1C2, 0x2E242, 0x2E2C2, 0x2E342, 0x2E3C2,
        0x2E442, 0x2E4C2, 0x2E542, 0x2E5C2, 0x2E642, 0x2E6C2, 0x2E742, 0x2E7C2, 0x2E842, 0x2E8C2, 0x2E942, 0x2E9C2,
        0x2EA42, 0x2EAC2, 0x2EB42, 0x2EBC2, 0x2EC43, 0x2ED03, 0x2EDC3, 0x2EE83, 0x2EF43, 0x2F002, 0x2F082, 0x2F102,
        0x2F182, 0x2F202, 0x2F282, 0x2F302, 0x2F382, 0x2F402, 0x2F482, 0x2F502, 0x2F582, 0x2F602, 0x2F682, 0x2F702,
        0x2F782, 0x2F802, 0x2F882, 0x2F902, 0x2F982, 0x2FA02, 0x2FA82, 0x2FB02, 0x2FB82, 0x2FC02, 0x2FC82, 0x2FD02,
        0x2FD82, 0x2FE02, 0x2FE82, 0x2FF02, 0x2FF82, 0x30002, 0x30082, 0x30102, 0x30182, 0x30202, 0x30282, 0x30302,
        0x30382, 0x30402, 0x30482, 0x30502, 0x30582, 0x30602, 0x30682, 0x30702, 0x30782, 0x30802, 0x30882, 0x30902,
        0x30982, 0x30A02, 0x30A82, 0x30B02, 0x30B82, 0x30C02, 0x30C82, 0x30D02, 0x30D82, 0x30E02, 0x30E82, 0x30F02,
        0x30F82, 0x31002, 0x31082, 0x31102, 0x31183, 0x31243, 0x31302, 0x31382, 0x31402, 0x31482, 0x31502, 0x31582,
        0x31602, 0x31682, 0x31702, 0x31782, 0x31802, 0x31882, 0x31902, 0x31982, 0x31A02, 0x31A82, 0x31B02, 0x31B83,
        0x31C43, 0x31D03, 0x31DC2, 0x31E42, 0x31EC2, 0x31F42, 0x31FC2, 0x32042, 0x320C2, 0x32142, 0x321C2, 0x32242,
        0x322C2, 0x32342, 0x323C2, 0x32442, 0x324C2, 0x32542, 0x325C2, 0x32642, 0x326C2, 0x32742, 0x327C2, 0x32842,
        0x328C2, 0x32942, 0x329C2, 0x32A42, 0x32AC2, 0x32B42, 0x32BC2, 0x32C42, 0x32CC2, 0x32D42, 0x32DC2, 0x32E42,
        0x32EC2, 0x32F42, 0x32FC2, 0x33042, 0x330C2, 0x33142, 0x331C2, 0x33242, 0x332C2, 0x33342, 0x333C2, 0x33442,
        0x334C2, 0x33542, 0x335C2, 0x33642, 0x336C2, 0x33742, 0x337C2, 0x33842, 0x338C2, 0x33942, 0x339C2, 0x33A42,
        0x33AC2, 0x33B42, 0x33BC2, 0x33C42, 0x33CC2, 0x33D42, 0x33DC2, 0x33E42, 0x33EC2, 0x33F42, 0x33FC2, 0x34042,
        0x340C2, 0x34142, 0x341C2, 0x34243, 0x34303, 0x343C3, 0x34483, 0x34543, 0x34603, 0x346C3, 0x34783, 0x34843,
        0x34903, 0x349C3, 0x34A83, 0x34B43, 0x34C03, 0x34CC3, 0x34D83, 0x34E43, 0x34F03, 0x34FC3, 0x35083, 0x35143,
        0x35203, 0x352C3, 0x35383, 0x35443, 0x35503, 0x355C3, 0x35683, 0x35743, 0x35803, 0x358C3, 0x35983, 0x35A43,
        0x35B03, 0x35BC3, 0x35C83, 0x35D43, 0x35E03, 0x35EC3, 0x35F83, 0x36043, 0x36103, 0x361C3, 0x36283, 0x36343,
        0x36403, 0x364C3, 0x36583, 0x36643, 0x36703, 0x367C3, 0x36883, 0x36943, 0x36A03, 0x36AC3, 0x36B83, 0x36C43,
        0x36D03, 0x36DC3, 0x36E83, 0x36F43, 0x37003, 0x370C3, 0x37183, 0x37243, 0x37303, 0x373C3, 0x37483, 0x37543,
        0x37603, 0x376C3, 0x37783, 0x37843, 0x37903, 0x379C3, 0x37A83, 0x37B43, 0x37C03, 0x37CC3, 0x37D83, 0x37E43,
        0x37F03, 0x37FC3, 0x38083, 0x38143, 0x38203, 0x382C3, 0x38383, 0x38443, 0x38503, 0x385C3, 0x38683, 0x38743,
        0x38803, 0x388C3, 0x38983, 0x38A43, 0x38B03, 0x38BC3, 0x38C83, 0x38D43, 0x38E03, 0x38EC3, 0x38F83, 0x39043,
        0x39103, 0x391C3, 0x39283, 0x39343, 0x39403, 0x394C3, 0x39583, 0x39643, 0x39703, 0x397C3, 0x39883, 0x39943,
        0x39A03, 0x39AC3, 0x39B83, 0x39C44, 0x39D44, 0x39E44, 0x39F44, 0x3A044, 0x3A144, 0x3A244, 0x3A343, 0x3A412,
        0x3A888, 0x3AA84, 0x3AB81, 0x3ABC1, 0x3AC01, 0x3AC41, 0x3AC81, 0x3ACC1, 0x3AD01, 0x3AD41, 0x3AD81, 0x3ADC3,
        0x3AE82, 0x3AF01, 0x3AF41, 0x3AF81, 0x3AFC1, 0x3B001, 0x3B041, 0x3B081, 0x3B0C1, 0x3B101, 0x3B141, 0x3B181,
        0x3B1C1, 0x3B201, 0x3B241, 0x3B281, 0x3B2C1, 0x3B301, 0x3B341, 0x3B381, 0x3B3C1, 0x3B401, 0x3B441, 0x3B482,
        0x3B502, 0x3B582, 0x3B602, 0x3B681, 0x3B6C1, 0x3B701, 0x3B741, 0x3B781, 0x3B7C1, 0x3B801, 0x3B841, 0x3B881,
        0x3B8C1, 0x3B901, 0x3B941, 0x3B981, 0x3B9C1, 0x3BA01, 0x3BA41, 0x3BA81, 0x3BAC1, 0x3BB01, 0x3BB41, 0x3BB81,
        0x3BBC1, 0x3BC01, 0x3BC41, 0x3BC81, 0x3BCC1, 0x3BD01, 0x3BD41, 0x3BD81, 0x3BDC2, 0x3BE42, 0x3BEC2, 0x3BF42,
        0x3BFC2, 0x3C042, 0x3C0C2, 0x3C142, 0x3C1C2, 0x3C242, 0x3C2C2, 0x3C342, 0x3C3C2, 0x3C442, 0x3C4C1, 0x3C502,
        0x3C582, 0x3C602, 0x3C682, 0x3C702, 0x3C782, 0x3C802, 0x3C882, 0x3C902, 0x3C982, 0x3CA02, 0x3CA82, 0x3CB01,
        0x3CB41, 0x3CB81, 0x3CBC1, 0x3CC01, 0x3CC41, 0x3CC81, 0x3CCC1, 0x3CD01, 0x3CD41, 0x3CD81, 0x3CDC1, 0x3CE01,
        0x3CE41, 0x3CE81, 0x3CEC1, 0x3CF01, 0x3CF41, 0x3CF81, 0x3CFC1, 0x3D001, 0x3D041, 0x3D081, 0x3D0C1, 0x3D101,
        0x3D141, 0x3D181, 0x3D1C1, 0x3D201, 0x3D241, 0x3D281, 0x3D2C1, 0x3D301, 0x3D341, 0x3D381, 0x3D3C1, 0x3D401,
        0x3D441, 0x3D481, 0x3D4C1, 0x3D501, 0x3D541, 0x3D581, 0x3D5C1, 0x3D601, 0x3D641, 0x3D681, 0x3D6C1, 0x3D701,
        0x3D741, 0x3D781, 0x3D7C1, 0x3D801, 0x3D841, 0x3D881, 0x3D8C1, 0x3D901, 0x3D941, 0x3D981, 0x3D9C1, 0x3DA01,
        0x3DA41, 0x3DA81, 0x3DAC1, 0x3DB01, 0x3DB41, 0x3DB81, 0x3DBC1, 0x3DC01, 0x3DC41, 0x3DC81, 0x3DCC1, 0x3DD01,
        0x3DD41, 0x3DD81, 0x3DDC1, 0x3DE01, 0x3DE41, 0x3DE81, 0x3DEC1, 0x3DF01, 0x3DF41, 0x3DF81, 0x3DFC1, 0x3E001,
        0x3E041, 0x3E081, 0x3E0C1, 0x3E101, 0x3E141, 0x3E181, 0x3E1C1, 0x3E201, 0x3E241, 0x3E281, 0x3E2C1, 0x3E301,
        0x3E341, 0x3E381, 0x3E3C1, 0x3E401, 0x3E441, 0x3E481, 0x3E4C1, 0x3E503, 0x3E5C3, 0x3E683, 0x3E743, 0x3E803,
        0x3E8C3, 0x3E982, 0x3EA02, 0x3EA81, 0x3EAC1, 0x3EB01, 0x3EB41, 0x3EB81, 0x3EBC1, 0x3EC01, 0x3EC41, 0x3EC81,
        0x3ECC1, 0x3ED01, 0x3ED41, 0x3ED81, 0x3EDC1, 0x3EE01, 0x3EE41, 0x3EE81, 0x3EEC1, 0x3EF01, 0x3EF41, 0x3EF81,
        0x3EFC1, 0x3F001, 0x3F041, 0x3F081, 0x3F0C1, 0x3F101, 0x3F141, 0x3F181, 0x3F1C1, 0x3F201, 0x3F241, 0x3F281,
        0x3F2C1, 0x3F301, 0x3F341, 0x3F381, 0x3F3C1, 0x3F401, 0x3F441, 0x3F481, 0x3F4C1, 0x3F501, 0x3F541, 0x3F581,
        0x3F5C1, 0x3F601, 0x3F641, 0x3F681, 0x3F6C1, 0x3F701, 0x3F741, 0x3F781, 0x3F7C1, 0x3F801, 0x3F841, 0x3F881,
        0x3F8C1, 0x3F901, 0x3F941, 0x3F981, 0x3F9C1, 0x3FA01, 0x3FA41, 0x3FA81, 0x3FAC1, 0x3FB01, 0x3FB41, 0x3FB81,
        0x3FBC1, 0x3FC01, 0x3FC41, 0x3FC81, 0x3FCC1, 0x3FD01, 0x3FD41, 0x3FD81, 0x3FDC1, 0x3FE01, 0x3FE41, 0x3FE81,
        0x3FEC1, 0x3FF01, 0x3FF41, 0x3FF81, 0x3FFC1, 0x40001, 0x40041, 0x40081, 0x400C1, 0x40101, 0x40141, 0x40181,
        0x401C1, 0x40201, 0x40241, 0x40281, 0x402C1, 0x40301, 0x40341, 0x40381, 0x403C1, 0x40401, 0x40441, 0x40481,
        0x404C1, 0x40501, 0x40541, 0x40581, 0x405C1, 0x40601, 0x40641, 0x40681, 0x406C1, 0x40701, 0x40741, 0x40781,
        0x407C1, 0x40801, 0x40841, 0x40881, 0x408C1, 0x40901, 0x40941, 0x40981, 0x409C1, 0x40A01, 0x40A41, 0x40A81,
        0x40AC1, 0x40B01, 0x40B41, 0x40B81, 0x40BC1, 0x40C01, 0x40C41, 0x40C81, 0x40CC1, 0x40D01, 0x40D41, 0x40D81,
        0x40DC1, 0x40E01, 0x40E41, 0x40E81, 0x40EC1, 0x40F01, 0x40F41, 0x40F81, 0x40FC1, 0x41001, 0x41041, 0x41081,
        0x410C1, 0x41101, 0x41141, 0x41181, 0x411C1, 0x41201, 0x41241, 0x41281, 0x412C1, 0x41301, 0x41341, 0x41381,
        0x413C1, 0x41401, 0x41441, 0x41481, 0x414C1, 0x41501, 0x41541, 0x41581, 0x415C1, 0x41601, 0x41641, 0x41681,
        0x416C1, 0x41701, 0x41741, 0x41781, 0x417C1, 0x41801, 0x41841, 0x41881, 0x418C1, 0x41901, 0x41941, 0x41981,
        0x419C1, 0x41A01, 0x41A41, 0x41A81, 0x41AC1, 0x41B01, 0x41B41, 0x41B81, 0x41BC1, 0x41C01, 0x41C41, 0x41C81,
        0x41CC1, 0x41D01, 0x41D41, 0x41D81, 0x41DC1, 0x41E01, 0x41E41, 0x41E81, 0x41EC1, 0x41F01, 0x41F41, 0x41F81,
        0x41FC1, 0x42002, 0x42081, 0x420C1, 0x42101, 0x42141, 0x42181, 0x421C1, 0x42201, 0x42241, 0x42281, 0x422C1,
        0x42301, 0x42341, 0x42381, 0x423C1, 0x42401, 0x42441, 0x42481, 0x424C1, 0x42501, 0x42541, 0x42581, 0x425C1,
        0x42601, 0x42641, 0x42681, 0x426C1, 0x42701, 0x42741, 0x42781, 0x427C1, 0x42801, 0x42841, 0x42881, 0x428C1,
        0x42901, 0x42941, 0x42982, 0x42A01, 0x42A41, 0x42A82, 0x42B01, 0x42B42, 0x42BC1, 0x42C01, 0x42C41, 0x42C81,
        0x42CC1, 0x42D02, 0x42D81, 0x42DC1, 0x42E01, 0x42E41, 0x42E81, 0x42EC1, 0x42F01, 0x42F41, 0x42F81, 0x42FC1,
        0x43001, 0x43041, 0x43081, 0x430C1, 0x43101, 0x43141, 0x43182, 0x43202, 0x43281, 0x432C1, 0x43301, 0x43341,
        0x43381, 0x433C1, 0x43401, 0x43441, 0x43481, 0x434C1, 0x43501, 0x43541, 0x43581, 0x435C1, 0x43601, 0x43641,
        0x43681, 0x436C1, 0x43701, 0x43741, 0x43781, 0x437C1, 0x43801, 0x43841, 0x43881, 0x438C1, 0x43901, 0x43941,
        0x43981, 0x439C1, 0x43A01, 0x43A41, 0x43A81, 0x43AC1, 0x43B01, 0x43B41, 0x43B81, 0x43BC1, 0x43C01, 0x43C41,
        0x43C81, 0x43CC1, 0x43D01, 0x43D41, 0x43D81, 0x43DC1, 0x43E01, 0x43E41, 0x43E81, 0x43EC1, 0x43F01, 0x43F41,
        0x43F81, 0x43FC1, 0x44001, 0x44041, 0x44081, 0x440C1, 0x44101, 0x44141, 0x44181, 0x441C1, 0x44201, 0x44241,
        0x44281, 0x442C1, 0x44301, 0x44341, 0x44381, 0x443C1, 0x44401, 0x44441, 0x44481, 0x444C1, 0x44501, 0x44541,
        0x44581, 0x445C1, 0x44601, 0x44641, 0x44681, 0x446C1, 0x44701, 0x44741, 0x44781, 0x447C1, 0x44801, 0x44841,
        0x44881, 0x448C1, 0x44901, 0x44941, 0x44981, 0x449C1, 0x44A01, 0x44A41, 0x44A81, 0x44AC1, 0x44B01, 0x44B41,
        0x44B81, 0x44BC1, 0x44C01, 0x44C41, 0x44C81, 0x44CC1, 0x44D01, 0x44D41, 0x44D81, 0x44DC1, 0x44E01, 0x44E41,
        0x44E81, 0x44EC1, 0x44F01, 0x44F41, 0x44F81, 0x44FC1, 0x45001, 0x45041, 0x45081, 0x450C1, 0x45101, 0x45141,
        0x45181, 0x451C1, 0x45201, 0x45241, 0x45281, 0x452C1, 0x45301, 0x45341, 0x45381, 0x453C1, 0x45401, 0x45441,
        0x45481, 0x454C1, 0x45501, 0x45541, 0x45581, 0x455C1, 0x45601, 0x45641, 0x45681, 0x456C1, 0x45701, 0x45741,
        0x45781, 0x457C1, 0x45801, 0x45841, 0x45881, 0x458C1, 0x45901, 0x45941, 0x45981, 0x459C1, 0x45A01, 0x45A41,
        0x45A81, 0x45AC1, 0x45B01, 0x45B41, 0x45B81, 0x45BC1, 0x45C01, 0x45C41, 0x45C81, 0x45CC1, 0x45D01, 0x45D41,
        0x45D81, 0x45DC1, 0x45E01, 0x45E41, 0x45E81, 0x45EC1, 0x45F01, 0x45F41, 0x45F81, 0x45FC1, 0x46001, 0x46041,
        0x46081, 0x460C1, 0x46101, 0x46141, 0x46181, 0x461C1, 0x46201, 0x46241, 0x46281, 0x462C1, 0x46301, 0x46341,
        0x46381, 0x463C1, 0x46401, 0x46441, 0x46481, 0x464C1, 0x46501, 0x46541, 0x46581, 0x465C1, 0x46601, 0x46641,
        0x46681, 0x466C1, 0x46701, 0x46741, 0x46781, 0x467C1, 0x46801, 0x46841, 0x46881, 0x468C1, 0x46901, 0x46941,
        0x46981, 0x469C1, 0x46A01, 0x46A41, 0x46A81, 0x46AC1, 0x46B01, 0x46B41, 0x46B81, 0x46BC1, 0x46C01, 0x46C41,
        0x46C81, 0x46CC1, 0x46D01, 0x46D41, 0x46D81, 0x46DC1, 0x46E01, 0x46E41, 0x46E81, 0x46EC1, 0x46F01, 0x46F41,
        0x46F81, 0x46FC1, 0x47001, 0x47041, 0x47081, 0x470C1, 0x47101, 0x47141, 0x47181, 0x471C1, 0x47201, 0x47241,
        0x47281, 0x472C1, 0x47301, 0x47341, 0x47381, 0x473C1, 0x47401, 0x47441, 0x47481, 0x474C1, 0x47501, 0x47541,
        0x47581, 0x475C1, 0x47601, 0x47641, 0x47681, 0x476C1, 0x47701, 0x47741, 0x47781, 0x477C1, 0x47801, 0x47841,
        0x47881, 0x478C1, 0x47901, 0x47941, 0x47981, 0x479C1, 0x47A01, 0x47A41, 0x47A81, 0x47AC1, 0x47B01, 0x47B41,
        0x47B81, 0x47BC1, 0x47C01, 0x47C41, 0x47C81, 0x47CC1, 0x47D01, 0x47D41, 0x47D81, 0x47DC1, 0x47E01, 0x47E41,
        0x47E81, 0x47EC1, 0x47F01, 0x47F41, 0x47F81, 0x47FC1, 0x48001, 0x48041, 0x48081, 0x480C1, 0x48101, 0x48141,
        0x48181, 0x481C1, 0x48201, 0x48241, 0x48281, 0x482C1, 0x48301, 0x48341, 0x48381, 0x483C1, 0x48401, 0x48441,
        0x48481, 0x484C1, 0x48501, 0x48541, 0x48581, 0x485C1, 0x48601, 0x48641, 0x48681, 0x486C1, 0x48701, 0x48741,
        0x48781, 0x487C1, 0x48801, 0x48841, 0x48881, 0x488C1, 0x48901, 0x48941, 0x48981, 0x489C1, 0x48A01, 0x48A41,
        0x48A81, 0x48AC1, 0x48B01, 0x48B41, 0x48B81, 0x48BC1, 0x48C01, 0x48C41, 0x48C81, 0x48CC1, 0x48D01, 0x48D41,
        0x48D81, 0x48DC1, 0x48E01, 0x48E41, 0x48E81, 0x48EC1, 0x48F01, 0x48F41, 0x48F81, 0x48FC1, 0x49001, 0x49041,
        0x49081, 0x490C1, 0x49101, 0x49141, 0x49181, 0x491C1, 0x49201, 0x49241, 0x49281, 0x492C1, 0x49301, 0x49341,
        0x49381, 0x493C1, 0x49401, 0x49441, 0x49481, 0x494C1, 0x49501, 0x49541, 0x49581, 0x495C1, 0x49601, 0x49641,
        0x49681, 0x496C1, 0x49701, 0x49741, 0x49781, 0x497C1, 0x49801, 0x49841, 0x49881, 0x498C1, 0x49901, 0x49941,
        0x49981, 0x499C1, 0x49A01, 0x49A41, 0x49A81, 0x49AC1, 0x49B01, 0x49B41, 0x49B81, 0x49BC1, 0x49C01, 0x49C41,
        0x49C81, 0x49CC1, 0x49D01, 0x49D41, 0x49D81, 0x49DC1, 0x49E01, 0x49E41, 0x49E81, 0x49EC1, 0x49F01, 0x49F41,
        0x49F81, 0x49FC1, 0x4A001, 0x4A041, 0x4A081, 0x4A0C1, 0x4A101, 0x4A141, 0x4A181, 0x4A1C1, 0x4A201, 0x4A241,
        0x4A281, 0x4A2C1, 0x4A301, 0x4A341, 0x4A381, 0x4A3C1, 0x4A401, 0x4A441, 0x4A481, 0x4A4C1, 0x4A501, 0x4A541,
        0x4A581, 0x4A5C1, 0x4A601, 0x4A641, 0x4A681, 0x4A6C1, 0x4A701, 0x4A741, 0x4A781, 0x4A7C1, 0x4A801, 0x4A841,
        0x4A881, 0x4A8C1, 0x4A901, 0x4A941, 0x4A981, 0x4A9C1, 0x4AA01, 0x4AA41, 0x4AA81, 0x4AAC1, 0x4AB01, 0x4AB41,
        0x4AB81, 0x4ABC1, 0x4AC01, 0x4AC41, 0x4AC81, 0x4ACC1, 0x4AD01, 0x4AD41, 0x4AD81, 0x4ADC1, 0x4AE01, 0x4AE41,
        0x4AE81, 0x4AEC1, 0x4AF01, 0x4AF41, 0x4AF81, 0x4AFC1, 0x4B001, 0x4B041, 0x4B081, 0x4B0C1, 0x4B101, 0x4B141,
        0x4B181, 0x4B1C1, 0x4B201, 0x4B241, 0x4B281, 0x4B2C1, 0x4B301, 0x4B341, 0x4B381, 0x4B3C1, 0x4B401, 0x4B441,
        0x4B481, 0x4B4C1, 0x4B501, 0x4B541, 0x4B581, 0x4B5C1, 0x4B601, 0x4B641, 0x4B681, 0x4B6C1, 0x4B701, 0x4B741,
        0x4B781, 0x4B7C1, 0x4B801, 0x4B841, 0x4B881, 0x4B8C1, 0x4B901, 0x4B941, 0x4B981, 0x4B9C1, 0x4BA01, 0x4BA41,
        0x4BA81, 0x4BAC1, 0x4BB01, 0x4BB41, 0x4BB81, 0x4BBC1, 0x4BC01, 0x4BC41, 0x4BC81, 0x4BCC1, 0x4BD01, 0x4BD41,
        0x4BD81, 0x4BDC1, 0x4BE01, 0x4BE41, 0x4BE81, 0x4BEC1, 0x4BF01, 0x4BF41, 0x4BF81, 0x4BFC1, 0x4C001, 0x4C041,
        0x4C081, 0x4C0C1, 0x4C101, 0x4C141, 0x4C181, 0x4C1C1, 0x4C201, 0x4C241, 0x4C281, 0x4C2C1, 0x4C301, 0x4C341,
        0x4C381, 0x4C3C1, 0x4C401, 0x4C441, 0x4C481, 0x4C4C1, 0x4C501, 0x4C541, 0x4C581, 0x4C5C1, 0x4C601, 0x4C641,
        0x4C681, 0x4C6C1, 0x4C701, 0x4C741, 0x4C781, 0x4C7C1, 0x4C801, 0x4C841, 0x4C881, 0x4C8C1, 0x4C901, 0x4C941,
        0x4C981, 0x4C9C1, 0x4CA01, 0x4CA41, 0x4CA81, 0x4CAC1, 0x4CB01, 0x4CB41, 0x4CB81, 0x4CBC1, 0x4CC01, 0x4CC41,
        0x4CC81, 0x4CCC1, 0x4CD01, 0x4CD41, 0x4CD81, 0x4CDC1, 0x4CE01, 0x4CE41, 0x4CE81, 0x4CEC1, 0x4CF01, 0x4CF41,
        0x4CF81, 0x4CFC1, 0x4D001, 0x4D041, 0x4D081, 0x4D0C1, 0x4D101, 0x4D141, 0x4D181, 0x4D1C1, 0x4D201, 0x4D241,
        0x4D281, 0x4D2C1, 0x4D301, 0x4D341, 0x4D381, 0x4D3C1, 0x4D401, 0x4D441, 0x4D481, 0x4D4C1, 0x4D501, 0x4D541,
        0x4D581, 0x4D5C1, 0x4D601, 0x4D641, 0x4D681, 0x4D6C1, 0x4D701, 0x4D741, 0x4D781, 0x4D7C1, 0x4D801, 0x4D841,
        0x4D881, 0x4D8C1, 0x4D901, 0x4D941, 0x4D981, 0x4D9C1, 0x4DA01, 0x4DA41, 0x4DA81, 0x4DAC1, 0x4DB01, 0x4DB41,
        0x4DB81, 0x4DBC1, 0x4DC01, 0x4DC41, 0x4DC81, 0x4DCC1, 0x4DD01, 0x4DD41, 0x4DD81, 0x4DDC1, 0x4DE01, 0x4DE41,
        0x4DE81, 0x4DEC1, 0x4DF01, 0x4DF41, 0x4DF81, 0x4DFC1, 0x4E001, 0x4E041, 0x4E081, 0x4E0C1, 0x4E101, 0x4E141,
        0x4E181, 0x4E1C1, 0x4E201, 0x4E241, 0x4E281, 0x4E2C1, 0x4E301, 0x4E341, 0x4E381, 0x4E3C1, 0x4E401, 0x4E441,
        0x4E481, 0x4E4C1, 0x4E501, 0x4E541, 0x4E581, 0x4E5C1, 0x4E601, 0x4E641, 0x4E681, 0x4E6C1, 0x4E701, 0x4E741,
        0x4E781, 0x4E7C1, 0x4E801, 0x4E841, 0x4E881, 0x4E8C1, 0x4E901, 0x4E941, 0x4E981, 0x4E9C1, 0x4EA01, 0x4EA41,
        0x4EA81, 0x4EAC1, 0x4EB01, 0x4EB41, 0x4EB81, 0x4EBC1, 0x4EC01, 0x4EC41, 0x4EC81, 0x4ECC1, 0x4ED01, 0x4ED41,
        0x4ED81, 0x4EDC1, 0x4EE01, 0x4EE41, 0x4EE81, 0x4EEC1, 0x4EF01, 0x4EF41, 0x4EF81, 0x4EFC1, 0x4F001, 0x4F041,
        0x4F081, 0x4F0C1, 0x4F101, 0x4F141, 0x4F181, 0x4F1C1, 0x4F201, 0x4F241, 0x4F281, 0x4F2C1, 0x4F301, 0x4F341,
        0x4F381, 0x4F3C1, 0x4F401, 0x4F441, 0x4F481, 0x4F4C1, 0x4F501, 0x4F541, 0x4F581, 0x4F5C1, 0x4F601, 0x4F641,
        0x4F681, 0x4F6C1, 0x4F701, 0x4F741, 0x4F781, 0x4F7C1, 0x4F801, 0x4F841, 0x4F881, 0x4F8C1, 0x4F901, 0x4F941,
        0x4F981, 0x4F9C1, 0x4FA01, 0x4FA41, 0x4FA81, 0x4FAC1, 0x4FB01, 0x4FB41, 0x4FB81, 0x4FBC1, 0x4FC01, 0x4FC41,
        0x4FC81, 0x4FCC1, 0x4FD01, 0x4FD41, 0x4FD81, 0x4FDC1, 0x4FE01, 0x4FE41, 0x4FE81, 0x4FEC1, 0x4FF01, 0x4FF41,
        0x4FF81, 0x4FFC1, 0x50001, 0x50041, 0x50081, 0x500C1, 0x50101, 0x50141, 0x50181, 0x501C1, 0x50201, 0x50241,
        0x50281, 0x502C1, 0x50301, 0x50341, 0x50381, 0x503C1, 0x50401, 0x50441, 0x50481, 0x504C1, 0x50501, 0x50541,
        0x50581, 0x505C1, 0x50601, 0x50641, 0x50681, 0x506C1, 0x50701, 0x50741, 0x50781, 0x507C1, 0x50801, 0x50841,
        0x50881, 0x508C1, 0x50901, 0x50941, 0x50981, 0x509C1, 0x50A01, 0x50A41, 0x50A81, 0x50AC1, 0x50B01, 0x50B41,
        0x50B81, 0x50BC1, 0x50C01, 0x50C41, 0x50C81, 0x50CC1, 0x50D01, 0x50D41, 0x50D81, 0x50DC1, 0x50E01, 0x50E41,
        0x50E81, 0x50EC1, 0x50F01, 0x50F41, 0x50F81, 0x50FC1, 0x51001, 0x51041, 0x51081, 0x510C1, 0x51101, 0x51141,
        0x51181, 0x511C1, 0x51201, 0x51241, 0x51281, 0x512C1, 0x51301, 0x51341, 0x51381, 0x513C1, 0x51401, 0x51441,
        0x51481, 0x514C1, 0x51501, 0x51541, 0x51581, 0x515C1, 0x51601, 0x51641, 0x51681, 0x516C1, 0x51701, 0x51741,
        0x51781, 0x517C1, 0x51801, 0x51841, 0x51881, 0x518C1, 0x51901, 0x51941, 0x51981, 0x519C1, 0x51A01, 0x51A41,
        0x51A81, 0x51AC1, 0x51B01, 0x51B41, 0x51B81, 0x51BC1, 0x51C01, 0x51C41, 0x51C81, 0x51CC1, 0x51D01, 0x51D41,
        0x51D81, 0x51DC1, 0x51E01, 0x51E41, 0x51E81, 0x51EC1, 0x51F01, 0x51F41, 0x51F81, 0x51FC1, 0x52001, 0x52041,
        0x52081, 0x520C1, 0x52101, 0x52141, 0x52181, 0x521C1, 0x52201, 0x52241, 0x52281, 0x522C1, 0x52301, 0x52341,
        0x52381, 0x523C1, 0x52401, 0x52441, 0x52481, 0x524C1, 0x52501, 0x52541, 0x52581, 0x525C1, 0x52601, 0x52641,
        0x52681, 0x526C1, 0x52701, 0x52741, 0x52781, 0x527C1, 0x52801, 0x52841, 0x52881, 0x528C1, 0x52901, 0x52941,
        0x52981, 0x529C1, 0x52A01, 0x52A41, 0x52A81, 0x52AC1, 0x52B01, 0x52B41, 0x52B81, 0x52BC1, 0x52C01, 0x52C41,
        0x52C81, 0x52CC1, 0x52D01, 0x52D41, 0x52D81, 0x52DC1, 0x52E01, 0x52E41, 0x52E81, 0x52EC1, 0x52F01, 0x52F41,
        0x52F81, 0x52FC1, 0x53001, 0x53041, 0x53081, 0x530C1, 0x53101, 0x53141, 0x53181, 0x531C1, 0x53201, 0x53241,
        0x53281, 0x532C1, 0x53301, 0x53341, 0x53381, 0x533C1, 0x53401, 0x53441, 0x53481, 0x534C1, 0x53501, 0x53541,
        0x53581, 0x535C1, 0x53601, 0x53641, 0x53681, 0x536C1, 0x53701, 0x53741, 0x53781, 0x537C1, 0x53801, 0x53841,
        0x53881, 0x538C1, 0x53901, 0x53941, 0x53981, 0x539C1, 0x53A01, 0x53A41, 0x53A81, 0x53AC1, 0x53B01, 0x53B41,
        0x53B81, 0x53BC1, 0x53C01, 0x53C41, 0x53C81, 0x53CC1, 0x53D01, 0x53D41, 0x53D81, 0x53DC1, 0x53E01, 0x53E41,
        0x53E81, 0x53EC1, 0x53F01, 0x53F41, 0x53F81, 0x53FC1, 0x54001, 0x54041, 0x54081, 0x540C1, 0x54101, 0x54141,
        0x54181, 0x541C1, 0x54201, 0x54241, 0x54281, 0x542C1, 0x54301, 0x54341, 0x54381, 0x543C1, 0x54401, 0x54441,
        0x54481, 0x544C1, 0x54501, 0x54541, 0x54581, 0x545C1, 0x54601, 0x54641, 0x54681, 0x546C1, 0x54701, 0x54741,
        0x54781, 0x547C1, 0x54801, 0x54841, 0x54881, 0x548C1, 0x54901, 0x54941, 0x54981, 0x549C1, 0x54A01, 0x54A41,
        0x54A81, 0x54AC1, 0x54B01, 0x54B41, 0x54B81, 0x54BC1, 0x54C01, 0x54C41, 0x54C81, 0x54CC1, 0x54D01, 0x54D41,
        0x54D81, 0x54DC1, 0x54E01, 0x54E41, 0x54E81, 0x54EC1, 0x54F01, 0x54F41, 0x54F81, 0x54FC1, 0x55001, 0x55041,
        0x55081, 0x550C1, 0x55101, 0x55141, 0x55181, 0x551C1, 0x55201, 0x55241, 0x55281, 0x552C1, 0x55301, 0x55341,
        0x55381, 0x553C1, 0x55401, 0x55441, 0x55481, 0x554C1, 0x55501, 0x55541, 0x55581, 0x555C1, 0x55601, 0x55641,
        0x55681, 0x556C1, 0x55701, 0x55741, 0x55781, 0x557C1, 0x55801, 0x55841, 0x55881, 0x558C1, 0x55901, 0x55941,
        0x55981, 0x559C1, 0x55A01, 0x55A41, 0x55A81, 0x55AC1, 0x55B01, 0x55B41, 0x55B81, 0x55BC1, 0x55C01, 0x55C41,
        0x55C81, 0x55CC1, 0x55D01, 0x55D41, 0x55D81, 0x55DC1, 0x55E01, 0x55E41, 0x55E81, 0x55EC1, 0x55F01, 0x55F41,
        0x55F81, 0x55FC1, 0x56001, 0x56041, 0x56081, 0x560C1, 0x56101, 0x56141, 0x56181, 0x561C1, 0x56201, 0x56241,
        0x56281, 0x562C1, 0x56301, 0x56341, 0x56381, 0x563C1, 0x56401, 0x56441, 0x56481, 0x564C1, 0x56501, 0x56541,
        0x56581, 0x565C1, 0x56601, 0x56641, 0x56681, 0x566C1, 0x56701, 0x56742, 0x567C2, 0x56842, 0x568C2, 0x56942,
        0x569C2, 0x56A42, 0x56AC2, 0x56B42, 0x56BC2, 0x56C42, 0x56CC3, 0x56D83, 0x56E43, 0x56F03, 0x56FC3, 0x57083,
        0x57143, 0x57203, 0x572C3, 0x57383, 0x57443, 0x57503, 0x575C3, 0x57683, 0x57743, 0x57803, 0x578C3, 0x57983,
        0x57A43, 0x57B03, 0x57BC3, 0x57C83, 0x57D43, 0x57E03, 0x57EC3, 0x57F83, 0x58043, 0x58101, 0x58141, 0x58182,
        0x58202, 0x58281, 0x582C1, 0x58301, 0x58341, 0x58381, 0x583C1, 0x58401, 0x58441, 0x58481, 0x584C1, 0x58501,
        0x58541, 0x58581, 0x585C1, 0x58601, 0x58641, 0x58681, 0x586C1, 0x58701, 0x58741, 0x58781, 0x587C1, 0x58801,
        0x58841, 0x58881, 0x588C1, 0x58902, 0x58982, 0x58A02, 0x58A82, 0x58B03, 0x58BC2, 0x58C42, 0x58CC2, 0x58D42,
        0x58DC2, 0x58E42, 0x58EC2, 0x58F41, 0x58F81, 0x58FC1, 0x59001, 0x59042, 0x590C1, 0x59101, 0x59141, 0x59181,
        0x591C1, 0x59201, 0x59241, 0x59281, 0x592C1, 0x59301, 0x59341, 0x59381, 0x593C1, 0x59401, 0x59441, 0x59481,
        0x594C1, 0x59501, 0x59541, 0x59581, 0x595C1, 0x59601, 0x59641, 0x59681, 0x596C1, 0x59701, 0x59741, 0x59781,
        0x597C1, 0x59801, 0x59841, 0x59881, 0x598C1, 0x59901, 0x59941, 0x59981, 0x599C1, 0x59A01, 0x59A41, 0x59A81,
        0x59AC3, 0x59B83, 0x59C43, 0x59D03, 0x59DC3, 0x59E83, 0x59F43, 0x5A003, 0x5A0C3, 0x5A181, 0x5A1C1, 0x5A201,
        0x5A241, 0x5A281, 0x5A2C1, 0x5A301, 0x5A341, 0x5A381, 0x5A3C1, 0x5A401, 0x5A441,
    ];

    internal const string CompatibilityDecompositions =
        "  \u0308a \u030423 \u0301\u03BC \u03271o1\u204441\u204423\u20444IJijL\u00B7l\u00B7\u02BCnsDZ\u030CDz\u030Cdz\u030CLJLjljNJNjnjDZDzdzh\u0266jr\u0279\u027B\u0281wy \u0306 \u0307 \u030A \u0328 \u0303 \u030B\u0263lsx\u0295 \u0345 \u0301 \u0308\u0301\u03B2" +
        "\u03B8\u03A5\u03A5\u0301\u03A5\u0308\u03C6\u03C0\u03BA\u03C1\u03C2\u0398\u03B5\u03A3\u0565\u0582\u0627\u0674\u0648\u0674\u06C7\u0674\u064A\u0674\u0E4D\u0E32\u0ECD\u0EB2\u0EAB\u0E99\u0EAB\u0EA1\u0F0B\u0FB2\u0F71\u0F80\u0FB3\u0F71\u0F80\u10DCA\u00C6BDE\u018EGHIJKLMNO\u0222PRTUWa\u0250\u0251\u1D02bde\u0259\u025B\u025Cgkm\u014Bo\u0254\u1D16\u1D17ptu\u1D1D\u026Fv\u1D25\u03B2\u03B3\u03B4\u03C6\u03C7iruv\u03B2" +
        "\u03B3\u03C1\u03C6\u03C7\u043D\u0252c\u0255\u00F0\u025Cf\u025F\u0261\u0265\u0268\u0269\u026A\u1D7B\u029D\u026D\u1D85\u029F\u0271\u0270\u0272\u0273\u0274\u0275\u0278\u0282\u0283\u01AB\u0289\u028A\u1D1C\u028B\u028Cz\u0290\u0291\u0292\u03B8a\u02BEs\u0307 \u0313 \u0313 \u0342 \u0308\u0342 \u0313\u0300 \u0313\u0301 \u0313\u0342 \u0314\u0300 \u0314\u0301 \u0314\u0342 \u0308\u0300 \u0308\u0301 \u0301 \u0314           \u2010 " +
        "\u0333...... \u2032\u2032\u2032\u2032\u2032\u2035\u2035\u2035\u2035\u2035!! \u0305???!!?\u2032\u2032\u2032\u2032 0i456789+\u2212=()n0123456789+\u2212=()aeox\u0259hklmnpstRsa/ca/sC\u00B0Cc/oc/u\u0190\u00B0Fg" +
        "HHHh\u0127IILlNNoPQRRRSMTELTMZZBCeEFMo\u05D0\u05D1\u05D2\u05D3iFAX\u03C0\u03B3\u0393\u03A0\u2211Ddeij1\u204471\u204491\u2044101\u204432\u204431\u204452\u204453\u204454\u204451\u204465\u204461\u204483\u204485\u204487\u2044" +
        "81\u2044IIIIIIIVVVIVIIVIIIIXXXIXIILCDMiiiiiiivvviviiviiiixxxixiilcdm0\u20443\u222B\u222B\u222B\u222B\u222B\u222E\u222E\u222E\u222E\u222E12345678910111213141" +
        "51617181920(1)(2)(3)(4)(5)(6)(7)(8)(9)(10)(11)(12)(13)(14)(15)(16)(17)(18)(19)(20)1.2.3.4.5.6.7." +
        "8.9.10.11.12.13.14.15.16.17.18.19.20.(a)(b)(c)(d)(e)(f)(g)(h)(i)(j)(k)(l)(m)(n)(o)(p)(q)(r)(s)(t" +
        ")(u)(v)(w)(x)(y)(z)ABCDEFGHIJKLMNOPQRSTUVWXYZabcdefghijklmnopqrstuvwxyz0\u222B\u222B\u222B\u222B::======jV\u2D61\u6BCD\u9F9F\u4E00\u4E28\u4E36\u4E3F\u4E59\u4E85\u4E8C" +
        "\u4EA0\u4EBA\u513F\u5165\u516B\u5182\u5196\u51AB\u51E0\u51F5\u5200\u529B\u52F9\u5315\u531A\u5338\u5341\u535C\u5369\u5382\u53B6\u53C8\u53E3\u56D7\u571F\u58EB\u5902\u590A\u5915\u5927\u5973\u5B50\u5B80\u5BF8\u5C0F\u5C22\u5C38\u5C6E\u5C71\u5DDB\u5DE5\u5DF1\u5DFE\u5E72\u5E7A\u5E7F\u5EF4\u5EFE\u5F0B\u5F13\u5F50\u5F61\u5F73\u5FC3\u6208\u6236\u624B\u652F\u6534\u6587\u6597\u65A4\u65B9\u65E0\u65E5\u66F0\u6708\u6728\u6B20\u6B62\u6B79\u6BB3\u6BCB\u6BD4\u6BDB\u6C0F\u6C14\u6C34\u706B\u722A\u7236\u723B\u723F\u7247\u7259\u725B\u72AC\u7384\u7389\u74DC\u74E6\u7518\u751F\u7528\u7530\u758B" +
        "\u7592\u7676\u767D\u76AE\u76BF\u76EE\u77DB\u77E2\u77F3\u793A\u79B8\u79BE\u7A74\u7ACB\u7AF9\u7C73\u7CF8\u7F36\u7F51\u7F8A\u7FBD\u8001\u800C\u8012\u8033\u807F\u8089\u81E3\u81EA\u81F3\u81FC\u820C\u821B\u821F\u826E\u8272\u8278\u864D\u866B\u8840\u884C\u8863\u897E\u898B\u89D2\u8A00\u8C37\u8C46\u8C55\u8C78\u8C9D\u8D64\u8D70\u8DB3\u8EAB\u8ECA\u8F9B\u8FB0\u8FB5\u9091\u9149\u91C6\u91CC\u91D1\u9577\u9580\u961C\u96B6\u96B9\u96E8\u9751\u975E\u9762\u9769\u97CB\u97ED\u97F3\u9801\u98A8\u98DB\u98DF\u9996\u9999\u99AC\u9AA8\u9AD8\u9ADF\u9B25\u9B2F\u9B32\u9B3C\u9B5A\u9CE5\u9E75\u9E7F\u9EA5" +
        "\u9EBB\u9EC3\u9ECD\u9ED1\u9EF9\u9EFD\u9F0E\u9F13\u9F20\u9F3B\u9F4A\u9F52\u9F8D\u9F9C\u9FA0 \u3012\u5341\u5344\u5345 \u3099 \u309A\u3088\u308A\u30B3\u30C8\u1100\u1101\u11AA\u1102\u11AC\u11AD\u1103\u1104\u1105\u11B0\u11B1\u11B2\u11B3\u11B4\u11B5\u111A\u1106\u1107\u1108\u1121\u1109\u110A\u110B\u110C\u110D\u110E\u110F\u1110\u1111\u1112\u1161\u1162\u1163\u1164\u1165\u1166\u1167\u1168\u1169\u116A\u116B\u116C\u116D\u116E\u116F\u1170\u1171\u1172\u1173\u1174\u1175\u1160\u1114\u1115\u11C7\u11C8\u11CC\u11CE\u11D3\u11D7\u11D9\u111C\u11DD\u11DF\u111D\u111E\u1120\u1122" +
        "\u1123\u1127\u1129\u112B\u112C\u112D\u112E\u112F\u1132\u1136\u1140\u1147\u114C\u11F1\u11F2\u1157\u1158\u1159\u1184\u1185\u1188\u1191\u1192\u1194\u119E\u11A1\u4E00\u4E8C\u4E09\u56DB\u4E0A\u4E2D\u4E0B\u7532\u4E59\u4E19\u4E01\u5929\u5730\u4EBA(\u1100)(\u1102)(\u1103)(\u1105)(\u1106)(\u1107)(\u1109)(\u110B)(\u110C)(\u110E)(\u110F)(\u1110)(\u1111)(\u1112)(\u1100\u1161)(\u1102\u1161)(\u1103\u1161)(\u1105" +
        "\u1161)(\u1106\u1161)(\u1107\u1161)(\u1109\u1161)(\u110B\u1161)(\u110C\u1161)(\u110E\u1161)(\u110F\u1161)(\u1110\u1161)(\u1111\u1161)(\u1112\u1161)(\u110C\u116E)(\u110B\u1169\u110C\u1165\u11AB)(\u110B\u1169\u1112\u116E)(\u4E00)(\u4E8C)(\u4E09)(\u56DB)(\u4E94)(\u516D)(\u4E03)(\u516B)(\u4E5D)(\u5341)(\u6708)(\u706B)(" +
        "\u6C34)(\u6728)(\u91D1)(\u571F)(\u65E5)(\u682A)(\u6709)(\u793E)(\u540D)(\u7279)(\u8CA1)(\u795D)(\u52B4)(\u4EE3)(\u547C)(\u5B66)(\u76E3)(\u4F01)(\u8CC7)(\u5354)(\u796D)(\u4F11)(\u81EA)(\u81F3)\u554F\u5E7C\u6587\u7B8FPTE212223242526272829" +
        "303132333435\u1100\u1102\u1103\u1105\u1106\u1107\u1109\u110B\u110C\u110E\u110F\u1110\u1111\u1112\u1100\u1161\u1102\u1161\u1103\u1161\u1105\u1161\u1106\u1161\u1107\u1161\u1109\u1161\u110B\u1161\u110C\u1161\u110E\u1161\u110F\u1161\u1110\u1161\u1111\u1161\u1112\u1161\u110E\u1161\u11B7\u1100\u1169\u110C\u116E\u110B\u1174\u110B\u116E\u4E00\u4E8C\u4E09\u56DB\u4E94\u516D\u4E03\u516B\u4E5D\u5341\u6708\u706B\u6C34\u6728\u91D1\u571F\u65E5\u682A\u6709\u793E\u540D\u7279\u8CA1\u795D\u52B4\u79D8\u7537\u5973\u9069\u512A\u5370" +
        "\u6CE8\u9805\u4F11\u5199\u6B63\u4E0A\u4E2D\u4E0B\u5DE6\u53F3\u533B\u5B97\u5B66\u76E3\u4F01\u8CC7\u5354\u591C3637383940414243444546474849501\u67082\u67083\u67084\u67085\u67086\u67087\u67088\u67089\u670810\u670811\u670812\u6708HgergeVLTD\u30A2\u30A4\u30A6\u30A8\u30AA\u30AB\u30AD\u30AF\u30B1\u30B3\u30B5" +
        "\u30B7\u30B9\u30BB\u30BD\u30BF\u30C1\u30C4\u30C6\u30C8\u30CA\u30CB\u30CC\u30CD\u30CE\u30CF\u30D2\u30D5\u30D8\u30DB\u30DE\u30DF\u30E0\u30E1\u30E2\u30E4\u30E6\u30E8\u30E9\u30EA\u30EB\u30EC\u30ED\u30EF\u30F0\u30F1\u30F2\u4EE4\u548C\u30A2\u30CF\u309A\u30FC\u30C8\u30A2\u30EB\u30D5\u30A1\u30A2\u30F3\u30D8\u309A\u30A2\u30A2\u30FC\u30EB\u30A4\u30CB\u30F3\u30AF\u3099\u30A4\u30F3\u30C1\u30A6\u30A9\u30F3\u30A8\u30B9\u30AF\u30FC\u30C8\u3099\u30A8\u30FC\u30AB\u30FC\u30AA\u30F3\u30B9\u30AA\u30FC\u30E0\u30AB\u30A4\u30EA\u30AB\u30E9\u30C3\u30C8\u30AB\u30ED\u30EA\u30FC\u30AB\u3099\u30ED" +
        "\u30F3\u30AB\u3099\u30F3\u30DE\u30AD\u3099\u30AB\u3099\u30AD\u3099\u30CB\u30FC\u30AD\u30E5\u30EA\u30FC\u30AD\u3099\u30EB\u30BF\u3099\u30FC\u30AD\u30ED\u30AD\u30ED\u30AF\u3099\u30E9\u30E0\u30AD\u30ED\u30E1\u30FC\u30C8\u30EB\u30AD\u30ED\u30EF\u30C3\u30C8\u30AF\u3099\u30E9\u30E0\u30AF\u3099\u30E9\u30E0\u30C8\u30F3\u30AF\u30EB\u30BB\u3099\u30A4\u30ED\u30AF\u30ED\u30FC\u30CD\u30B1\u30FC\u30B9\u30B3\u30EB\u30CA\u30B3\u30FC\u30DB\u309A\u30B5\u30A4\u30AF\u30EB\u30B5\u30F3\u30C1\u30FC\u30E0\u30B7\u30EA\u30F3\u30AF\u3099\u30BB\u30F3\u30C1\u30BB\u30F3\u30C8\u30BF\u3099\u30FC\u30B9" +
        "\u30C6\u3099\u30B7\u30C8\u3099\u30EB\u30C8\u30F3\u30CA\u30CE\u30CE\u30C3\u30C8\u30CF\u30A4\u30C4\u30CF\u309A\u30FC\u30BB\u30F3\u30C8\u30CF\u309A\u30FC\u30C4\u30CF\u3099\u30FC\u30EC\u30EB\u30D2\u309A\u30A2\u30B9\u30C8\u30EB\u30D2\u309A\u30AF\u30EB\u30D2\u309A\u30B3\u30D2\u3099\u30EB\u30D5\u30A1\u30E9\u30C3\u30C8\u3099\u30D5\u30A3\u30FC\u30C8\u30D5\u3099\u30C3\u30B7\u30A7\u30EB\u30D5\u30E9\u30F3\u30D8\u30AF\u30BF\u30FC\u30EB\u30D8\u309A\u30BD\u30D8\u309A\u30CB\u30D2\u30D8\u30EB\u30C4\u30D8\u309A\u30F3\u30B9\u30D8\u309A\u30FC\u30B7\u3099\u30D8\u3099\u30FC\u30BF\u30DB\u309A" +
        "\u30A4\u30F3\u30C8\u30DB\u3099\u30EB\u30C8\u30DB\u30F3\u30DB\u309A\u30F3\u30C8\u3099\u30DB\u30FC\u30EB\u30DB\u30FC\u30F3\u30DE\u30A4\u30AF\u30ED\u30DE\u30A4\u30EB\u30DE\u30C3\u30CF\u30DE\u30EB\u30AF\u30DE\u30F3\u30B7\u30E7\u30F3\u30DF\u30AF\u30ED\u30F3\u30DF\u30EA\u30DF\u30EA\u30CF\u3099\u30FC\u30EB\u30E1\u30AB\u3099\u30E1\u30AB\u3099\u30C8\u30F3\u30E1\u30FC\u30C8\u30EB\u30E4\u30FC\u30C8\u3099\u30E4\u30FC\u30EB\u30E6\u30A2\u30F3\u30EA\u30C3\u30C8\u30EB\u30EA\u30E9\u30EB\u30D2\u309A\u30FC\u30EB\u30FC\u30D5\u3099\u30EB\u30EC\u30E0\u30EC\u30F3\u30C8\u30B1\u3099\u30F3\u30EF" +
        "\u30C3\u30C80\u70B91\u70B92\u70B93\u70B94\u70B95\u70B96\u70B97\u70B98\u70B99\u70B910\u70B911\u70B912\u70B913\u70B914\u70B915\u70B916\u70B917\u70B918\u70B919\u70B920\u70B921\u70B922\u70B923\u70B924\u70B9hPadaAUbaroVpcdmdm2dm3IU\u5E73\u6210\u662D\u548C\u5927" +
        "\u6B63\u660E\u6CBB\u682A\u5F0F\u4F1A\u793EpAnA\u03BCAmAkAKBMBGBcalkcalpFnF\u03BCF\u03BCgmgkgHzkHzMHzGHzTHz\u03BClmldlklfmnm\u03BCmmmcmkmmm2cm2m2km2mm3cm3m3k" +
        "m3m\u2215sm\u2215s2PakPaMPaGParadrad\u2215srad\u2215s2psns\u03BCsmspVnV\u03BCVmVkVMVpWnW\u03BCWmWkWMWk\u03A9M\u03A9a.m.BqcccdC\u2215kgCo.dBGyhaHPi" +
        "nKKKMktlmlnloglxmbmilmolPHp.m.PPMPRsrSvWbV\u2215mA\u2215m1\u65E52\u65E53\u65E54\u65E55\u65E56\u65E57\u65E58\u65E59\u65E510\u65E511\u65E512\u65E513\u65E514\u65E515\u65E516\u65E517\u65E518\u65E519\u65E52" +
        "0\u65E521\u65E522\u65E523\u65E524\u65E525\u65E526\u65E527\u65E528\u65E529\u65E530\u65E531\u65E5gal\u044A\u044C\uA76FSCFQ\u0126\u0153\uA727\uAB37\u026B\uAB52\u028Dfffiflffifflstst\u0574\u0576\u0574\u0565\u0574\u056B\u057E\u0576\u0574\u056D\u05E2\u05D0\u05D3\u05D4\u05DB\u05DC\u05DD\u05E8\u05EA+\u05D0\u05DC\u0671\u0671\u067B\u067B\u067B\u067B" +
        "\u067E\u067E\u067E\u067E\u0680\u0680\u0680\u0680\u067A\u067A\u067A\u067A\u067F\u067F\u067F\u067F\u0679\u0679\u0679\u0679\u06A4\u06A4\u06A4\u06A4\u06A6\u06A6\u06A6\u06A6\u0684\u0684\u0684\u0684\u0683\u0683\u0683\u0683\u0686\u0686\u0686\u0686\u0687\u0687\u0687\u0687\u068D\u068D\u068C\u068C\u068E\u068E\u0688\u0688\u0698\u0698\u0691\u0691\u06A9\u06A9\u06A9\u06A9\u06AF\u06AF\u06AF\u06AF\u06B3\u06B3\u06B3\u06B3\u06B1\u06B1\u06B1\u06B1\u06BA\u06BA\u06BB\u06BB\u06BB\u06BB\u06D5\u0654\u06D5\u0654\u06C1\u06C1\u06C1\u06C1\u06BE\u06BE\u06BE\u06BE\u06D2\u06D2\u06D2\u0654\u06D2\u0654" +
        "\u06AD\u06AD\u06AD\u06AD\u06C7\u06C7\u06C6\u06C6\u06C8\u06C8\u06C7\u0674\u06CB\u06CB\u06C5\u06C5\u06C9\u06C9\u06D0\u06D0\u06D0\u06D0\u0649\u0649\u064A\u0654\u0627\u064A\u0654\u0627\u064A\u0654\u06D5\u064A\u0654\u06D5\u064A\u0654\u0648\u064A\u0654\u0648\u064A\u0654\u06C7\u064A\u0654\u06C7\u064A\u0654\u06C6\u064A\u0654\u06C6\u064A\u0654\u06C8\u064A\u0654\u06C8\u064A\u0654\u06D0\u064A\u0654\u06D0\u064A\u0654\u06D0\u064A\u0654\u0649\u064A\u0654\u0649\u064A\u0654\u0649\u06CC\u06CC\u06CC\u06CC\u064A\u0654\u062C\u064A\u0654\u062D\u064A\u0654\u0645\u064A\u0654\u0649\u064A\u0654" +
        "\u064A\u0628\u062C\u0628\u062D\u0628\u062E\u0628\u0645\u0628\u0649\u0628\u064A\u062A\u062C\u062A\u062D\u062A\u062E\u062A\u0645\u062A\u0649\u062A\u064A\u062B\u062C\u062B\u0645\u062B\u0649\u062B\u064A\u062C\u062D\u062C\u0645\u062D\u062C\u062D\u0645\u062E\u062C\u062E\u062D\u062E\u0645\u0633\u062C\u0633\u062D\u0633\u062E\u0633\u0645\u0635\u062D\u0635\u0645\u0636\u062C\u0636\u062D\u0636\u062E\u0636\u0645\u0637\u062D\u0637\u0645\u0638\u0645\u0639\u062C\u0639\u0645\u063A\u062C\u063A\u0645\u0641\u062C\u0641\u062D\u0641\u062E\u0641\u0645\u0641\u0649\u0641\u064A\u0642\u062D\u0642" +
        "\u0645\u0642\u0649\u0642\u064A\u0643\u0627\u0643\u062C\u0643\u062D\u0643\u062E\u0643\u0644\u0643\u0645\u0643\u0649\u0643\u064A\u0644\u062C\u0644\u062D\u0644\u062E\u0644\u0645\u0644\u0649\u0644\u064A\u0645\u062C\u0645\u062D\u0645\u062E\u0645\u0645\u0645\u0649\u0645\u064A\u0646\u062C\u0646\u062D\u0646\u062E\u0646\u0645\u0646\u0649\u0646\u064A\u0647\u062C\u0647\u0645\u0647\u0649\u0647\u064A\u064A\u062C\u064A\u062D\u064A\u062E\u064A\u0645\u064A\u0649\u064A\u064A\u0630\u0670\u0631\u0670\u0649\u0670 \u064C\u0651 \u064D\u0651 \u064E\u0651 \u064F\u0651 " +
        "\u0650\u0651 \u0651\u0670\u064A\u0654\u0631\u064A\u0654\u0632\u064A\u0654\u0645\u064A\u0654\u0646\u064A\u0654\u0649\u064A\u0654\u064A\u0628\u0631\u0628\u0632\u0628\u0645\u0628\u0646\u0628\u0649\u0628\u064A\u062A\u0631\u062A\u0632\u062A\u0645\u062A\u0646\u062A\u0649\u062A\u064A\u062B\u0631\u062B\u0632\u062B\u0645\u062B\u0646\u062B\u0649\u062B\u064A\u0641\u0649\u0641\u064A\u0642\u0649\u0642\u064A\u0643\u0627\u0643\u0644\u0643\u0645\u0643\u0649\u0643\u064A\u0644\u0645\u0644\u0649\u0644\u064A\u0645\u0627\u0645\u0645\u0646\u0631\u0646\u0632\u0646\u0645\u0646\u0646\u0646" +
        "\u0649\u0646\u064A\u0649\u0670\u064A\u0631\u064A\u0632\u064A\u0645\u064A\u0646\u064A\u0649\u064A\u064A\u064A\u0654\u062C\u064A\u0654\u062D\u064A\u0654\u062E\u064A\u0654\u0645\u064A\u0654\u0647\u0628\u062C\u0628\u062D\u0628\u062E\u0628\u0645\u0628\u0647\u062A\u062C\u062A\u062D\u062A\u062E\u062A\u0645\u062A\u0647\u062B\u0645\u062C\u062D\u062C\u0645\u062D\u062C\u062D\u0645\u062E\u062C\u062E\u0645\u0633\u062C\u0633\u062D\u0633\u062E\u0633\u0645\u0635\u062D\u0635\u062E\u0635\u0645\u0636\u062C\u0636\u062D\u0636\u062E\u0636\u0645\u0637\u062D\u0638\u0645\u0639\u062C\u0639\u0645" +
        "\u063A\u062C\u063A\u0645\u0641\u062C\u0641\u062D\u0641\u062E\u0641\u0645\u0642\u062D\u0642\u0645\u0643\u062C\u0643\u062D\u0643\u062E\u0643\u0644\u0643\u0645\u0644\u062C\u0644\u062D\u0644\u062E\u0644\u0645\u0644\u0647\u0645\u062C\u0645\u062D\u0645\u062E\u0645\u0645\u0646\u062C\u0646\u062D\u0646\u062E\u0646\u0645\u0646\u0647\u0647\u062C\u0647\u0645\u0647\u0670\u064A\u062C\u064A\u062D\u064A\u062E\u064A\u0645\u064A\u0647\u064A\u0654\u0645\u064A\u0654\u0647\u0628\u0645\u0628\u0647\u062A\u0645\u062A\u0647\u062B\u0645\u062B\u0647\u0633\u0645\u0633\u0647\u0634\u0645\u0634\u0647" +
        "\u0643\u0644\u0643\u0645\u0644\u0645\u0646\u0645\u0646\u0647\u064A\u0645\u064A\u0647\u0640\u064E\u0651\u0640\u064F\u0651\u0640\u0650\u0651\u0637\u0649\u0637\u064A\u0639\u0649\u0639\u064A\u063A\u0649\u063A\u064A\u0633\u0649\u0633\u064A\u0634\u0649\u0634\u064A\u062D\u0649\u062D\u064A\u062C\u0649\u062C\u064A\u062E\u0649\u062E\u064A\u0635\u0649\u0635\u064A\u0636\u0649\u0636\u064A\u0634\u062C\u0634\u062D\u0634\u062E\u0634\u0645\u0634\u0631\u0633\u0631\u0635\u0631\u0636\u0631\u0637\u0649\u0637\u064A\u0639\u0649\u0639\u064A\u063A\u0649\u063A\u064A\u0633\u0649\u0633\u064A\u0634" +
        "\u0649\u0634\u064A\u062D\u0649\u062D\u064A\u062C\u0649\u062C\u064A\u062E\u0649\u062E\u064A\u0635\u0649\u0635\u064A\u0636\u0649\u0636\u064A\u0634\u062C\u0634\u062D\u0634\u062E\u0634\u0645\u0634\u0631\u0633\u0631\u0635\u0631\u0636\u0631\u0634\u062C\u0634\u062D\u0634\u062E\u0634\u0645\u0633\u0647\u0634\u0647\u0637\u0645\u0633\u062C\u0633\u062D\u0633\u062E\u0634\u062C\u0634\u062D\u0634\u062E\u0637\u0645\u0638\u0645\u0627\u064B\u0627\u064B\u062A\u062C\u0645\u062A\u062D\u062C\u062A\u062D\u062C\u062A\u062D\u0645\u062A\u062E\u0645\u062A\u0645\u062C\u062A\u0645\u062D\u062A\u0645" +
        "\u062E\u062C\u0645\u062D\u062C\u0645\u062D\u062D\u0645\u064A\u062D\u0645\u0649\u0633\u062D\u062C\u0633\u062C\u062D\u0633\u062C\u0649\u0633\u0645\u062D\u0633\u0645\u062D\u0633\u0645\u062C\u0633\u0645\u0645\u0633\u0645\u0645\u0635\u062D\u062D\u0635\u062D\u062D\u0635\u0645\u0645\u0634\u062D\u0645\u0634\u062D\u0645\u0634\u062C\u064A\u0634\u0645\u062E\u0634\u0645\u062E\u0634\u0645\u0645\u0634\u0645\u0645\u0636\u062D\u0649\u0636\u062E\u0645\u0636\u062E\u0645\u0637\u0645\u062D\u0637\u0645\u062D\u0637\u0645\u0645\u0637\u0645\u064A\u0639\u062C\u0645\u0639\u0645\u0645\u0639\u0645" +
        "\u0645\u0639\u0645\u0649\u063A\u0645\u0645\u063A\u0645\u064A\u063A\u0645\u0649\u0641\u062E\u0645\u0641\u062E\u0645\u0642\u0645\u062D\u0642\u0645\u0645\u0644\u062D\u0645\u0644\u062D\u064A\u0644\u062D\u0649\u0644\u062C\u062C\u0644\u062C\u062C\u0644\u062E\u0645\u0644\u062E\u0645\u0644\u0645\u062D\u0644\u0645\u062D\u0645\u062D\u062C\u0645\u062D\u0645\u0645\u062D\u064A\u0645\u062C\u062D\u0645\u062C\u0645\u0645\u062E\u062C\u0645\u062E\u0645\u0645\u062C\u062E\u0647\u0645\u062C\u0647\u0645\u0645\u0646\u062D\u0645\u0646\u062D\u0649\u0646\u062C\u0645\u0646\u062C\u0645\u0646\u062C" +
        "\u0649\u0646\u0645\u064A\u0646\u0645\u0649\u064A\u0645\u0645\u064A\u0645\u0645\u0628\u062E\u064A\u062A\u062C\u064A\u062A\u062C\u0649\u062A\u062E\u064A\u062A\u062E\u0649\u062A\u0645\u064A\u062A\u0645\u0649\u062C\u0645\u064A\u062C\u062D\u0649\u062C\u0645\u0649\u0633\u062E\u0649\u0635\u062D\u064A\u0634\u062D\u064A\u0636\u062D\u064A\u0644\u062C\u064A\u0644\u0645\u064A\u064A\u062D\u064A\u064A\u062C\u064A\u064A\u0645\u064A\u0645\u0645\u064A\u0642\u0645\u064A\u0646\u062D\u064A\u0642\u0645\u062D\u0644\u062D\u0645\u0639\u0645\u064A\u0643\u0645\u064A\u0646\u062C\u062D\u0645\u062E" +
        "\u064A\u0644\u062C\u0645\u0643\u0645\u0645\u0644\u062C\u0645\u0646\u062C\u062D\u062C\u062D\u064A\u062D\u062C\u064A\u0645\u062C\u064A\u0641\u0645\u064A\u0628\u062D\u064A\u0643\u0645\u0645\u0639\u062C\u0645\u0635\u0645\u0645\u0633\u062E\u064A\u0646\u062C\u064A\u0635\u0644\u06D2\u0642\u0644\u06D2\u0627\u0644\u0644\u0647\u0627\u0643\u0628\u0631\u0645\u062D\u0645\u062F\u0635\u0644\u0639\u0645\u0631\u0633\u0648\u0644\u0639\u0644\u064A\u0647\u0648\u0633\u0644\u0645\u0635\u0644\u0649\u0635\u0644\u0649 \u0627\u0644\u0644\u0647 \u0639\u0644\u064A\u0647 \u0648\u0633" +
        "\u0644\u0645\u062C\u0644 \u062C\u0644\u0627\u0644\u0647\u0631\u06CC\u0627\u0644,\u3001\u3002:;!?\u3016\u3017.....\u2014\u2013__(){}\u3014\u3015\u3010\u3011\u300A\u300B\u3008\u3009\u300C\u300D\u300E\u300F[] \u0305 \u0305 \u0305 \u0305___,\u3001.;:?!\u2014(){}\u3014\u3015#&*+-<>=\\$%@ \u064B\u0640\u064B \u064C \u064D " +
        "\u064E\u0640\u064E \u064F\u0640\u064F \u0650\u0640\u0650 \u0651\u0640\u0651 \u0652\u0640\u0652\u0621\u0627\u0653\u0627\u0653\u0627\u0654\u0627\u0654\u0648\u0654\u0648\u0654\u0627\u0655\u0627\u0655\u064A\u0654\u064A\u0654\u064A\u0654\u064A\u0654\u0627\u0627\u0628\u0628\u0628\u0628\u0629\u0629\u062A\u062A\u062A\u062A\u062B\u062B\u062B\u062B\u062C\u062C\u062C\u062C\u062D\u062D\u062D\u062D\u062E\u062E\u062E\u062E\u062F\u062F\u0630\u0630\u0631\u0631\u0632\u0632\u0633\u0633\u0633\u0633\u0634\u0634\u0634\u0634\u0635\u0635\u0635\u0635\u0636\u0636\u0636\u0636" +
        "\u0637\u0637\u0637\u0637\u0638\u0638\u0638\u0638\u0639\u0639\u0639\u0639\u063A\u063A\u063A\u063A\u0641\u0641\u0641\u0641\u0642\u0642\u0642\u0642\u0643\u0643\u0643\u0643\u0644\u0644\u0644\u0644\u0645\u0645\u0645\u0645\u0646\u0646\u0646\u0646\u0647\u0647\u0647\u0647\u0648\u0648\u0649\u0649\u064A\u064A\u064A\u064A\u0644\u0627\u0653\u0644\u0627\u0653\u0644\u0627\u0654\u0644\u0627\u0654\u0644\u0627\u0655\u0644\u0627\u0655\u0644\u0627\u0644\u0627!\"#$%&'()*+,-./0123456" +
        "789:;<=>?@ABCDEFGHIJKLMNOPQRSTUVWXYZ[\\]^_`abcdefghijklmnopqrstuvwxyz{|}~\u2985\u2986\u3002\u300C\u300D\u3001\u30FB\u30F2\u30A1\u30A3\u30A5\u30A7\u30A9\u30E3\u30E5\u30E7\u30C3\u30FC\u30A2\u30A4\u30A6\u30A8\u30AA\u30AB" +
        "\u30AD\u30AF\u30B1\u30B3\u30B5\u30B7\u30B9\u30BB\u30BD\u30BF\u30C1\u30C4\u30C6\u30C8\u30CA\u30CB\u30CC\u30CD\u30CE\u30CF\u30D2\u30D5\u30D8\u30DB\u30DE\u30DF\u30E0\u30E1\u30E2\u30E4\u30E6\u30E8\u30E9\u30EA\u30EB\u30EC\u30ED\u30EF\u30F3\u3099\u309A\u1160\u1100\u1101\u11AA\u1102\u11AC\u11AD\u1103\u1104\u1105\u11B0\u11B1\u11B2\u11B3\u11B4\u11B5\u111A\u1106\u1107\u1108\u1121\u1109\u110A\u110B\u110C\u110D\u110E\u110F\u1110\u1111\u1112\u1161\u1162\u1163\u1164\u1165\u1166\u1167\u1168\u1169\u116A\u116B\u116C\u116D\u116E\u116F\u1170\u1171\u1172\u1173\u1174\u1175\u00A2\u00A3\u00AC" +
        " \u0304\u00A6\u00A5\u20A9\u2502\u2190\u2191\u2192\u2193\u25A0\u25CB\u02D0\u02D1\u00E6\u0299\u0253\u02A3\uAB66\u02A5\u02A4\u0256\u0257\u1D91\u0258\u025E\u02A9\u0264\u0262\u0260\u029B\u0127\u029C\u0267\u0284\u02AA\u02AB\u026C\uD837\uDF04\uA78E\u026E\uD837\uDF05\u028E\uD837\uDF06\u00F8\u0276\u0277q\u027A\uD837\uDF08\u027D\u027E\u0280\u02A8\u02A6\uAB67\u02A7\u0288\u2C71\u028F\u02A1\u02A2\u0298\u01C0\u01C1\u01C2\uD837\uDF0A\uD837\uDF1EABCDEFGHIJKLMNOPQRSTUV" +
        "WXYZ0123456789ABCDEFGHIJKLMNOPQRSTUVWXYZabcdefghijklmnopqrstuvwxyzABCDEFGHIJKLMNOPQRSTUVWXYZabcd" +
        "efgijklmnopqrstuvwxyzABCDEFGHIJKLMNOPQRSTUVWXYZabcdefghijklmnopqrstuvwxyzACDGJKNOPQSTUVWXYZabcdf" +
        "hijklmnpqrstuvwxyzABCDEFGHIJKLMNOPQRSTUVWXYZabcdefghijklmnopqrstuvwxyzABDEFGJKLMNOPQSTUVWXYabcde" +
        "fghijklmnopqrstuvwxyzABDEFGIJKLMOSTUVWXYabcdefghijklmnopqrstuvwxyzABCDEFGHIJKLMNOPQRSTUVWXYZabcd" +
        "efghijklmnopqrstuvwxyzABCDEFGHIJKLMNOPQRSTUVWXYZabcdefghijklmnopqrstuvwxyzABCDEFGHIJKLMNOPQRSTUV" +
        "WXYZabcdefghijklmnopqrstuvwxyzABCDEFGHIJKLMNOPQRSTUVWXYZabcdefghijklmnopqrstuvwxyzABCDEFGHIJKLMN" +
        "OPQRSTUVWXYZabcdefghijklmnopqrstuvwxyzABCDEFGHIJKLMNOPQRSTUVWXYZabcdefghijklmnopqrstuvwxyz\u0131\u0237\u0391\u0392\u0393\u0394" +
        "\u0395\u0396\u0397\u0398\u0399\u039A\u039B\u039C\u039D\u039E\u039F\u03A0\u03A1\u0398\u03A3\u03A4\u03A5\u03A6\u03A7\u03A8\u03A9\u2207\u03B1\u03B2\u03B3\u03B4\u03B5\u03B6\u03B7\u03B8\u03B9\u03BA\u03BB\u03BC\u03BD\u03BE\u03BF\u03C0\u03C1\u03C2\u03C3\u03C4\u03C5\u03C6\u03C7\u03C8\u03C9\u2202\u03B5\u03B8\u03BA\u03C6\u03C1\u03C0\u0391\u0392\u0393\u0394\u0395\u0396\u0397\u0398\u0399\u039A\u039B\u039C\u039D\u039E\u039F\u03A0\u03A1\u0398\u03A3\u03A4\u03A5\u03A6\u03A7\u03A8\u03A9\u2207\u03B1\u03B2\u03B3\u03B4\u03B5\u03B6\u03B7\u03B8\u03B9\u03BA\u03BB\u03BC\u03BD\u03BE\u03BF\u03C0" +
        "\u03C1\u03C2\u03C3\u03C4\u03C5\u03C6\u03C7\u03C8\u03C9\u2202\u03B5\u03B8\u03BA\u03C6\u03C1\u03C0\u0391\u0392\u0393\u0394\u0395\u0396\u0397\u0398\u0399\u039A\u039B\u039C\u039D\u039E\u039F\u03A0\u03A1\u0398\u03A3\u03A4\u03A5\u03A6\u03A7\u03A8\u03A9\u2207\u03B1\u03B2\u03B3\u03B4\u03B5\u03B6\u03B7\u03B8\u03B9\u03BA\u03BB\u03BC\u03BD\u03BE\u03BF\u03C0\u03C1\u03C2\u03C3\u03C4\u03C5\u03C6\u03C7\u03C8\u03C9\u2202\u03B5\u03B8\u03BA\u03C6\u03C1\u03C0\u0391\u0392\u0393\u0394\u0395\u0396\u0397\u0398\u0399\u039A\u039B\u039C\u039D\u039E\u039F\u03A0\u03A1\u0398\u03A3\u03A4\u03A5\u03A6" +
        "\u03A7\u03A8\u03A9\u2207\u03B1\u03B2\u03B3\u03B4\u03B5\u03B6\u03B7\u03B8\u03B9\u03BA\u03BB\u03BC\u03BD\u03BE\u03BF\u03C0\u03C1\u03C2\u03C3\u03C4\u03C5\u03C6\u03C7\u03C8\u03C9\u2202\u03B5\u03B8\u03BA\u03C6\u03C1\u03C0\u0391\u0392\u0393\u0394\u0395\u0396\u0397\u0398\u0399\u039A\u039B\u039C\u039D\u039E\u039F\u03A0\u03A1\u0398\u03A3\u03A4\u03A5\u03A6\u03A7\u03A8\u03A9\u2207\u03B1\u03B2\u03B3\u03B4\u03B5\u03B6\u03B7\u03B8\u03B9\u03BA\u03BB\u03BC\u03BD\u03BE\u03BF\u03C0\u03C1\u03C2\u03C3\u03C4\u03C5\u03C6\u03C7\u03C8\u03C9\u2202\u03B5\u03B8\u03BA\u03C6\u03C1\u03C0\u03DC\u03DD" +
        "01234567890123456789012345678901234567890123456789\u0430\u0431\u0432\u0433\u0434\u0435\u0436\u0437\u0438\u043A\u043B\u043C\u043E\u043F\u0440\u0441\u0442\u0443\u0444\u0445\u0446\u0447\u0448\u044B\u044D\u044E\uA689\u04D9\u0456\u0458\u04E9\u04AF\u04CF\u0430\u0431\u0432\u0433\u0434\u0435\u0436\u0437\u0438\u043A\u043B\u043E\u043F" +
        "\u0441\u0443\u0444\u0445\u0446\u0447\u0448\u044A\u044B\u0491\u0456\u0455\u045F\u04AB\uA651\u04B1\u0627\u0628\u062C\u062F\u0648\u0632\u062D\u0637\u064A\u0643\u0644\u0645\u0646\u0633\u0639\u0641\u0635\u0642\u0631\u0634\u062A\u062B\u062E\u0630\u0636\u0638\u063A\u066E\u06BA\u06A1\u066F\u0628\u062C\u0647\u062D\u064A\u0643\u0644\u0645\u0646\u0633\u0639\u0641\u0635\u0642\u0634\u062A\u062B\u062E\u0636\u063A\u062C\u062D\u064A\u0644\u0646\u0633\u0639\u0635\u0642\u0634\u062E\u0636\u063A\u06BA\u066F\u0628\u062C\u0647\u062D\u0637\u064A\u0643\u0645\u0646\u0633\u0639\u0641\u0635\u0642" +
        "\u0634\u062A\u062B\u062E\u0636\u0638\u063A\u066E\u06A1\u0627\u0628\u062C\u062F\u0647\u0648\u0632\u062D\u0637\u064A\u0644\u0645\u0646\u0633\u0639\u0641\u0635\u0642\u0631\u0634\u062A\u062B\u062E\u0630\u0636\u0638\u063A\u0628\u062C\u062F\u0648\u0632\u062D\u0637\u064A\u0644\u0645\u0646\u0633\u0639\u0641\u0635\u0642\u0631\u0634\u062A\u062B\u062E\u0630\u0636\u0638\u063A0.0,1,2,3,4,5,6,7,8,9,(A)(B)(C)(D)(" +
        "E)(F)(G)(H)(I)(J)(K)(L)(M)(N)(O)(P)(Q)(R)(S)(T)(U)(V)(W)(X)(Y)(Z)\u3014S\u3015CRCDWZABCDEFGHIJKLMNOPQRSTUV" +
        "WXYZHVMVSDSSPPVWCMCMDMRDJ\u307B\u304B\u30B3\u30B3\u30B5\u624B\u5B57\u53CC\u30C6\u3099\u4E8C\u591A\u89E3\u5929\u4EA4\u6620\u7121\u6599\u524D\u5F8C\u518D\u65B0\u521D\u7D42\u751F\u8CA9\u58F0\u5439\u6F14\u6295\u6355\u4E00\u4E09\u904A\u5DE6\u4E2D\u53F3\u6307\u8D70\u6253\u7981\u7A7A\u5408\u6E80\u6709\u6708\u7533\u5272\u55B6\u914D\u3014\u672C\u3015\u3014\u4E09\u3015\u3014\u4E8C\u3015\u3014\u5B89\u3015\u3014\u70B9\u3015\u3014\u6253\u3015\u3014\u76D7\u3015" +
        "\u3014\u52DD\u3015\u3014\u6557\u3015\u5F97\u53EF0123456789";

    internal static readonly long[] PairKeys =
    [
        0x7800338L, 0x7A00338L, 0x7C00338L, 0x8200300L, 0x8200301L, 0x8200302L, 0x8200303L, 0x8200304L, 0x8200306L, 0x8200307L, 0x8200308L, 0x8200309L,
        0x820030AL, 0x820030CL, 0x820030FL, 0x8200311L, 0x8200323L, 0x8200325L, 0x8200328L, 0x8400307L, 0x8400323L, 0x8400331L, 0x8600301L, 0x8600302L,
        0x8600307L, 0x860030CL, 0x8600327L, 0x8800307L, 0x880030CL, 0x8800323L, 0x8800327L, 0x880032DL, 0x8800331L, 0x8A00300L, 0x8A00301L, 0x8A00302L,
        0x8A00303L, 0x8A00304L, 0x8A00306L, 0x8A00307L, 0x8A00308L, 0x8A00309L, 0x8A0030CL, 0x8A0030FL, 0x8A00311L, 0x8A00323L, 0x8A00327L, 0x8A00328L,
        0x8A0032DL, 0x8A00330L, 0x8C00307L, 0x8E00301L, 0x8E00302L, 0x8E00304L, 0x8E00306L, 0x8E00307L, 0x8E0030CL, 0x8E00327L, 0x9000302L, 0x9000307L,
        0x9000308L, 0x900030CL, 0x9000323L, 0x9000327L, 0x900032EL, 0x9200300L, 0x9200301L, 0x9200302L, 0x9200303L, 0x9200304L, 0x9200306L, 0x9200307L,
        0x9200308L, 0x9200309L, 0x920030CL, 0x920030FL, 0x9200311L, 0x9200323L, 0x9200328L, 0x9200330L, 0x9400302L, 0x9600301L, 0x960030CL, 0x9600323L,
        0x9600327L, 0x9600331L, 0x9800301L, 0x980030CL, 0x9800323L, 0x9800327L, 0x980032DL, 0x9800331L, 0x9A00301L, 0x9A00307L, 0x9A00323L, 0x9C00300L,
        0x9C00301L, 0x9C00303L, 0x9C00307L, 0x9C0030CL, 0x9C00323L, 0x9C00327L, 0x9C0032DL, 0x9C00331L, 0x9E00300L, 0x9E00301L, 0x9E00302L, 0x9E00303L,
        0x9E00304L, 0x9E00306L, 0x9E00307L, 0x9E00308L, 0x9E00309L, 0x9E0030BL, 0x9E0030CL, 0x9E0030FL, 0x9E00311L, 0x9E0031BL, 0x9E00323L, 0x9E00328L,
        0xA000301L, 0xA000307L, 0xA400301L, 0xA400307L, 0xA40030CL, 0xA40030FL, 0xA400311L, 0xA400323L, 0xA400327L, 0xA400331L, 0xA600301L, 0xA600302L,
        0xA600307L, 0xA60030CL, 0xA600323L, 0xA600326L, 0xA600327L, 0xA800307L, 0xA80030CL, 0xA800323L, 0xA800326L, 0xA800327L, 0xA80032DL, 0xA800331L,
        0xAA00300L, 0xAA00301L, 0xAA00302L, 0xAA00303L, 0xAA00304L, 0xAA00306L, 0xAA00308L, 0xAA00309L, 0xAA0030AL, 0xAA0030BL, 0xAA0030CL, 0xAA0030FL,
        0xAA00311L, 0xAA0031BL, 0xAA00323L, 0xAA00324L, 0xAA00328L, 0xAA0032DL, 0xAA00330L, 0xAC00303L, 0xAC00323L, 0xAE00300L, 0xAE00301L, 0xAE00302L,
        0xAE00307L, 0xAE00308L, 0xAE00323L, 0xB000307L, 0xB000308L, 0xB200300L, 0xB200301L, 0xB200302L, 0xB200303L, 0xB200304L, 0xB200307L, 0xB200308L,
        0xB200309L, 0xB200323L, 0xB400301L, 0xB400302L, 0xB400307L, 0xB40030CL, 0xB400323L, 0xB400331L, 0xC200300L, 0xC200301L, 0xC200302L, 0xC200303L,
        0xC200304L, 0xC200306L, 0xC200307L, 0xC200308L, 0xC200309L, 0xC20030AL, 0xC20030CL, 0xC20030FL, 0xC200311L, 0xC200323L, 0xC200325L, 0xC200328L,
        0xC400307L, 0xC400323L, 0xC400331L, 0xC600301L, 0xC600302L, 0xC600307L, 0xC60030CL, 0xC600327L, 0xC800307L, 0xC80030CL, 0xC800323L, 0xC800327L,
        0xC80032DL, 0xC800331L, 0xCA00300L, 0xCA00301L, 0xCA00302L, 0xCA00303L, 0xCA00304L, 0xCA00306L, 0xCA00307L, 0xCA00308L, 0xCA00309L, 0xCA0030CL,
        0xCA0030FL, 0xCA00311L, 0xCA00323L, 0xCA00327L, 0xCA00328L, 0xCA0032DL, 0xCA00330L, 0xCC00307L, 0xCE00301L, 0xCE00302L, 0xCE00304L, 0xCE00306L,
        0xCE00307L, 0xCE0030CL, 0xCE00327L, 0xD000302L, 0xD000307L, 0xD000308L, 0xD00030CL, 0xD000323L, 0xD000327L, 0xD00032EL, 0xD000331L, 0xD200300L,
        0xD200301L, 0xD200302L, 0xD200303L, 0xD200304L, 0xD200306L, 0xD200308L, 0xD200309L, 0xD20030CL, 0xD20030FL, 0xD200311L, 0xD200323L, 0xD200328L,
        0xD200330L, 0xD400302L, 0xD40030CL, 0xD600301L, 0xD60030CL, 0xD600323L, 0xD600327L, 0xD600331L, 0xD800301L, 0xD80030CL, 0xD800323L, 0xD800327L,
        0xD80032DL, 0xD800331L, 0xDA00301L, 0xDA00307L, 0xDA00323L, 0xDC00300L, 0xDC00301L, 0xDC00303L, 0xDC00307L, 0xDC0030CL, 0xDC00323L, 0xDC00327L,
        0xDC0032DL, 0xDC00331L, 0xDE00300L, 0xDE00301L, 0xDE00302L, 0xDE00303L, 0xDE00304L, 0xDE00306L, 0xDE00307L, 0xDE00308L, 0xDE00309L, 0xDE0030BL,
        0xDE0030CL, 0xDE0030FL, 0xDE00311L, 0xDE0031BL, 0xDE00323L, 0xDE00328L, 0xE000301L, 0xE000307L, 0xE400301L, 0xE400307L, 0xE40030CL, 0xE40030FL,
        0xE400311L, 0xE400323L, 0xE400327L, 0xE400331L, 0xE600301L, 0xE600302L, 0xE600307L, 0xE60030CL, 0xE600323L, 0xE600326L, 0xE600327L, 0xE800307L,
        0xE800308L, 0xE80030CL, 0xE800323L, 0xE800326L, 0xE800327L, 0xE80032DL, 0xE800331L, 0xEA00300L, 0xEA00301L, 0xEA00302L, 0xEA00303L, 0xEA00304L,
        0xEA00306L, 0xEA00308L, 0xEA00309L, 0xEA0030AL, 0xEA0030BL, 0xEA0030CL, 0xEA0030FL, 0xEA00311L, 0xEA0031BL, 0xEA00323L, 0xEA00324L, 0xEA00328L,
        0xEA0032DL, 0xEA00330L, 0xEC00303L, 0xEC00323L, 0xEE00300L, 0xEE00301L, 0xEE00302L, 0xEE00307L, 0xEE00308L, 0xEE0030AL, 0xEE00323L, 0xF000307L,
        0xF000308L, 0xF200300L, 0xF200301L, 0xF200302L, 0xF200303L, 0xF200304L, 0xF200307L, 0xF200308L, 0xF200309L, 0xF20030AL, 0xF200323L, 0xF400301L,
        0xF400302L, 0xF400307L, 0xF40030CL, 0xF400323L, 0xF400331L, 0x15000300L, 0x15000301L, 0x15000342L, 0x18400300L, 0x18400301L, 0x18400303L, 0x18400309L,
        0x18800304L, 0x18A00301L, 0x18C00301L, 0x18C00304L, 0x18E00301L, 0x19400300L, 0x19400301L, 0x19400303L, 0x19400309L, 0x19E00301L, 0x1A800300L, 0x1A800301L,
        0x1A800303L, 0x1A800309L, 0x1AA00301L, 0x1AA00304L, 0x1AA00308L, 0x1AC00304L, 0x1B000301L, 0x1B800300L, 0x1B800301L, 0x1B800304L, 0x1B80030CL, 0x1C400300L,
        0x1C400301L, 0x1C400303L, 0x1C400309L, 0x1C800304L, 0x1CA00301L, 0x1CC00301L, 0x1CC00304L, 0x1CE00301L, 0x1D400300L, 0x1D400301L, 0x1D400303L, 0x1D400309L,
        0x1DE00301L, 0x1E800300L, 0x1E800301L, 0x1E800303L, 0x1E800309L, 0x1EA00301L, 0x1EA00304L, 0x1EA00308L, 0x1EC00304L, 0x1F000301L, 0x1F800300L, 0x1F800301L,
        0x1F800304L, 0x1F80030CL, 0x20400300L, 0x20400301L, 0x20400303L, 0x20400309L, 0x20600300L, 0x20600301L, 0x20600303L, 0x20600309L, 0x22400300L, 0x22400301L,
        0x22600300L, 0x22600301L, 0x29800300L, 0x29800301L, 0x29A00300L, 0x29A00301L, 0x2B400307L, 0x2B600307L, 0x2C000307L, 0x2C200307L, 0x2D000301L, 0x2D200301L,
        0x2D400308L, 0x2D600308L, 0x2FE00307L, 0x34000300L, 0x34000301L, 0x34000303L, 0x34000309L, 0x34000323L, 0x34200300L, 0x34200301L, 0x34200303L, 0x34200309L,
        0x34200323L, 0x35E00300L, 0x35E00301L, 0x35E00303L, 0x35E00309L, 0x35E00323L, 0x36000300L, 0x36000301L, 0x36000303L, 0x36000309L, 0x36000323L, 0x36E0030CL,
        0x3D400304L, 0x3D600304L, 0x44C00304L, 0x44E00304L, 0x45000306L, 0x45200306L, 0x45C00304L, 0x45E00304L, 0x5240030CL, 0x72200300L, 0x72200301L, 0x72200304L,
        0x72200306L, 0x72200313L, 0x72200314L, 0x72200345L, 0x72A00300L, 0x72A00301L, 0x72A00313L, 0x72A00314L, 0x72E00300L, 0x72E00301L, 0x72E00313L, 0x72E00314L,
        0x72E00345L, 0x73200300L, 0x73200301L, 0x73200304L, 0x73200306L, 0x73200308L, 0x73200313L, 0x73200314L, 0x73E00300L, 0x73E00301L, 0x73E00313L, 0x73E00314L,
        0x74200314L, 0x74A00300L, 0x74A00301L, 0x74A00304L, 0x74A00306L, 0x74A00308L, 0x74A00314L, 0x75200300L, 0x75200301L, 0x75200313L, 0x75200314L, 0x75200345L,
        0x75800345L, 0x75C00345L, 0x76200300L, 0x76200301L, 0x76200304L, 0x76200306L, 0x76200313L, 0x76200314L, 0x76200342L, 0x76200345L, 0x76A00300L, 0x76A00301L,
        0x76A00313L, 0x76A00314L, 0x76E00300L, 0x76E00301L, 0x76E00313L, 0x76E00314L, 0x76E00342L, 0x76E00345L, 0x77200300L, 0x77200301L, 0x77200304L, 0x77200306L,
        0x77200308L, 0x77200313L, 0x77200314L, 0x77200342L, 0x77E00300L, 0x77E00301L, 0x77E00313L, 0x77E00314L, 0x78200313L, 0x78200314L, 0x78A00300L, 0x78A00301L,
        0x78A00304L, 0x78A00306L, 0x78A00308L, 0x78A00313L, 0x78A00314L, 0x78A00342L, 0x79200300L, 0x79200301L, 0x79200313L, 0x79200314L, 0x79200342L, 0x79200345L,
        0x79400300L, 0x79400301L, 0x79400342L, 0x79600300L, 0x79600301L, 0x79600342L, 0x79C00345L, 0x7A400301L, 0x7A400308L, 0x80C00308L, 0x82000306L, 0x82000308L,
        0x82600301L, 0x82A00300L, 0x82A00306L, 0x82A00308L, 0x82C00306L, 0x82C00308L, 0x82E00308L, 0x83000300L, 0x83000304L, 0x83000306L, 0x83000308L, 0x83400301L,
        0x83C00308L, 0x84600304L, 0x84600306L, 0x84600308L, 0x8460030BL, 0x84E00308L, 0x85600308L, 0x85A00308L, 0x86000306L, 0x86000308L, 0x86600301L, 0x86A00300L,
        0x86A00306L, 0x86A00308L, 0x86C00306L, 0x86C00308L, 0x86E00308L, 0x87000300L, 0x87000304L, 0x87000306L, 0x87000308L, 0x87400301L, 0x87C00308L, 0x88600304L,
        0x88600306L, 0x88600308L, 0x8860030BL, 0x88E00308L, 0x89600308L, 0x89A00308L, 0x8AC00308L, 0x8E80030FL, 0x8EA0030FL, 0x9B000308L, 0x9B200308L, 0x9D000308L,
        0x9D200308L, 0xC4E00653L, 0xC4E00654L, 0xC4E00655L, 0xC9000654L, 0xC9400654L, 0xD8200654L, 0xDA400654L, 0xDAA00654L, 0x12500093CL, 0x12600093CL, 0x12660093CL,
        0x138E009BEL, 0x138E009D7L, 0x168E00B3EL, 0x168E00B56L, 0x168E00B57L, 0x172400BD7L, 0x178C00BBEL, 0x178C00BD7L, 0x178E00BBEL, 0x188C00C56L, 0x197E00CD5L, 0x198C00CC2L,
        0x198C00CD5L, 0x198C00CD6L, 0x199400CD5L, 0x1A8C00D3EL, 0x1A8C00D57L, 0x1A8E00D3EL, 0x1BB200DCAL, 0x1BB200DCFL, 0x1BB200DDFL, 0x1BB800DCAL, 0x204A0102EL, 0x360A01B35L,
        0x360E01B35L, 0x361201B35L, 0x361601B35L, 0x361A01B35L, 0x362201B35L, 0x367401B35L, 0x367801B35L, 0x367C01B35L, 0x367E01B35L, 0x368401B35L, 0x3C6C00304L, 0x3C6E00304L,
        0x3CB400304L, 0x3CB600304L, 0x3CC400307L, 0x3CC600307L, 0x3D4000302L, 0x3D4000306L, 0x3D4200302L, 0x3D4200306L, 0x3D7000302L, 0x3D7200302L, 0x3D9800302L, 0x3D9A00302L,
        0x3E0000300L, 0x3E0000301L, 0x3E0000342L, 0x3E0000345L, 0x3E0200300L, 0x3E0200301L, 0x3E0200342L, 0x3E0200345L, 0x3E0400345L, 0x3E0600345L, 0x3E0800345L, 0x3E0A00345L,
        0x3E0C00345L, 0x3E0E00345L, 0x3E1000300L, 0x3E1000301L, 0x3E1000342L, 0x3E1000345L, 0x3E1200300L, 0x3E1200301L, 0x3E1200342L, 0x3E1200345L, 0x3E1400345L, 0x3E1600345L,
        0x3E1800345L, 0x3E1A00345L, 0x3E1C00345L, 0x3E1E00345L, 0x3E2000300L, 0x3E2000301L, 0x3E2200300L, 0x3E2200301L, 0x3E3000300L, 0x3E3000301L, 0x3E3200300L, 0x3E3200301L,
        0x3E4000300L, 0x3E4000301L, 0x3E4000342L, 0x3E4000345L, 0x3E4200300L, 0x3E4200301L, 0x3E4200342L, 0x3E4200345L, 0x3E4400345L, 0x3E4600345L, 0x3E4800345L, 0x3E4A00345L,
        0x3E4C00345L, 0x3E4E00345L, 0x3E5000300L, 0x3E5000301L, 0x3E5000342L, 0x3E5000345L, 0x3E5200300L, 0x3E5200301L, 0x3E5200342L, 0x3E5200345L, 0x3E5400345L, 0x3E5600345L,
        0x3E5800345L, 0x3E5A00345L, 0x3E5C00345L, 0x3E5E00345L, 0x3E6000300L, 0x3E6000301L, 0x3E6000342L, 0x3E6200300L, 0x3E6200301L, 0x3E6200342L, 0x3E7000300L, 0x3E7000301L,
        0x3E7000342L, 0x3E7200300L, 0x3E7200301L, 0x3E7200342L, 0x3E8000300L, 0x3E8000301L, 0x3E8200300L, 0x3E8200301L, 0x3E9000300L, 0x3E9000301L, 0x3E9200300L, 0x3E9200301L,
        0x3EA000300L, 0x3EA000301L, 0x3EA000342L, 0x3EA200300L, 0x3EA200301L, 0x3EA200342L, 0x3EB200300L, 0x3EB200301L, 0x3EB200342L, 0x3EC000300L, 0x3EC000301L, 0x3EC000342L,
        0x3EC000345L, 0x3EC200300L, 0x3EC200301L, 0x3EC200342L, 0x3EC200345L, 0x3EC400345L, 0x3EC600345L, 0x3EC800345L, 0x3ECA00345L, 0x3ECC00345L, 0x3ECE00345L, 0x3ED000300L,
        0x3ED000301L, 0x3ED000342L, 0x3ED000345L, 0x3ED200300L, 0x3ED200301L, 0x3ED200342L, 0x3ED200345L, 0x3ED400345L, 0x3ED600345L, 0x3ED800345L, 0x3EDA00345L, 0x3EDC00345L,
        0x3EDE00345L, 0x3EE000345L, 0x3EE800345L, 0x3EF800345L, 0x3F6C00345L, 0x3F7E00300L, 0x3F7E00301L, 0x3F7E00342L, 0x3F8C00345L, 0x3FEC00345L, 0x3FFC00300L, 0x3FFC00301L,
        0x3FFC00342L, 0x432000338L, 0x432400338L, 0x432800338L, 0x43A000338L, 0x43A400338L, 0x43A800338L, 0x440600338L, 0x441000338L, 0x441600338L, 0x444600338L, 0x444A00338L,
        0x447800338L, 0x448600338L, 0x448A00338L, 0x449000338L, 0x449A00338L, 0x44C200338L, 0x44C800338L, 0x44CA00338L, 0x44E400338L, 0x44E600338L, 0x44EC00338L, 0x44EE00338L,
        0x44F400338L, 0x44F600338L, 0x44F800338L, 0x44FA00338L, 0x450400338L, 0x450600338L, 0x450C00338L, 0x450E00338L, 0x452200338L, 0x452400338L, 0x454400338L, 0x455000338L,
        0x455200338L, 0x455600338L, 0x456400338L, 0x456600338L, 0x456800338L, 0x456A00338L, 0x608C03099L, 0x609603099L, 0x609A03099L, 0x609E03099L, 0x60A203099L, 0x60A603099L,
        0x60AA03099L, 0x60AE03099L, 0x60B203099L, 0x60B603099L, 0x60BA03099L, 0x60BE03099L, 0x60C203099L, 0x60C803099L, 0x60CC03099L, 0x60D003099L, 0x60DE03099L, 0x60DE0309AL,
        0x60E403099L, 0x60E40309AL, 0x60EA03099L, 0x60EA0309AL, 0x60F003099L, 0x60F00309AL, 0x60F603099L, 0x60F60309AL, 0x613A03099L, 0x614C03099L, 0x615603099L, 0x615A03099L,
        0x615E03099L, 0x616203099L, 0x616603099L, 0x616A03099L, 0x616E03099L, 0x617203099L, 0x617603099L, 0x617A03099L, 0x617E03099L, 0x618203099L, 0x618803099L, 0x618C03099L,
        0x619003099L, 0x619E03099L, 0x619E0309AL, 0x61A403099L, 0x61A40309AL, 0x61AA03099L, 0x61AA0309AL, 0x61B003099L, 0x61B00309AL, 0x61B603099L, 0x61B60309AL, 0x61DE03099L,
        0x61E003099L, 0x61E203099L, 0x61E403099L, 0x61FA03099L, 0x20BA400307L, 0x20BB400307L, 0x22132110BAL, 0x22136110BAL, 0x2214A110BAL, 0x2226211127L, 0x2226411127L, 0x2268E1133EL,
        0x2268E11357L, 0x22704113C9L, 0x22708113BBL, 0x22716113C2L, 0x22720113C9L, 0x22784113B8L, 0x22784113C2L, 0x22784113C9L, 0x22972114B0L, 0x22972114BAL, 0x22972114BDL, 0x22B70115AFL,
        0x22B72115AFL, 0x2326A11930L, 0x2C23C1611EL, 0x2C23C1611FL, 0x2C23C16120L, 0x2C23C16129L, 0x2C2421611FL, 0x2C24216120L, 0x2C2441611FL, 0x2C2521611FL, 0x2DAC616D67L, 0x2DACE16D67L,
        0x2DAD216D67L,
    ];

    internal static readonly int[] PairComposites =
    [
        0x226E, 0x2260, 0x226F, 0xC0, 0xC1, 0xC2, 0xC3, 0x100, 0x102, 0x226, 0xC4, 0x1EA2,
        0xC5, 0x1CD, 0x200, 0x202, 0x1EA0, 0x1E00, 0x104, 0x1E02, 0x1E04, 0x1E06, 0x106, 0x108,
        0x10A, 0x10C, 0xC7, 0x1E0A, 0x10E, 0x1E0C, 0x1E10, 0x1E12, 0x1E0E, 0xC8, 0xC9, 0xCA,
        0x1EBC, 0x112, 0x114, 0x116, 0xCB, 0x1EBA, 0x11A, 0x204, 0x206, 0x1EB8, 0x228, 0x118,
        0x1E18, 0x1E1A, 0x1E1E, 0x1F4, 0x11C, 0x1E20, 0x11E, 0x120, 0x1E6, 0x122, 0x124, 0x1E22,
        0x1E26, 0x21E, 0x1E24, 0x1E28, 0x1E2A, 0xCC, 0xCD, 0xCE, 0x128, 0x12A, 0x12C, 0x130,
        0xCF, 0x1EC8, 0x1CF, 0x208, 0x20A, 0x1ECA, 0x12E, 0x1E2C, 0x134, 0x1E30, 0x1E8, 0x1E32,
        0x136, 0x1E34, 0x139, 0x13D, 0x1E36, 0x13B, 0x1E3C, 0x1E3A, 0x1E3E, 0x1E40, 0x1E42, 0x1F8,
        0x143, 0xD1, 0x1E44, 0x147, 0x1E46, 0x145, 0x1E4A, 0x1E48, 0xD2, 0xD3, 0xD4, 0xD5,
        0x14C, 0x14E, 0x22E, 0xD6, 0x1ECE, 0x150, 0x1D1, 0x20C, 0x20E, 0x1A0, 0x1ECC, 0x1EA,
        0x1E54, 0x1E56, 0x154, 0x1E58, 0x158, 0x210, 0x212, 0x1E5A, 0x156, 0x1E5E, 0x15A, 0x15C,
        0x1E60, 0x160, 0x1E62, 0x218, 0x15E, 0x1E6A, 0x164, 0x1E6C, 0x21A, 0x162, 0x1E70, 0x1E6E,
        0xD9, 0xDA, 0xDB, 0x168, 0x16A, 0x16C, 0xDC, 0x1EE6, 0x16E, 0x170, 0x1D3, 0x214,
        0x216, 0x1AF, 0x1EE4, 0x1E72, 0x172, 0x1E76, 0x1E74, 0x1E7C, 0x1E7E, 0x1E80, 0x1E82, 0x174,
        0x1E86, 0x1E84, 0x1E88, 0x1E8A, 0x1E8C, 0x1EF2, 0xDD, 0x176, 0x1EF8, 0x232, 0x1E8E, 0x178,
        0x1EF6, 0x1EF4, 0x179, 0x1E90, 0x17B, 0x17D, 0x1E92, 0x1E94, 0xE0, 0xE1, 0xE2, 0xE3,
        0x101, 0x103, 0x227, 0xE4, 0x1EA3, 0xE5, 0x1CE, 0x201, 0x203, 0x1EA1, 0x1E01, 0x105,
        0x1E03, 0x1E05, 0x1E07, 0x107, 0x109, 0x10B, 0x10D, 0xE7, 0x1E0B, 0x10F, 0x1E0D, 0x1E11,
        0x1E13, 0x1E0F, 0xE8, 0xE9, 0xEA, 0x1EBD, 0x113, 0x115, 0x117, 0xEB, 0x1EBB, 0x11B,
        0x205, 0x207, 0x1EB9, 0x229, 0x119, 0x1E19, 0x1E1B, 0x1E1F, 0x1F5, 0x11D, 0x1E21, 0x11F,
        0x121, 0x1E7, 0x123, 0x125, 0x1E23, 0x1E27, 0x21F, 0x1E25, 0x1E29, 0x1E2B, 0x1E96, 0xEC,
        0xED, 0xEE, 0x129, 0x12B, 0x12D, 0xEF, 0x1EC9, 0x1D0, 0x209, 0x20B, 0x1ECB, 0x12F,
        0x1E2D, 0x135, 0x1F0, 0x1E31, 0x1E9, 0x1E33, 0x137, 0x1E35, 0x13A, 0x13E, 0x1E37, 0x13C,
        0x1E3D, 0x1E3B, 0x1E3F, 0x1E41, 0x1E43, 0x1F9, 0x144, 0xF1, 0x1E45, 0x148, 0x1E47, 0x146,
        0x1E4B, 0x1E49, 0xF2, 0xF3, 0xF4, 0xF5, 0x14D, 0x14F, 0x22F, 0xF6, 0x1ECF, 0x151,
        0x1D2, 0x20D, 0x20F, 0x1A1, 0x1ECD, 0x1EB, 0x1E55, 0x1E57, 0x155, 0x1E59, 0x159, 0x211,
        0x213, 0x1E5B, 0x157, 0x1E5F, 0x15B, 0x15D, 0x1E61, 0x161, 0x1E63, 0x219, 0x15F, 0x1E6B,
        0x1E97, 0x165, 0x1E6D, 0x21B, 0x163, 0x1E71, 0x1E6F, 0xF9, 0xFA, 0xFB, 0x169, 0x16B,
        0x16D, 0xFC, 0x1EE7, 0x16F, 0x171, 0x1D4, 0x215, 0x217, 0x1B0, 0x1EE5, 0x1E73, 0x173,
        0x1E77, 0x1E75, 0x1E7D, 0x1E7F, 0x1E81, 0x1E83, 0x175, 0x1E87, 0x1E85, 0x1E98, 0x1E89, 0x1E8B,
        0x1E8D, 0x1EF3, 0xFD, 0x177, 0x1EF9, 0x233, 0x1E8F, 0xFF, 0x1EF7, 0x1E99, 0x1EF5, 0x17A,
        0x1E91, 0x17C, 0x17E, 0x1E93, 0x1E95, 0x1FED, 0x385, 0x1FC1, 0x1EA6, 0x1EA4, 0x1EAA, 0x1EA8,
        0x1DE, 0x1FA, 0x1FC, 0x1E2, 0x1E08, 0x1EC0, 0x1EBE, 0x1EC4, 0x1EC2, 0x1E2E, 0x1ED2, 0x1ED0,
        0x1ED6, 0x1ED4, 0x1E4C, 0x22C, 0x1E4E, 0x22A, 0x1FE, 0x1DB, 0x1D7, 0x1D5, 0x1D9, 0x1EA7,
        0x1EA5, 0x1EAB, 0x1EA9, 0x1DF, 0x1FB, 0x1FD, 0x1E3, 0x1E09, 0x1EC1, 0x1EBF, 0x1EC5, 0x1EC3,
        0x1E2F, 0x1ED3, 0x1ED1, 0x1ED7, 0x1ED5, 0x1E4D, 0x22D, 0x1E4F, 0x22B, 0x1FF, 0x1DC, 0x1D8,
        0x1D6, 0x1DA, 0x1EB0, 0x1EAE, 0x1EB4, 0x1EB2, 0x1EB1, 0x1EAF, 0x1EB5, 0x1EB3, 0x1E14, 0x1E16,
        0x1E15, 0x1E17, 0x1E50, 0x1E52, 0x1E51, 0x1E53, 0x1E64, 0x1E65, 0x1E66, 0x1E67, 0x1E78, 0x1E79,
        0x1E7A, 0x1E7B, 0x1E9B, 0x1EDC, 0x1EDA, 0x1EE0, 0x1EDE, 0x1EE2, 0x1EDD, 0x1EDB, 0x1EE1, 0x1EDF,
        0x1EE3, 0x1EEA, 0x1EE8, 0x1EEE, 0x1EEC, 0x1EF0, 0x1EEB, 0x1EE9, 0x1EEF, 0x1EED, 0x1EF1, 0x1EE,
        0x1EC, 0x1ED, 0x1E0, 0x1E1, 0x1E1C, 0x1E1D, 0x230, 0x231, 0x1EF, 0x1FBA, 0x386, 0x1FB9,
        0x1FB8, 0x1F08, 0x1F09, 0x1FBC, 0x1FC8, 0x388, 0x1F18, 0x1F19, 0x1FCA, 0x389, 0x1F28, 0x1F29,
        0x1FCC, 0x1FDA, 0x38A, 0x1FD9, 0x1FD8, 0x3AA, 0x1F38, 0x1F39, 0x1FF8, 0x38C, 0x1F48, 0x1F49,
        0x1FEC, 0x1FEA, 0x38E, 0x1FE9, 0x1FE8, 0x3AB, 0x1F59, 0x1FFA, 0x38F, 0x1F68, 0x1F69, 0x1FFC,
        0x1FB4, 0x1FC4, 0x1F70, 0x3AC, 0x1FB1, 0x1FB0, 0x1F00, 0x1F01, 0x1FB6, 0x1FB3, 0x1F72, 0x3AD,
        0x1F10, 0x1F11, 0x1F74, 0x3AE, 0x1F20, 0x1F21, 0x1FC6, 0x1FC3, 0x1F76, 0x3AF, 0x1FD1, 0x1FD0,
        0x3CA, 0x1F30, 0x1F31, 0x1FD6, 0x1F78, 0x3CC, 0x1F40, 0x1F41, 0x1FE4, 0x1FE5, 0x1F7A, 0x3CD,
        0x1FE1, 0x1FE0, 0x3CB, 0x1F50, 0x1F51, 0x1FE6, 0x1F7C, 0x3CE, 0x1F60, 0x1F61, 0x1FF6, 0x1FF3,
        0x1FD2, 0x390, 0x1FD7, 0x1FE2, 0x3B0, 0x1FE7, 0x1FF4, 0x3D3, 0x3D4, 0x407, 0x4D0, 0x4D2,
        0x403, 0x400, 0x4D6, 0x401, 0x4C1, 0x4DC, 0x4DE, 0x40D, 0x4E2, 0x419, 0x4E4, 0x40C,
        0x4E6, 0x4EE, 0x40E, 0x4F0, 0x4F2, 0x4F4, 0x4F8, 0x4EC, 0x4D1, 0x4D3, 0x453, 0x450,
        0x4D7, 0x451, 0x4C2, 0x4DD, 0x4DF, 0x45D, 0x4E3, 0x439, 0x4E5, 0x45C, 0x4E7, 0x4EF,
        0x45E, 0x4F1, 0x4F3, 0x4F5, 0x4F9, 0x4ED, 0x457, 0x476, 0x477, 0x4DA, 0x4DB, 0x4EA,
        0x4EB, 0x622, 0x623, 0x625, 0x624, 0x626, 0x6C2, 0x6D3, 0x6C0, 0x929, 0x931, 0x934,
        0x9CB, 0x9CC, 0xB4B, 0xB48, 0xB4C, 0xB94, 0xBCA, 0xBCC, 0xBCB, 0xC48, 0xCC0, 0xCCA,
        0xCC7, 0xCC8, 0xCCB, 0xD4A, 0xD4C, 0xD4B, 0xDDA, 0xDDC, 0xDDE, 0xDDD, 0x1026, 0x1B06,
        0x1B08, 0x1B0A, 0x1B0C, 0x1B0E, 0x1B12, 0x1B3B, 0x1B3D, 0x1B40, 0x1B41, 0x1B43, 0x1E38, 0x1E39,
        0x1E5C, 0x1E5D, 0x1E68, 0x1E69, 0x1EAC, 0x1EB6, 0x1EAD, 0x1EB7, 0x1EC6, 0x1EC7, 0x1ED8, 0x1ED9,
        0x1F02, 0x1F04, 0x1F06, 0x1F80, 0x1F03, 0x1F05, 0x1F07, 0x1F81, 0x1F82, 0x1F83, 0x1F84, 0x1F85,
        0x1F86, 0x1F87, 0x1F0A, 0x1F0C, 0x1F0E, 0x1F88, 0x1F0B, 0x1F0D, 0x1F0F, 0x1F89, 0x1F8A, 0x1F8B,
        0x1F8C, 0x1F8D, 0x1F8E, 0x1F8F, 0x1F12, 0x1F14, 0x1F13, 0x1F15, 0x1F1A, 0x1F1C, 0x1F1B, 0x1F1D,
        0x1F22, 0x1F24, 0x1F26, 0x1F90, 0x1F23, 0x1F25, 0x1F27, 0x1F91, 0x1F92, 0x1F93, 0x1F94, 0x1F95,
        0x1F96, 0x1F97, 0x1F2A, 0x1F2C, 0x1F2E, 0x1F98, 0x1F2B, 0x1F2D, 0x1F2F, 0x1F99, 0x1F9A, 0x1F9B,
        0x1F9C, 0x1F9D, 0x1F9E, 0x1F9F, 0x1F32, 0x1F34, 0x1F36, 0x1F33, 0x1F35, 0x1F37, 0x1F3A, 0x1F3C,
        0x1F3E, 0x1F3B, 0x1F3D, 0x1F3F, 0x1F42, 0x1F44, 0x1F43, 0x1F45, 0x1F4A, 0x1F4C, 0x1F4B, 0x1F4D,
        0x1F52, 0x1F54, 0x1F56, 0x1F53, 0x1F55, 0x1F57, 0x1F5B, 0x1F5D, 0x1F5F, 0x1F62, 0x1F64, 0x1F66,
        0x1FA0, 0x1F63, 0x1F65, 0x1F67, 0x1FA1, 0x1FA2, 0x1FA3, 0x1FA4, 0x1FA5, 0x1FA6, 0x1FA7, 0x1F6A,
        0x1F6C, 0x1F6E, 0x1FA8, 0x1F6B, 0x1F6D, 0x1F6F, 0x1FA9, 0x1FAA, 0x1FAB, 0x1FAC, 0x1FAD, 0x1FAE,
        0x1FAF, 0x1FB2, 0x1FC2, 0x1FF2, 0x1FB7, 0x1FCD, 0x1FCE, 0x1FCF, 0x1FC7, 0x1FF7, 0x1FDD, 0x1FDE,
        0x1FDF, 0x219A, 0x219B, 0x21AE, 0x21CD, 0x21CF, 0x21CE, 0x2204, 0x2209, 0x220C, 0x2224, 0x2226,
        0x2241, 0x2244, 0x2247, 0x2249, 0x226D, 0x2262, 0x2270, 0x2271, 0x2274, 0x2275, 0x2278, 0x2279,
        0x2280, 0x2281, 0x22E0, 0x22E1, 0x2284, 0x2285, 0x2288, 0x2289, 0x22E2, 0x22E3, 0x22AC, 0x22AD,
        0x22AE, 0x22AF, 0x22EA, 0x22EB, 0x22EC, 0x22ED, 0x3094, 0x304C, 0x304E, 0x3050, 0x3052, 0x3054,
        0x3056, 0x3058, 0x305A, 0x305C, 0x305E, 0x3060, 0x3062, 0x3065, 0x3067, 0x3069, 0x3070, 0x3071,
        0x3073, 0x3074, 0x3076, 0x3077, 0x3079, 0x307A, 0x307C, 0x307D, 0x309E, 0x30F4, 0x30AC, 0x30AE,
        0x30B0, 0x30B2, 0x30B4, 0x30B6, 0x30B8, 0x30BA, 0x30BC, 0x30BE, 0x30C0, 0x30C2, 0x30C5, 0x30C7,
        0x30C9, 0x30D0, 0x30D1, 0x30D3, 0x30D4, 0x30D6, 0x30D7, 0x30D9, 0x30DA, 0x30DC, 0x30DD, 0x30F7,
        0x30F8, 0x30F9, 0x30FA, 0x30FE, 0x105C9, 0x105E4, 0x1109A, 0x1109C, 0x110AB, 0x1112E, 0x1112F, 0x1134B,
        0x1134C, 0x11383, 0x11385, 0x1138E, 0x11391, 0x113C7, 0x113C5, 0x113C8, 0x114BC, 0x114BB, 0x114BE, 0x115BA,
        0x115BB, 0x11938, 0x16121, 0x16123, 0x16125, 0x16122, 0x16126, 0x16128, 0x16127, 0x16124, 0x16D69, 0x16D68,
        0x16D6A,
    ];

    internal static readonly int[] CombiningClassStarts =
    [
        0x0, 0x300, 0x315, 0x316, 0x31A, 0x31B, 0x31C, 0x321, 0x323, 0x327, 0x329, 0x334,
        0x339, 0x33D, 0x345, 0x346, 0x347, 0x34A, 0x34D, 0x34F, 0x350, 0x353, 0x357, 0x358,
        0x359, 0x35B, 0x35C, 0x35D, 0x35F, 0x360, 0x362, 0x363, 0x370, 0x483, 0x488, 0x591,
        0x592, 0x596, 0x597, 0x59A, 0x59B, 0x59C, 0x5A2, 0x5A8, 0x5AA, 0x5AB, 0x5AD, 0x5AE,
        0x5AF, 0x5B0, 0x5B1, 0x5B2, 0x5B3, 0x5B4, 0x5B5, 0x5B6, 0x5B7, 0x5B8, 0x5B9, 0x5BB,
        0x5BC, 0x5BD, 0x5BE, 0x5BF, 0x5C0, 0x5C1, 0x5C2, 0x5C3, 0x5C4, 0x5C5, 0x5C6, 0x5C7,
        0x5C8, 0x610, 0x618, 0x619, 0x61A, 0x61B, 0x64B, 0x64C, 0x64D, 0x64E, 0x64F, 0x650,
        0x651, 0x652, 0x653, 0x655, 0x657, 0x65C, 0x65D, 0x65F, 0x660, 0x670, 0x671, 0x6D6,
        0x6DD, 0x6DF, 0x6E3, 0x6E4, 0x6E5, 0x6E7, 0x6E9, 0x6EA, 0x6EB, 0x6ED, 0x6EE, 0x711,
        0x712, 0x730, 0x731, 0x732, 0x734, 0x735, 0x737, 0x73A, 0x73B, 0x73D, 0x73E, 0x73F,
        0x742, 0x743, 0x744, 0x745, 0x746, 0x747, 0x748, 0x749, 0x74B, 0x7EB, 0x7F2, 0x7F3,
        0x7F4, 0x7FD, 0x7FE, 0x816, 0x81A, 0x81B, 0x824, 0x825, 0x828, 0x829, 0x82E, 0x859,
        0x85C, 0x897, 0x899, 0x89C, 0x8A0, 0x8CA, 0x8CF, 0x8D4, 0x8E2, 0x8E3, 0x8E4, 0x8E6,
        0x8E7, 0x8E9, 0x8EA, 0x8ED, 0x8F0, 0x8F1, 0x8F2, 0x8F3, 0x8F6, 0x8F7, 0x8F9, 0x8FB,
        0x900, 0x93C, 0x93D, 0x94D, 0x94E, 0x951, 0x952, 0x953, 0x955, 0x9BC, 0x9BD, 0x9CD,
        0x9CE, 0x9FE, 0x9FF, 0xA3C, 0xA3D, 0xA4D, 0xA4E, 0xABC, 0xABD, 0xACD, 0xACE, 0xB3C,
        0xB3D, 0xB4D, 0xB4E, 0xBCD, 0xBCE, 0xC3C, 0xC3D, 0xC4D, 0xC4E, 0xC55, 0xC56, 0xC57,
        0xCBC, 0xCBD, 0xCCD, 0xCCE, 0xD3B, 0xD3D, 0xD4D, 0xD4E, 0xDCA, 0xDCB, 0xE38, 0xE3A,
        0xE3B, 0xE48, 0xE4C, 0xEB8, 0xEBA, 0xEBB, 0xEC8, 0xECC, 0xF18, 0xF1A, 0xF35, 0xF36,
        0xF37, 0xF38, 0xF39, 0xF3A, 0xF71, 0xF72, 0xF73, 0xF74, 0xF75, 0xF7A, 0xF7E, 0xF80,
        0xF81, 0xF82, 0xF84, 0xF85, 0xF86, 0xF88, 0xFC6, 0xFC7, 0x1037, 0x1038, 0x1039, 0x103B,
        0x108D, 0x108E, 0x135D, 0x1360, 0x1714, 0x1716, 0x1734, 0x1735, 0x17D2, 0x17D3, 0x17DD, 0x17DE,
        0x18A9, 0x18AA, 0x1939, 0x193A, 0x193B, 0x193C, 0x1A17, 0x1A18, 0x1A19, 0x1A60, 0x1A61, 0x1A75,
        0x1A7D, 0x1A7F, 0x1A80, 0x1AB0, 0x1AB5, 0x1ABB, 0x1ABD, 0x1ABE, 0x1ABF, 0x1AC1, 0x1AC3, 0x1AC5,
        0x1ACA, 0x1ACB, 0x1ADD, 0x1ADE, 0x1AE0, 0x1AE6, 0x1AE7, 0x1AEB, 0x1AEC, 0x1B34, 0x1B35, 0x1B44,
        0x1B45, 0x1B6B, 0x1B6C, 0x1B6D, 0x1B74, 0x1BAA, 0x1BAC, 0x1BE6, 0x1BE7, 0x1BF2, 0x1BF4, 0x1C37,
        0x1C38, 0x1CD0, 0x1CD3, 0x1CD4, 0x1CD5, 0x1CDA, 0x1CDC, 0x1CE0, 0x1CE1, 0x1CE2, 0x1CE9, 0x1CED,
        0x1CEE, 0x1CF4, 0x1CF5, 0x1CF8, 0x1CFA, 0x1DC0, 0x1DC2, 0x1DC3, 0x1DCA, 0x1DCB, 0x1DCD, 0x1DCE,
        0x1DCF, 0x1DD0, 0x1DD1, 0x1DF6, 0x1DF7, 0x1DF9, 0x1DFA, 0x1DFB, 0x1DFC, 0x1DFD, 0x1DFE, 0x1DFF,
        0x1E00, 0x20D0, 0x20D2, 0x20D4, 0x20D8, 0x20DB, 0x20DD, 0x20E1, 0x20E2, 0x20E5, 0x20E7, 0x20E8,
        0x20E9, 0x20EA, 0x20EC, 0x20F0, 0x20F1, 0x2CEF, 0x2CF2, 0x2D7F, 0x2D80, 0x2DE0, 0x2E00, 0x302A,
        0x302B, 0x302C, 0x302D, 0x302E, 0x3030, 0x3099, 0x309B, 0xA66F, 0xA670, 0xA674, 0xA67E, 0xA69E,
        0xA6A0, 0xA6F0, 0xA6F2, 0xA806, 0xA807, 0xA82C, 0xA82D, 0xA8C4, 0xA8C5, 0xA8E0, 0xA8F2, 0xA92B,
        0xA92E, 0xA953, 0xA954, 0xA9B3, 0xA9B4, 0xA9C0, 0xA9C1, 0xAAB0, 0xAAB1, 0xAAB2, 0xAAB4, 0xAAB5,
        0xAAB7, 0xAAB9, 0xAABE, 0xAAC0, 0xAAC1, 0xAAC2, 0xAAF6, 0xAAF7, 0xABED, 0xABEE, 0xFB1E, 0xFB1F,
        0xFE20, 0xFE27, 0xFE2E, 0xFE30, 0x101FD, 0x101FE, 0x102E0, 0x102E1, 0x10376, 0x1037B, 0x10A0D, 0x10A0E,
        0x10A0F, 0x10A10, 0x10A38, 0x10A39, 0x10A3A, 0x10A3B, 0x10A3F, 0x10A40, 0x10AE5, 0x10AE6, 0x10AE7, 0x10D24,
        0x10D28, 0x10D69, 0x10D6E, 0x10EAB, 0x10EAD, 0x10EFA, 0x10EFC, 0x10EFD, 0x10F00, 0x10F46, 0x10F48, 0x10F4B,
        0x10F4C, 0x10F4D, 0x10F51, 0x10F82, 0x10F83, 0x10F84, 0x10F85, 0x10F86, 0x11046, 0x11047, 0x11070, 0x11071,
        0x1107F, 0x11080, 0x110B9, 0x110BA, 0x110BB, 0x11100, 0x11103, 0x11133, 0x11135, 0x11173, 0x11174, 0x111C0,
        0x111C1, 0x111CA, 0x111CB, 0x11235, 0x11236, 0x11237, 0x112E9, 0x112EA, 0x112EB, 0x1133B, 0x1133D, 0x1134D,
        0x1134E, 0x11366, 0x1136D, 0x11370, 0x11375, 0x113CE, 0x113D1, 0x11442, 0x11443, 0x11446, 0x11447, 0x1145E,
        0x1145F, 0x114C2, 0x114C3, 0x114C4, 0x115BF, 0x115C0, 0x115C1, 0x1163F, 0x11640, 0x116B6, 0x116B7, 0x116B8,
        0x1172B, 0x1172C, 0x11839, 0x1183A, 0x1183B, 0x1193D, 0x1193F, 0x11943, 0x11944, 0x119E0, 0x119E1, 0x11A34,
        0x11A35, 0x11A47, 0x11A48, 0x11A99, 0x11A9A, 0x11C3F, 0x11C40, 0x11D42, 0x11D43, 0x11D44, 0x11D46, 0x11D97,
        0x11D98, 0x11F41, 0x11F43, 0x1612F, 0x16130, 0x16AF0, 0x16AF5, 0x16B30, 0x16B37, 0x16FF0, 0x16FF2, 0x1BC9E,
        0x1BC9F, 0x1D165, 0x1D167, 0x1D16A, 0x1D16D, 0x1D16E, 0x1D173, 0x1D17B, 0x1D183, 0x1D185, 0x1D18A, 0x1D18C,
        0x1D1AA, 0x1D1AE, 0x1D242, 0x1D245, 0x1E000, 0x1E007, 0x1E008, 0x1E019, 0x1E01B, 0x1E022, 0x1E023, 0x1E025,
        0x1E026, 0x1E02B, 0x1E08F, 0x1E090, 0x1E130, 0x1E137, 0x1E2AE, 0x1E2AF, 0x1E2EC, 0x1E2F0, 0x1E4EC, 0x1E4EE,
        0x1E4EF, 0x1E4F0, 0x1E5EE, 0x1E5EF, 0x1E5F0, 0x1E6E3, 0x1E6E4, 0x1E6E6, 0x1E6E7, 0x1E6EE, 0x1E6F0, 0x1E6F5,
        0x1E6F6, 0x1E8D0, 0x1E8D7, 0x1E944, 0x1E94A, 0x1E94B,
    ];

    internal static readonly byte[] CombiningClassValues =
    [
        0, 230, 232, 220, 232, 216, 220, 202, 220, 202, 220, 1,
        220, 230, 240, 230, 220, 230, 220, 0, 230, 220, 230, 232,
        220, 230, 233, 234, 233, 234, 233, 230, 0, 230, 0, 220,
        230, 220, 230, 222, 220, 230, 220, 230, 220, 230, 222, 228,
        230, 10, 11, 12, 13, 14, 15, 16, 17, 18, 19, 20,
        21, 22, 0, 23, 0, 24, 25, 0, 230, 220, 0, 18,
        0, 230, 30, 31, 32, 0, 27, 28, 29, 30, 31, 32,
        33, 34, 230, 220, 230, 220, 230, 220, 0, 35, 0, 230,
        0, 230, 220, 230, 0, 230, 0, 220, 230, 220, 0, 36,
        0, 230, 220, 230, 220, 230, 220, 230, 220, 230, 220, 230,
        220, 230, 220, 230, 220, 230, 220, 230, 0, 230, 220, 230,
        0, 220, 0, 230, 0, 230, 0, 230, 0, 230, 0, 220,
        0, 230, 220, 230, 0, 230, 220, 230, 0, 220, 230, 220,
        230, 220, 230, 220, 27, 28, 29, 230, 220, 230, 220, 230,
        0, 7, 0, 9, 0, 230, 220, 230, 0, 7, 0, 9,
        0, 230, 0, 7, 0, 9, 0, 7, 0, 9, 0, 7,
        0, 9, 0, 9, 0, 7, 0, 9, 0, 84, 91, 0,
        7, 0, 9, 0, 9, 0, 9, 0, 9, 0, 103, 9,
        0, 107, 0, 118, 9, 0, 122, 0, 220, 0, 220, 0,
        220, 0, 216, 0, 129, 130, 0, 132, 0, 130, 0, 130,
        0, 230, 9, 0, 230, 0, 220, 0, 7, 0, 9, 0,
        220, 0, 230, 0, 9, 0, 9, 0, 9, 0, 230, 0,
        228, 0, 222, 230, 220, 0, 230, 220, 0, 9, 0, 230,
        0, 220, 0, 230, 220, 230, 220, 0, 220, 230, 220, 230,
        220, 230, 220, 0, 230, 220, 230, 234, 0, 7, 0, 9,
        0, 230, 220, 230, 0, 9, 0, 7, 0, 9, 0, 7,
        0, 230, 0, 1, 220, 230, 220, 230, 0, 1, 0, 220,
        0, 230, 0, 230, 0, 230, 220, 230, 220, 230, 234, 214,
        220, 202, 230, 232, 228, 220, 218, 230, 233, 220, 230, 220,
        0, 230, 1, 230, 1, 230, 0, 230, 0, 1, 230, 220,
        230, 1, 220, 230, 0, 230, 0, 9, 0, 230, 0, 218,
        228, 232, 222, 224, 0, 8, 0, 230, 0, 230, 0, 230,
        0, 230, 0, 9, 0, 9, 0, 9, 0, 230, 0, 220,
        0, 9, 0, 7, 0, 9, 0, 230, 0, 230, 220, 0,
        230, 0, 230, 0, 230, 0, 9, 0, 9, 0, 26, 0,
        230, 220, 230, 0, 220, 0, 220, 0, 230, 0, 220, 0,
        230, 0, 230, 1, 220, 0, 9, 0, 230, 220, 0, 230,
        0, 230, 0, 230, 0, 220, 0, 220, 0, 220, 230, 220,
        230, 220, 0, 230, 220, 230, 220, 0, 9, 0, 9, 0,
        9, 0, 9, 7, 0, 230, 0, 9, 0, 7, 0, 9,
        0, 7, 0, 9, 7, 0, 7, 9, 0, 7, 0, 9,
        0, 230, 0, 230, 0, 9, 0, 9, 0, 7, 0, 230,
        0, 9, 7, 0, 9, 7, 0, 9, 0, 9, 7, 0,
        9, 0, 9, 7, 0, 9, 0, 7, 0, 9, 0, 9,
        0, 9, 0, 9, 0, 9, 0, 7, 0, 9, 0, 9,
        0, 9, 0, 9, 0, 1, 0, 230, 0, 6, 0, 1,
        0, 216, 1, 0, 226, 216, 0, 220, 0, 230, 220, 0,
        230, 0, 230, 0, 230, 0, 230, 0, 230, 0, 230, 0,
        230, 0, 230, 0, 230, 0, 230, 0, 230, 0, 232, 220,
        230, 0, 230, 220, 0, 230, 0, 230, 0, 230, 0, 230,
        0, 220, 0, 230, 7, 0,
    ];
}
